{"type":"FeatureCollection","name":"real_chuo_route_lines","crs":{"type":"name","properties":{"name":"EPSG:4326"}},"features":[{"type":"Feature","geometry":{"type":"LineString","coordinates":[[139.7652352,35.6715701],[139.7657558,35.6720502],[139.7657477,35.6720921],[139.7654698,35.6722847],[139.7654604,35.6722916],[139.7654285,35.6723131],[139.7654097,35.6723266],[139.7653896,35.6723411],[139.7652691,35.6724257],[139.7651321,35.6725159],[139.7651221,35.6725233],[139.765099,35.6725403],[139.7650702,35.6725616],[139.7650619,35.6725678],[139.764939,35.6726572],[139.7647787,35.6727748],[139.7647617,35.6727842],[139.7647741,35.672796],[139.764799,35.6728181],[139.7647511,35.6728511],[139.7647067,35.6728837],[139.7647356,35.6729115],[139.7647466,35.672931],[139.7644232,35.6731716],[139.7644145,35.6731919],[139.76442,35.6732113],[139.7650646,35.6740673],[139.7650852,35.6740946],[139.7651036,35.6740999],[139.7651217,35.6741229],[139.7651388,35.6741462],[139.7651607,35.674176],[139.7651777,35.6742052],[139.7651775,35.6742335],[139.7651966,35.6742705],[139.7656257,35.6748426],[139.7657771,35.6750444],[139.7657917,35.6750638],[139.7658371,35.675098],[139.7658584,35.6751258],[139.7658857,35.6751553],[139.7659094,35.675183],[139.7659237,35.6751993],[139.7659163,35.67521],[139.7659176,35.6752285],[139.7659236,35.675237],[139.7659352,35.6752533],[139.7659941,35.6753364],[139.7660036,35.6753489],[139.7660115,35.6753593],[139.7660972,35.6754652],[139.7661263,35.6754717],[139.7661588,35.675526],[139.766179,35.6755605],[139.7662044,35.6756039],[139.7662174,35.6756312],[139.7662299,35.6756604],[139.7663717,35.6758621],[139.7663901,35.6758887],[139.7664834,35.6760207],[139.7667634,35.6764154],[139.7669785,35.6767701],[139.7671194,35.6769922],[139.7671891,35.6770508],[139.7672645,35.6770888],[139.7672992,35.6771443],[139.7673663,35.6772499],[139.7674105,35.67732],[139.7673718,35.6774025],[139.7675971,35.6777419],[139.7678455,35.6781226],[139.7679984,35.6783719],[139.768011,35.6783915],[139.7680953,35.6785222],[139.768242,35.6787493],[139.7682656,35.6787853],[139.768291,35.6788243],[139.768312,35.6788566],[139.7687159,35.6794886],[139.7689789,35.6793855],[139.7691166,35.6795958],[139.7691723,35.6795739],[139.7688519,35.6790668],[139.7688061,35.6790859],[139.7689475,35.679319],[139.7690351,35.6792853]]},"properties":{"routeId":"osm_route_01_001","originId":"route_origin_ginza_001","originName":"Ginza controlled route test origin","shelterId":"chuo_official_emergency_001","shelterName":"城東小学校","plateauBuildingId":"13102-bldg-3742","routeDistanceMeters":1231.384,"estimatedTravelTimeSeconds":1026.153,"routeSource":"OSM","routeType":"estimated_pedestrian_route","isOfficialEvacuationRoute":false}},{"type":"Feature","geometry":{"type":"LineString","coordinates":[[139.7652352,35.6715701],[139.7657558,35.6720502],[139.765785,35.6720772],[139.7658143,35.6721042],[139.7658429,35.6721307],[139.7658624,35.6721496],[139.7658782,35.6721649],[139.7666925,35.6729378],[139.7667211,35.6729186],[139.7667496,35.6728994],[139.7668254,35.6729725],[139.7668828,35.6730257],[139.767658,35.6737457],[139.7677003,35.6737849],[139.7677657,35.6738456],[139.767824,35.6739006],[139.7686091,35.6746412],[139.7686536,35.6746835],[139.7687537,35.6747814],[139.7688353,35.6747596],[139.7689585,35.6747266],[139.7690152,35.6746897],[139.7692171,35.6745584],[139.7695383,35.6743414],[139.7696956,35.674259],[139.7697946,35.6742092],[139.7700395,35.6740898],[139.7700922,35.6740641],[139.7701426,35.6740474],[139.7705546,35.6739096],[139.7706103,35.673891],[139.7707411,35.6738472],[139.7708222,35.673823],[139.7708982,35.6737997],[139.7709796,35.6737805],[139.7710997,35.6737583],[139.7711684,35.6737452],[139.7713328,35.6737138],[139.7715151,35.6736807],[139.7715876,35.6736674],[139.7716464,35.6736459],[139.7716276,35.6736026],[139.7716286,35.6735959],[139.7721235,35.6734161],[139.7721289,35.6733943],[139.7720503,35.6731575],[139.7719803,35.6731709]]},"properties":{"routeId":"osm_route_01_002","originId":"route_origin_ginza_001","originName":"Ginza controlled route test origin","shelterId":"chuo_official_emergency_002","shelterName":"京橋プラザ","plateauBuildingId":"13102-bldg-8069","routeDistanceMeters":869.882,"estimatedTravelTimeSeconds":724.902,"routeSource":"OSM","routeType":"estimated_pedestrian_route","isOfficialEvacuationRoute":false}},{"type":"Feature","geometry":{"type":"LineString","coordinates":[[139.7652352,35.6715701],[139.7651121,35.6714566],[139.7650181,35.6714369],[139.7648663,35.6715486],[139.764775,35.6716158],[139.7647605,35.6716264],[139.7647372,35.6716436],[139.7647033,35.6716236],[139.7646604,35.6716176],[139.7646035,35.6716311],[139.764397,35.6717858],[139.7640245,35.6720555],[139.7639598,35.6721016],[139.7638743,35.6721588],[139.7636399,35.672316],[139.763457,35.6724435],[139.7633306,35.6725323],[139.7632529,35.6725213],[139.7631752,35.6725123],[139.7630608,35.6725006],[139.7630166,35.6724961],[139.7629839,35.6725413],[139.7627664,35.6726722],[139.7627093,35.6726706],[139.762673,35.6726772],[139.7618707,35.6719208],[139.7618293,35.6718817],[139.7617555,35.6719138],[139.7613478,35.6719571]]},"properties":{"routeId":"osm_route_01_003","originId":"route_origin_ginza_001","originName":"Ginza controlled route test origin","shelterId":"chuo_official_emergency_003","shelterName":"泰明小学校","plateauBuildingId":"13102-bldg-5702","routeDistanceMeters":454.365,"estimatedTravelTimeSeconds":378.638,"routeSource":"OSM","routeType":"estimated_pedestrian_route","isOfficialEvacuationRoute":false}},{"type":"Feature","geometry":{"type":"LineString","coordinates":[[139.7652352,35.6715701],[139.7651121,35.6714566],[139.7651425,35.6714298],[139.7651753,35.6714051],[139.7652342,35.6713606],[139.765259,35.6713419],[139.7652831,35.6713226],[139.7652979,35.6712359],[139.7653191,35.6712105],[139.7653872,35.671158],[139.7656712,35.6709394],[139.7656772,35.6709356],[139.7657006,35.6709208],[139.7657333,35.670894],[139.7657416,35.6708885],[139.7657793,35.6708584],[139.7660855,35.6706244],[139.7661497,35.6705709],[139.7661879,35.6705335],[139.7662177,35.6705054],[139.766237,35.6704894],[139.7662809,35.6704529],[139.7665605,35.670221],[139.7665832,35.6702022],[139.766603,35.6701875],[139.7666261,35.6701708],[139.7666664,35.6701388],[139.7666838,35.670125],[139.7667179,35.6700973],[139.7667457,35.6700762],[139.7667709,35.670065],[139.7667824,35.6700446],[139.7668231,35.670015],[139.7669336,35.6699184],[139.7669722,35.6698955],[139.7669569,35.669873],[139.76691,35.6698214],[139.766825,35.6697279],[139.7667786,35.6696768],[139.7667491,35.6696483],[139.7667525,35.6696362],[139.7667525,35.6695948],[139.7667391,35.6695643],[139.7660457,35.6689688],[139.7660751,35.6689455],[139.7661138,35.6689154],[139.766018,35.6688269],[139.7661765,35.6686931],[139.7660751,35.6686117],[139.7658634,35.6684415],[139.7656626,35.6682713],[139.7657106,35.6682282],[139.7656892,35.66821],[139.765313,35.6679104],[139.7653103,35.6678907],[139.7653143,35.6678717],[139.7652976,35.6678548],[139.7652612,35.6678261],[139.7652265,35.6677987],[139.7651995,35.6677868],[139.7651713,35.6677835],[139.7644753,35.6672246],[139.7644028,35.6671374],[139.7643935,35.6670993],[139.7644122,35.66706],[139.7645933,35.666901],[139.7646235,35.6668775],[139.7646523,35.6668552],[139.7648494,35.6666929],[139.7648906,35.6666613],[139.7649205,35.6666384],[139.765358,35.6662715],[139.7653413,35.6662568],[139.7653163,35.6662362],[139.7652461,35.6661784],[139.7652025,35.6661424],[139.7651853,35.6661242],[139.765195,35.666108],[139.7651892,35.6660737],[139.7650039,35.6659236],[139.764987,35.6659096],[139.764969,35.6658947],[139.7647666,35.6657447]]},"properties":{"routeId":"osm_route_01_004","originId":"route_origin_ginza_001","originName":"Ginza controlled route test origin","shelterId":"chuo_official_emergency_004","shelterName":"銀座中学校","plateauBuildingId":"13102-bldg-3140","routeDistanceMeters":894.862,"estimatedTravelTimeSeconds":745.718,"routeSource":"OSM","routeType":"estimated_pedestrian_route","isOfficialEvacuationRoute":false}},{"type":"Feature","geometry":{"type":"LineString","coordinates":[[139.7652352,35.6715701],[139.7657558,35.6720502],[139.765785,35.6720772],[139.7658143,35.6721042],[139.7658429,35.6721307],[139.7658624,35.6721496],[139.7658782,35.6721649],[139.7666925,35.6729378],[139.7667211,35.6729186],[139.7667496,35.6728994],[139.7668254,35.6729725],[139.7668828,35.6730257],[139.767658,35.6737457],[139.7677003,35.6737849],[139.7677657,35.6738456],[139.767824,35.6739006],[139.7686091,35.6746412],[139.7686536,35.6746835],[139.7687537,35.6747814],[139.7688353,35.6747596],[139.7689585,35.6747266],[139.7690152,35.6746897],[139.7692171,35.6745584],[139.7695383,35.6743414],[139.7696956,35.674259],[139.7697946,35.6742092],[139.7700395,35.6740898],[139.7700922,35.6740641],[139.7701426,35.6740474],[139.7705546,35.6739096],[139.7706103,35.673891],[139.7707411,35.6738472],[139.7708222,35.673823],[139.7708982,35.6737997],[139.7709796,35.6737805],[139.7710997,35.6737583],[139.7711684,35.6737452],[139.7713328,35.6737138],[139.7715151,35.6736807],[139.7715876,35.6736674],[139.7716464,35.6736459],[139.7721952,35.6734449],[139.7721761,35.6733838],[139.7722103,35.6733743],[139.7722519,35.6733678],[139.772373,35.6733312],[139.772545,35.6732801],[139.7726938,35.6732363],[139.7727015,35.6732287],[139.7730086,35.6731503],[139.7730564,35.6731358],[139.7730778,35.6731802],[139.7734482,35.6731521],[139.7738124,35.6731244],[139.7740726,35.6731047],[139.7741728,35.6730989],[139.7742969,35.6730895],[139.7747626,35.6730614],[139.7749615,35.6730494],[139.7752092,35.6730357],[139.7756472,35.6730116],[139.775966,35.6729873],[139.7760988,35.6729807],[139.7762449,35.6729726],[139.7763831,35.6729641],[139.7769885,35.6729301],[139.7777742,35.672872],[139.7777551,35.6728249],[139.7776789,35.6725755],[139.7783591,35.6723916],[139.7783881,35.6724712],[139.7789091,35.6723783]]},"properties":{"routeId":"osm_route_01_005","originId":"route_origin_ginza_001","originName":"Ginza controlled route test origin","shelterId":"chuo_official_emergency_005","shelterName":"中央小学校","plateauBuildingId":"13102-bldg-3228","routeDistanceMeters":1511.783,"estimatedTravelTimeSeconds":1259.819,"routeSource":"OSM","routeType":"estimated_pedestrian_route","isOfficialEvacuationRoute":false}},{"type":"Feature","geometry":{"type":"LineString","coordinates":[[139.7652352,35.6715701],[139.7657558,35.6720502],[139.765785,35.6720772],[139.7658143,35.6721042],[139.76588,35.6720607],[139.7659316,35.6720259],[139.7659977,35.6719798],[139.7664669,35.6716552],[139.7669174,35.6713381],[139.7669672,35.6713031],[139.7670324,35.6712599],[139.7672162,35.6711382],[139.7675576,35.670917],[139.7678018,35.6707363],[139.7678823,35.6706767],[139.7680771,35.6705424],[139.7681649,35.6704768],[139.7683947,35.6703049],[139.7686619,35.6701092],[139.768856,35.6699661],[139.7688797,35.6699854],[139.7688955,35.6699972],[139.7689156,35.6699934],[139.7689261,35.669995],[139.7689411,35.6699972],[139.7689599,35.6700054],[139.7693803,35.6703682],[139.7693951,35.6703791],[139.7694274,35.6703533],[139.7699166,35.6707657],[139.7699712,35.6708118],[139.770011,35.6708508],[139.7704955,35.6713251],[139.770867,35.6716875],[139.7709132,35.6717393],[139.7710716,35.6716374],[139.7712015,35.6715579],[139.7714933,35.671429],[139.7715631,35.6714007],[139.7716477,35.6713666],[139.7716664,35.6713591],[139.7719404,35.6712535],[139.7721708,35.6713762],[139.7722136,35.6713821],[139.7722612,35.6713748],[139.7722953,35.6713449],[139.772338,35.6713269],[139.7725269,35.6712521],[139.7729376,35.671088],[139.7731331,35.671],[139.7732335,35.6709605],[139.7733374,35.6709162],[139.7737385,35.6707429],[139.7742225,35.6705349],[139.7745089,35.6704114],[139.7747038,35.6703355],[139.7748315,35.6702847],[139.7749171,35.6702526],[139.7750147,35.6701725],[139.7752207,35.6701164],[139.7757969,35.669959],[139.7772501,35.6695606],[139.7772017,35.669449],[139.7768758,35.668653],[139.7768523,35.6685957]]},"properties":{"routeId":"osm_route_01_006","originId":"route_origin_ginza_001","originName":"Ginza controlled route test origin","shelterId":"chuo_official_emergency_006","shelterName":"明石小学校","plateauBuildingId":"13102-bldg-3751","routeDistanceMeters":1470.011,"estimatedTravelTimeSeconds":1225.009,"routeSource":"OSM","routeType":"estimated_pedestrian_route","isOfficialEvacuationRoute":false}},{"type":"Feature","geometry":{"type":"LineString","coordinates":[[139.7652352,35.6715701],[139.7657558,35.6720502],[139.765785,35.6720772],[139.7658143,35.6721042],[139.76588,35.6720607],[139.7659316,35.6720259],[139.7659977,35.6719798],[139.7664669,35.6716552],[139.7669174,35.6713381],[139.7669672,35.6713031],[139.7670324,35.6712599],[139.7672162,35.6711382],[139.7675576,35.670917],[139.7678018,35.6707363],[139.7678823,35.6706767],[139.7680771,35.6705424],[139.7681649,35.6704768],[139.7683947,35.6703049],[139.7686619,35.6701092],[139.768856,35.6699661],[139.7689251,35.6699152],[139.7689785,35.6698766],[139.7692434,35.6696855],[139.7694543,35.6695214],[139.7695107,35.66948],[139.7695377,35.6694605],[139.7695701,35.6694371],[139.7698472,35.6692368],[139.769868,35.6692218],[139.769906,35.6691942],[139.7699815,35.6691426],[139.7705773,35.6687351],[139.7708804,35.668512],[139.7709769,35.6684414],[139.7710717,35.6683746],[139.7710363,35.6683387]]},"properties":{"routeId":"osm_route_01_007","originId":"route_origin_ginza_001","originName":"Ginza controlled route test origin","shelterId":"chuo_official_emergency_007","shelterName":"京橋築地小学校","plateauBuildingId":"13102-bldg-2853","routeDistanceMeters":714.915,"estimatedTravelTimeSeconds":595.763,"routeSource":"OSM","routeType":"estimated_pedestrian_route","isOfficialEvacuationRoute":false}},{"type":"Feature","geometry":{"type":"LineString","coordinates":[[139.7652352,35.6715701],[139.7657558,35.6720502],[139.765785,35.6720772],[139.7658143,35.6721042],[139.7658429,35.6721307],[139.7658624,35.6721496],[139.7658782,35.6721649],[139.7666925,35.6729378],[139.7667326,35.6729753],[139.7667424,35.6729847],[139.7667707,35.6730115],[139.7668037,35.6730422],[139.7668236,35.6730607],[139.7668285,35.6730653],[139.7673422,35.6735435],[139.7676429,35.6738234],[139.7676609,35.6738402],[139.7676534,35.67386],[139.7676718,35.6738675],[139.767698,35.6738932],[139.7677174,35.6739122],[139.7677397,35.6739485],[139.7677474,35.6739557],[139.7681387,35.6743216],[139.7685688,35.6747237],[139.7685732,35.6747447],[139.7685665,35.6747643],[139.7685899,35.6747676],[139.7686367,35.6748128],[139.7686676,35.6748427],[139.7686764,35.6748717],[139.7687138,35.674878],[139.7687621,35.6749063],[139.7687724,35.6749199],[139.7688613,35.6750381],[139.7689941,35.6751961],[139.7690602,35.6753005],[139.7690699,35.6753295],[139.7690943,35.6753669],[139.7691705,35.6753501],[139.7692567,35.6753381],[139.7693416,35.6753107],[139.7697657,35.6751618],[139.7706257,35.6748489],[139.7707062,35.6749694],[139.7708488,35.6752037],[139.77137,35.6750109],[139.7713762,35.6750222],[139.7714115,35.6750731],[139.7715371,35.6752709],[139.7716271,35.6752351],[139.7718491,35.6751441],[139.7719184,35.6751167],[139.7719953,35.6751678],[139.7720511,35.675161],[139.7723674,35.675032],[139.7723817,35.6750248],[139.7724562,35.6749871],[139.7724842,35.6750295],[139.7726102,35.6749784],[139.7732117,35.6747331],[139.7733048,35.6747845],[139.7733701,35.6747649],[139.7734808,35.6747453],[139.7738336,35.6747157],[139.7742852,35.6746967],[139.7744278,35.6746907],[139.7745562,35.6746857],[139.774583,35.6747331],[139.7748765,35.674728],[139.7757689,35.6747124]]},"properties":{"routeId":"osm_route_01_008","originId":"route_origin_ginza_001","originName":"Ginza controlled route test origin","shelterId":"chuo_official_emergency_008","shelterName":"京華スクエア","plateauBuildingId":"13102-bldg-8277","routeDistanceMeters":1241.622,"estimatedTravelTimeSeconds":1034.685,"routeSource":"OSM","routeType":"estimated_pedestrian_route","isOfficialEvacuationRoute":false}},{"type":"Feature","geometry":{"type":"LineString","coordinates":[[139.7652352,35.6715701],[139.7657558,35.6720502],[139.765785,35.6720772],[139.7658143,35.6721042],[139.7658429,35.6721307],[139.7658624,35.6721496],[139.7658782,35.6721649],[139.7666925,35.6729378],[139.7667326,35.6729753],[139.7667424,35.6729847],[139.7667707,35.6730115],[139.7668037,35.6730422],[139.7668236,35.6730607],[139.7668285,35.6730653],[139.7673422,35.6735435],[139.7676429,35.6738234],[139.7676609,35.6738402],[139.7676534,35.67386],[139.7676718,35.6738675],[139.767698,35.6738932],[139.7677174,35.6739122],[139.7677397,35.6739485],[139.7677474,35.6739557],[139.7681387,35.6743216],[139.7685688,35.6747237],[139.7685732,35.6747447],[139.7685665,35.6747643],[139.7685899,35.6747676],[139.7686367,35.6748128],[139.7686676,35.6748427],[139.7686764,35.6748717],[139.7687138,35.674878],[139.7687621,35.6749063],[139.7687724,35.6749199],[139.7688613,35.6750381],[139.7689941,35.6751961],[139.7690602,35.6753005],[139.7690699,35.6753295],[139.7690943,35.6753669],[139.7691705,35.6753501],[139.7692567,35.6753381],[139.7693416,35.6753107],[139.7697657,35.6751618],[139.7706257,35.6748489],[139.7707062,35.6749694],[139.7708488,35.6752037],[139.77137,35.6750109],[139.7713762,35.6750222],[139.7714115,35.6750731],[139.7715371,35.6752709],[139.7716271,35.6752351],[139.7718491,35.6751441],[139.7719184,35.6751167],[139.7719953,35.6751678],[139.7720511,35.675161],[139.7723674,35.675032],[139.7723817,35.6750248],[139.7724562,35.6749871],[139.7724842,35.6750295],[139.7726102,35.6749784],[139.7732117,35.6747331],[139.7733048,35.6747845],[139.7733701,35.6747649],[139.7734808,35.6747453],[139.7738336,35.6747157],[139.7742852,35.6746967],[139.7744278,35.6746907],[139.7745562,35.6746857],[139.7748539,35.674674],[139.7757196,35.6746605],[139.7757663,35.6746598],[139.7759024,35.6746577],[139.7763541,35.6746485],[139.7765537,35.6746467],[139.7766356,35.6746459],[139.7768139,35.6746443],[139.7769467,35.6746428],[139.7771487,35.6746412],[139.7773425,35.6746387],[139.7773736,35.6746913],[139.7776433,35.6746862],[139.7776961,35.6746853],[139.7777532,35.6746843],[139.7778326,35.6746844],[139.7784843,35.6746853],[139.778549,35.6746854],[139.7785917,35.674685],[139.7786521,35.6746844],[139.7787173,35.6746833],[139.7791229,35.6746761],[139.7791799,35.6746752],[139.7792413,35.6746754],[139.7796369,35.6746656],[139.7796715,35.6746647],[139.7797951,35.6746616],[139.779887,35.6746596],[139.779907,35.6746609],[139.7799193,35.6746632],[139.7803221,35.6747406],[139.7804002,35.6747556],[139.7805677,35.6747913],[139.7809643,35.6748995],[139.7812189,35.6749732],[139.7812998,35.6749966],[139.7813181,35.6750155],[139.7813185,35.6750461],[139.7814408,35.6750788],[139.7815633,35.6751115],[139.7816317,35.6751126],[139.7819923,35.6752452],[139.7820557,35.6752685],[139.7821318,35.6752942],[139.7821413,35.6753512],[139.7822057,35.675447],[139.7825785,35.6757964],[139.7826087,35.6758247],[139.7824315,35.6759555],[139.7821252,35.6761817]]},"properties":{"routeId":"osm_route_01_009","originId":"route_origin_ginza_001","originName":"Ginza controlled route test origin","shelterId":"chuo_official_emergency_009","shelterName":"明正小学校","plateauBuildingId":"13102-bldg-11364","routeDistanceMeters":1965.335,"estimatedTravelTimeSeconds":1637.779,"routeSource":"OSM","routeType":"estimated_pedestrian_route","isOfficialEvacuationRoute":false}},{"type":"Feature","geometry":{"type":"LineString","coordinates":[[139.7652352,35.6715701],[139.7657558,35.6720502],[139.7657477,35.6720921],[139.7654698,35.6722847],[139.7654604,35.6722916],[139.7654285,35.6723131],[139.7654097,35.6723266],[139.7653896,35.6723411],[139.7652691,35.6724257],[139.7651321,35.6725159],[139.7651221,35.6725233],[139.765099,35.6725403],[139.7650702,35.6725616],[139.7650619,35.6725678],[139.764939,35.6726572],[139.7647787,35.6727748],[139.7647617,35.6727842],[139.7647741,35.672796],[139.764799,35.6728181],[139.7647511,35.6728511],[139.7647067,35.6728837],[139.7647356,35.6729115],[139.7647466,35.672931],[139.7644232,35.6731716],[139.7644145,35.6731919],[139.76442,35.6732113],[139.7650646,35.6740673],[139.7650852,35.6740946],[139.7651036,35.6740999],[139.7651217,35.6741229],[139.7651388,35.6741462],[139.7651607,35.674176],[139.7651777,35.6742052],[139.7651775,35.6742335],[139.7651966,35.6742705],[139.7656257,35.6748426],[139.7657771,35.6750444],[139.7657917,35.6750638],[139.7658371,35.675098],[139.7658584,35.6751258],[139.7658857,35.6751553],[139.7659094,35.675183],[139.7659237,35.6751993],[139.7659163,35.67521],[139.7659176,35.6752285],[139.7659236,35.675237],[139.7659352,35.6752533],[139.7659941,35.6753364],[139.7660036,35.6753489],[139.7660115,35.6753593],[139.7660972,35.6754652],[139.7661263,35.6754717],[139.7661588,35.675526],[139.766179,35.6755605],[139.7662044,35.6756039],[139.7662174,35.6756312],[139.7662299,35.6756604],[139.7663717,35.6758621],[139.7663901,35.6758887],[139.7664834,35.6760207],[139.7667634,35.6764154],[139.7669785,35.6767701],[139.7671194,35.6769922],[139.7671891,35.6770508],[139.7672645,35.6770888],[139.7672992,35.6771443],[139.7673663,35.6772499],[139.7674105,35.67732],[139.7673718,35.6774025],[139.7675971,35.6777419],[139.7678455,35.6781226],[139.7679984,35.6783719],[139.768011,35.6783915],[139.7680953,35.6785222],[139.768242,35.6787493],[139.7682656,35.6787853],[139.768291,35.6788243],[139.768312,35.6788566],[139.7687159,35.6794886],[139.7687571,35.679553],[139.7690615,35.6797207],[139.7692429,35.6800285],[139.7691925,35.6800897],[139.7691709,35.6801173],[139.7691512,35.6801425],[139.7691369,35.6801637],[139.7692022,35.6802],[139.7692237,35.6802349],[139.7693075,35.6803705],[139.7693457,35.6804323],[139.7693717,35.6804788],[139.7694045,35.680469],[139.7694369,35.6804603],[139.7694325,35.6805211],[139.7694608,35.6807025],[139.7695673,35.6810732],[139.7697911,35.6814131],[139.7698302,35.6814671],[139.7700163,35.6817247],[139.7700972,35.6818363],[139.7701337,35.6818939],[139.7701692,35.6819507],[139.7704709,35.6824329],[139.7707363,35.6829392],[139.7709496,35.6833816],[139.7710246,35.6835235],[139.7710756,35.6836276],[139.7711315,35.6837449],[139.7713147,35.6842015],[139.7714011,35.6841819],[139.7714286,35.6842696],[139.7715024,35.684793],[139.7715137,35.6848847],[139.7715195,35.6849675],[139.7715222,35.6850164],[139.7715283,35.6850529],[139.7715339,35.6850741],[139.7715869,35.685094],[139.771553,35.6851902],[139.7715264,35.6852688],[139.7714379,35.6853014],[139.7713824,35.6854287],[139.7714109,35.6854525],[139.7713833,35.6855135],[139.7713624,35.6855615],[139.7712991,35.685601],[139.7708277,35.6865791],[139.770557,35.686975],[139.7704864,35.6870782],[139.7704381,35.6871488],[139.7703125,35.6873467],[139.7702611,35.6874276],[139.7703644,35.6876576],[139.7705223,35.687709],[139.7704767,35.6878028]]},"properties":{"routeId":"osm_route_01_010","originId":"route_origin_ginza_001","originName":"Ginza controlled route test origin","shelterId":"chuo_official_emergency_010","shelterName":"常盤小学校","plateauBuildingId":"13102-bldg-2872","routeDistanceMeters":2123.774,"estimatedTravelTimeSeconds":1769.812,"routeSource":"OSM","routeType":"estimated_pedestrian_route","isOfficialEvacuationRoute":false}},{"type":"Feature","geometry":{"type":"LineString","coordinates":[[139.7652352,35.6715701],[139.7657558,35.6720502],[139.765785,35.6720772],[139.7658143,35.6721042],[139.7658429,35.6721307],[139.7658624,35.6721496],[139.7658782,35.6721649],[139.7666925,35.6729378],[139.7667326,35.6729753],[139.7667424,35.6729847],[139.7667707,35.6730115],[139.7668037,35.6730422],[139.7668236,35.6730607],[139.7668285,35.6730653],[139.7673422,35.6735435],[139.7676429,35.6738234],[139.7676609,35.6738402],[139.7676534,35.67386],[139.7676718,35.6738675],[139.767698,35.6738932],[139.7677174,35.6739122],[139.7677397,35.6739485],[139.7677474,35.6739557],[139.7681387,35.6743216],[139.7685688,35.6747237],[139.7685732,35.6747447],[139.7685665,35.6747643],[139.7685899,35.6747676],[139.7686367,35.6748128],[139.7686676,35.6748427],[139.7686764,35.6748717],[139.7687138,35.674878],[139.7687621,35.6749063],[139.7687724,35.6749199],[139.7688613,35.6750381],[139.7689941,35.6751961],[139.7690602,35.6753005],[139.7690699,35.6753295],[139.7690943,35.6753669],[139.7691336,35.675427],[139.7691531,35.6754568],[139.7691693,35.6754808],[139.7693415,35.6757549],[139.7693857,35.6758323],[139.7695426,35.676085],[139.7695444,35.6761111],[139.7695453,35.6761232],[139.7695292,35.6761558],[139.7695476,35.6761843],[139.7695702,35.6762193],[139.7696362,35.6763215],[139.7696587,35.6763563],[139.7696792,35.6763882],[139.769727,35.676409],[139.7697502,35.676421],[139.7699633,35.6767648],[139.770213,35.6771615],[139.7702563,35.67723],[139.770374,35.6774165],[139.7705765,35.6777599],[139.7705868,35.6777876],[139.770601,35.6778258],[139.7706164,35.6778506],[139.770636,35.6778829],[139.7706681,35.6779183],[139.7706872,35.6779395],[139.7708499,35.6781933],[139.7712759,35.6788607],[139.7714411,35.6791146],[139.7714249,35.6791671],[139.771393,35.6792102],[139.7714108,35.6792388],[139.7714482,35.6792992],[139.7714743,35.6793413],[139.771502,35.6793861],[139.7715378,35.679444],[139.7715679,35.6794926],[139.7715922,35.6795318],[139.7716488,35.6795285],[139.771707,35.6795464],[139.7718069,35.6797157],[139.7720267,35.6800571],[139.7722182,35.6803681],[139.7722324,35.6803912],[139.7722529,35.6804255],[139.7724372,35.6807345],[139.7724678,35.6807856],[139.7724751,35.6807979],[139.7724963,35.6808335],[139.7725157,35.6808642],[139.7725274,35.6808827],[139.77255,35.6809184],[139.7727556,35.6812429],[139.7728485,35.6813895],[139.7728615,35.68141],[139.7728798,35.6814389],[139.772904,35.6814785],[139.7729174,35.6815004],[139.7730751,35.6817576],[139.7731951,35.6819534],[139.7733608,35.6822249],[139.773488,35.6824333],[139.7734657,35.6824896],[139.7734776,35.6825103],[139.7735058,35.6825594],[139.77356,35.6826535],[139.7735837,35.6826946],[139.7736013,35.6827253],[139.7736872,35.6827438],[139.7738401,35.682991],[139.7741219,35.6834465],[139.7741144,35.6834779],[139.7741188,35.6834942],[139.7741442,35.683549],[139.7741678,35.683607],[139.7741738,35.6836219],[139.7741972,35.683629],[139.774215,35.6836473],[139.7742328,35.6836788],[139.7742672,35.6837413],[139.7743289,35.6838807],[139.7744242,35.6842946],[139.7744539,35.6844822],[139.7744841,35.6844753],[139.7745523,35.6844599],[139.774561,35.6844915],[139.7746126,35.6845843],[139.7745593,35.6848128],[139.7745452,35.684848],[139.7745225,35.6849029],[139.7746482,35.6849388],[139.7751747,35.6850854],[139.7756165,35.6852085],[139.7758182,35.6852647],[139.7759961,35.6853143],[139.7766069,35.6854844],[139.7765856,35.6857466],[139.7765508,35.6861687],[139.7765153,35.6865995],[139.7764858,35.6869567],[139.7764454,35.6869961],[139.7764399,35.6870571],[139.7764345,35.6871152],[139.7764418,35.6871831],[139.7764995,35.6872264],[139.7764857,35.6872775],[139.7763173,35.6876617],[139.7761774,35.6879811],[139.7760003,35.6883853],[139.7759869,35.6884171],[139.7758277,35.6887807],[139.775694,35.6891121],[139.7756374,35.6892386],[139.7756186,35.6892806],[139.7755534,35.6894263],[139.7756191,35.6894887],[139.7756596,35.6895766],[139.7756686,35.6896561],[139.7756703,35.6897038],[139.7756693,35.6897429],[139.7756496,35.6899292],[139.7756229,35.6899901],[139.7763819,35.6902313],[139.7769494,35.690422],[139.7770285,35.6904659],[139.7768979,35.6907975]]},"properties":{"routeId":"osm_route_01_011","originId":"route_origin_ginza_001","originName":"Ginza controlled route test origin","shelterId":"chuo_official_emergency_011","shelterName":"十思スクエア","plateauBuildingId":"13102-bldg-15570","routeDistanceMeters":2656.259,"estimatedTravelTimeSeconds":2213.549,"routeSource":"OSM","routeType":"estimated_pedestrian_route","isOfficialEvacuationRoute":false}},{"type":"Feature","geometry":{"type":"LineString","coordinates":[[139.7652352,35.6715701],[139.7657558,35.6720502],[139.765785,35.6720772],[139.7658143,35.6721042],[139.7658429,35.6721307],[139.7658624,35.6721496],[139.7658782,35.6721649],[139.7666925,35.6729378],[139.7667326,35.6729753],[139.7667424,35.6729847],[139.7667707,35.6730115],[139.7668037,35.6730422],[139.7668236,35.6730607],[139.7668285,35.6730653],[139.7673422,35.6735435],[139.7676429,35.6738234],[139.7676609,35.6738402],[139.7676534,35.67386],[139.7676718,35.6738675],[139.767698,35.6738932],[139.7677174,35.6739122],[139.7677397,35.6739485],[139.7677474,35.6739557],[139.7681387,35.6743216],[139.7685688,35.6747237],[139.7685732,35.6747447],[139.7685665,35.6747643],[139.7685899,35.6747676],[139.7686367,35.6748128],[139.7686676,35.6748427],[139.7686764,35.6748717],[139.7687138,35.674878],[139.7687621,35.6749063],[139.7687724,35.6749199],[139.7688613,35.6750381],[139.7689941,35.6751961],[139.7690602,35.6753005],[139.7690699,35.6753295],[139.7690943,35.6753669],[139.7691336,35.675427],[139.7691531,35.6754568],[139.7691693,35.6754808],[139.7693415,35.6757549],[139.7693857,35.6758323],[139.7695426,35.676085],[139.7695444,35.6761111],[139.7695453,35.6761232],[139.7695292,35.6761558],[139.7695476,35.6761843],[139.7695702,35.6762193],[139.7696362,35.6763215],[139.7696587,35.6763563],[139.7696792,35.6763882],[139.769727,35.676409],[139.7697502,35.676421],[139.7699633,35.6767648],[139.770213,35.6771615],[139.7702563,35.67723],[139.770374,35.6774165],[139.7705765,35.6777599],[139.7705868,35.6777876],[139.770601,35.6778258],[139.7706164,35.6778506],[139.770636,35.6778829],[139.7706681,35.6779183],[139.7706872,35.6779395],[139.7708499,35.6781933],[139.7712759,35.6788607],[139.7714411,35.6791146],[139.7714249,35.6791671],[139.771393,35.6792102],[139.7714108,35.6792388],[139.7714482,35.6792992],[139.7714743,35.6793413],[139.771502,35.6793861],[139.7715378,35.679444],[139.7715679,35.6794926],[139.7715922,35.6795318],[139.7716488,35.6795285],[139.771707,35.6795464],[139.7718069,35.6797157],[139.7720267,35.6800571],[139.7722182,35.6803681],[139.7722324,35.6803912],[139.7722529,35.6804255],[139.7724372,35.6807345],[139.7724678,35.6807856],[139.7724751,35.6807979],[139.7724963,35.6808335],[139.7725157,35.6808642],[139.7725274,35.6808827],[139.77255,35.6809184],[139.7727556,35.6812429],[139.7728485,35.6813895],[139.7728805,35.6813769],[139.772921,35.6813609],[139.7729519,35.6814085],[139.7729895,35.681469],[139.773271,35.6819231],[139.7735421,35.6823586],[139.7735686,35.6824012],[139.7736341,35.6825088],[139.7736924,35.6826018],[139.7737621,35.6827142],[139.7739146,35.6829613],[139.7741653,35.6833708],[139.7741937,35.6834172],[139.7742529,35.6835246],[139.7743619,35.6835368],[139.7744431,35.683695],[139.7744966,35.6836805],[139.7745316,35.6836718],[139.7745744,35.6838421],[139.7746332,35.6840864],[139.7746771,35.6842549],[139.7747142,35.6843602],[139.77475,35.6844152],[139.7747719,35.6844289],[139.7748049,35.6844551],[139.7748953,35.68448],[139.7755591,35.6845674],[139.7764081,35.6846979],[139.7765596,35.6847175],[139.7766051,35.6847208],[139.7766592,35.684724],[139.77669,35.6847258],[139.7767158,35.6847273],[139.776816,35.6847332],[139.7770155,35.6847525],[139.7771204,35.6847598],[139.7772134,35.6847663],[139.7772119,35.6848083],[139.7774139,35.6848292],[139.7784328,35.6848354],[139.7784948,35.6848347],[139.7785691,35.6848415],[139.7786517,35.684849],[139.7787792,35.6848635],[139.7787998,35.684866],[139.7788034,35.6848835],[139.7788291,35.6848893],[139.779579,35.6850604],[139.7796087,35.6850691],[139.7796658,35.6850888],[139.7799246,35.6851638],[139.7799675,35.6851781],[139.7800027,35.685188],[139.7802928,35.6852719],[139.780339,35.6852932],[139.7806661,35.6848138],[139.781043,35.684367]]},"properties":{"routeId":"osm_route_01_012","originId":"route_origin_ginza_001","originName":"Ginza controlled route test origin","shelterId":"chuo_official_emergency_012","shelterName":"日本橋小学校","plateauBuildingId":"13102-bldg-12810","routeDistanceMeters":2359.465,"estimatedTravelTimeSeconds":1966.221,"routeSource":"OSM","routeType":"estimated_pedestrian_route","isOfficialEvacuationRoute":false}},{"type":"Feature","geometry":{"type":"LineString","coordinates":[[139.7652352,35.6715701],[139.7657558,35.6720502],[139.765785,35.6720772],[139.7658143,35.6721042],[139.7658429,35.6721307],[139.7658624,35.6721496],[139.7658782,35.6721649],[139.7666925,35.6729378],[139.7667326,35.6729753],[139.7667424,35.6729847],[139.7667707,35.6730115],[139.7668037,35.6730422],[139.7668236,35.6730607],[139.7668285,35.6730653],[139.7673422,35.6735435],[139.7676429,35.6738234],[139.7676609,35.6738402],[139.7676534,35.67386],[139.7676718,35.6738675],[139.767698,35.6738932],[139.7677174,35.6739122],[139.7677397,35.6739485],[139.7677474,35.6739557],[139.7681387,35.6743216],[139.7685688,35.6747237],[139.7685732,35.6747447],[139.7685665,35.6747643],[139.7685899,35.6747676],[139.7686367,35.6748128],[139.7686676,35.6748427],[139.7686764,35.6748717],[139.7687138,35.674878],[139.7687621,35.6749063],[139.7687724,35.6749199],[139.7688613,35.6750381],[139.7689941,35.6751961],[139.7690602,35.6753005],[139.7690699,35.6753295],[139.7690943,35.6753669],[139.7691705,35.6753501],[139.7692567,35.6753381],[139.7693416,35.6753107],[139.7697657,35.6751618],[139.7706257,35.6748489],[139.7707062,35.6749694],[139.7708488,35.6752037],[139.77137,35.6750109],[139.7713762,35.6750222],[139.7714115,35.6750731],[139.7715371,35.6752709],[139.7716271,35.6752351],[139.7718491,35.6751441],[139.7719184,35.6751167],[139.7719953,35.6751678],[139.7720511,35.675161],[139.7723674,35.675032],[139.7723817,35.6750248],[139.7724562,35.6749871],[139.7724842,35.6750295],[139.7726102,35.6749784],[139.7732117,35.6747331],[139.7733048,35.6747845],[139.7733701,35.6747649],[139.7734808,35.6747453],[139.7738336,35.6747157],[139.7742852,35.6746967],[139.7744278,35.6746907],[139.7745562,35.6746857],[139.7748539,35.674674],[139.7757196,35.6746605],[139.7757663,35.6746598],[139.7759024,35.6746577],[139.7763541,35.6746485],[139.7765537,35.6746467],[139.7766356,35.6746459],[139.7768139,35.6746443],[139.7769467,35.6746428],[139.7771487,35.6746412],[139.7773425,35.6746387],[139.7773736,35.6746913],[139.7776433,35.6746862],[139.7776961,35.6746853],[139.777713,35.6747152],[139.7778033,35.674875],[139.778014,35.675219],[139.7780351,35.6752534],[139.7780601,35.6752954],[139.7781807,35.6754974],[139.7783348,35.6757557],[139.7783529,35.6757854],[139.7785082,35.6760686],[139.7785693,35.6761701],[139.7786913,35.6763778],[139.7787578,35.6764726],[139.7789057,35.6764314],[139.7791889,35.6763471],[139.779418,35.6762815],[139.7794751,35.6763524],[139.7794903,35.6763662],[139.7800047,35.6768336],[139.7802145,35.6770346],[139.7805632,35.6773499],[139.7806833,35.6774327],[139.7810292,35.6776492],[139.781693,35.678056],[139.7818846,35.6781844],[139.7819436,35.6782186],[139.7824263,35.6785115],[139.7825202,35.6785725],[139.7826169,35.6786353],[139.7827062,35.6786958],[139.7831045,35.6789552],[139.7832461,35.6790478],[139.7836784,35.6793241],[139.7837639,35.6793733],[139.7839021,35.6794557],[139.7842159,35.679643],[139.7844098,35.6797677],[139.7845794,35.6798759],[139.7846166,35.679901],[139.7848225,35.6800215],[139.7850652,35.6801805],[139.7854502,35.6804167],[139.7855182,35.680459],[139.7855888,35.6804999],[139.7855423,35.6805514],[139.7858909,35.6807562],[139.7863681,35.6810288],[139.786593,35.6811608],[139.7864261,35.6813768],[139.7863546,35.6814694],[139.7861924,35.6816794],[139.7863375,35.6817428],[139.7864342,35.6817923],[139.7874887,35.6823338],[139.788235,35.6827457],[139.7884493,35.682864],[139.7884089,35.6829],[139.7884304,35.6829534],[139.788297,35.6831206]]},"properties":{"routeId":"osm_route_01_013","originId":"route_origin_ginza_001","originName":"Ginza controlled route test origin","shelterId":"chuo_official_emergency_013","shelterName":"有馬小学校","plateauBuildingId":"13102-bldg-12391","routeDistanceMeters":2899.578,"estimatedTravelTimeSeconds":2416.315,"routeSource":"OSM","routeType":"estimated_pedestrian_route","isOfficialEvacuationRoute":false}},{"type":"Feature","geometry":{"type":"LineString","coordinates":[[139.7652352,35.6715701],[139.7657558,35.6720502],[139.765785,35.6720772],[139.7658143,35.6721042],[139.7658429,35.6721307],[139.7658624,35.6721496],[139.7658782,35.6721649],[139.7666925,35.6729378],[139.7667326,35.6729753],[139.7667424,35.6729847],[139.7667707,35.6730115],[139.7668037,35.6730422],[139.7668236,35.6730607],[139.7668285,35.6730653],[139.7673422,35.6735435],[139.7676429,35.6738234],[139.7676609,35.6738402],[139.7676534,35.67386],[139.7676718,35.6738675],[139.767698,35.6738932],[139.7677174,35.6739122],[139.7677397,35.6739485],[139.7677474,35.6739557],[139.7681387,35.6743216],[139.7685688,35.6747237],[139.7685732,35.6747447],[139.7685665,35.6747643],[139.7685899,35.6747676],[139.7686367,35.6748128],[139.7686676,35.6748427],[139.7686764,35.6748717],[139.7687138,35.674878],[139.7687621,35.6749063],[139.7687724,35.6749199],[139.7688613,35.6750381],[139.7689941,35.6751961],[139.7690602,35.6753005],[139.7690699,35.6753295],[139.7690943,35.6753669],[139.7691336,35.675427],[139.7691531,35.6754568],[139.7691693,35.6754808],[139.7693415,35.6757549],[139.7693857,35.6758323],[139.7695426,35.676085],[139.7695444,35.6761111],[139.7695453,35.6761232],[139.7695292,35.6761558],[139.7695476,35.6761843],[139.7695702,35.6762193],[139.7696362,35.6763215],[139.7696587,35.6763563],[139.7696792,35.6763882],[139.769727,35.676409],[139.7697502,35.676421],[139.7699633,35.6767648],[139.770213,35.6771615],[139.7702563,35.67723],[139.770374,35.6774165],[139.7705765,35.6777599],[139.7705868,35.6777876],[139.770601,35.6778258],[139.7706164,35.6778506],[139.770636,35.6778829],[139.7706681,35.6779183],[139.7706872,35.6779395],[139.7708499,35.6781933],[139.7712759,35.6788607],[139.7714411,35.6791146],[139.7714249,35.6791671],[139.771393,35.6792102],[139.7714108,35.6792388],[139.7714482,35.6792992],[139.7714743,35.6793413],[139.771502,35.6793861],[139.7715378,35.679444],[139.7715679,35.6794926],[139.7715922,35.6795318],[139.7716488,35.6795285],[139.771707,35.6795464],[139.7718069,35.6797157],[139.7720267,35.6800571],[139.7722182,35.6803681],[139.7722324,35.6803912],[139.7722529,35.6804255],[139.7724372,35.6807345],[139.7724678,35.6807856],[139.7724751,35.6807979],[139.7724963,35.6808335],[139.7725157,35.6808642],[139.7725274,35.6808827],[139.77255,35.6809184],[139.7727556,35.6812429],[139.7728485,35.6813895],[139.7728805,35.6813769],[139.772921,35.6813609],[139.7729519,35.6814085],[139.7729895,35.681469],[139.773271,35.6819231],[139.7735421,35.6823586],[139.7735686,35.6824012],[139.7736341,35.6825088],[139.7736924,35.6826018],[139.7737621,35.6827142],[139.7739146,35.6829613],[139.7741653,35.6833708],[139.7741937,35.6834172],[139.7742529,35.6835246],[139.7743619,35.6835368],[139.7744431,35.683695],[139.7744966,35.6836805],[139.7745316,35.6836718],[139.7745744,35.6838421],[139.7746332,35.6840864],[139.7746771,35.6842549],[139.7747142,35.6843602],[139.77475,35.6844152],[139.7747719,35.6844289],[139.7748049,35.6844551],[139.7748033,35.684479],[139.7747989,35.684552],[139.7748678,35.6845601],[139.7753539,35.6846322],[139.775538,35.68466],[139.7758163,35.6847054],[139.7760463,35.6847413],[139.7762319,35.6847702],[139.7765838,35.6848251],[139.7766577,35.6848352],[139.7768031,35.6848556],[139.7770065,35.6848807],[139.7769975,35.6850041],[139.7769649,35.6855968],[139.7770404,35.685618],[139.7771401,35.6856459],[139.7774833,35.685742],[139.7776704,35.6857942],[139.7778479,35.6858436],[139.7782021,35.6859433],[139.7786869,35.6860901],[139.7791093,35.6862136],[139.7794479,35.6863187],[139.7797838,35.686423],[139.7803193,35.6865857],[139.7805956,35.6867788],[139.7809284,35.6869925],[139.7813388,35.6872418],[139.781439,35.6872934],[139.7815137,35.6873427],[139.7819408,35.6876249],[139.782472,35.6879659],[139.7825233,35.6879989],[139.782575,35.6880336],[139.7832385,35.6884785],[139.7836912,35.6887696],[139.7838016,35.6888424],[139.7839248,35.6889163],[139.7843519,35.689202]]},"properties":{"routeId":"osm_route_01_014","originId":"route_origin_ginza_001","originName":"Ginza controlled route test origin","shelterId":"chuo_official_emergency_014","shelterName":"久松小学校","plateauBuildingId":"13102-bldg-14859","routeDistanceMeters":2802.929,"estimatedTravelTimeSeconds":2335.774,"routeSource":"OSM","routeType":"estimated_pedestrian_route","isOfficialEvacuationRoute":false}},{"type":"Feature","geometry":{"type":"LineString","coordinates":[[139.7652352,35.6715701],[139.7657558,35.6720502],[139.765785,35.6720772],[139.7658143,35.6721042],[139.7658429,35.6721307],[139.7658624,35.6721496],[139.7658782,35.6721649],[139.7666925,35.6729378],[139.7667326,35.6729753],[139.7667424,35.6729847],[139.7667707,35.6730115],[139.7668037,35.6730422],[139.7668236,35.6730607],[139.7668285,35.6730653],[139.7673422,35.6735435],[139.7676429,35.6738234],[139.7676609,35.6738402],[139.7676534,35.67386],[139.7676718,35.6738675],[139.767698,35.6738932],[139.7677174,35.6739122],[139.7677397,35.6739485],[139.7677474,35.6739557],[139.7681387,35.6743216],[139.7685688,35.6747237],[139.7685732,35.6747447],[139.7685665,35.6747643],[139.7685899,35.6747676],[139.7686367,35.6748128],[139.7686676,35.6748427],[139.7686764,35.6748717],[139.7687138,35.674878],[139.7687621,35.6749063],[139.7687724,35.6749199],[139.7688613,35.6750381],[139.7689941,35.6751961],[139.7690602,35.6753005],[139.7690699,35.6753295],[139.7690943,35.6753669],[139.7691336,35.675427],[139.7691531,35.6754568],[139.7691693,35.6754808],[139.7693415,35.6757549],[139.7693857,35.6758323],[139.7695426,35.676085],[139.7695444,35.6761111],[139.7695453,35.6761232],[139.7695292,35.6761558],[139.7695476,35.6761843],[139.7695702,35.6762193],[139.7696362,35.6763215],[139.7696587,35.6763563],[139.7696792,35.6763882],[139.769727,35.676409],[139.7697502,35.676421],[139.7699633,35.6767648],[139.770213,35.6771615],[139.7702563,35.67723],[139.770374,35.6774165],[139.7705765,35.6777599],[139.7705868,35.6777876],[139.770601,35.6778258],[139.7706164,35.6778506],[139.770636,35.6778829],[139.7706681,35.6779183],[139.7706872,35.6779395],[139.7708499,35.6781933],[139.7712759,35.6788607],[139.7714411,35.6791146],[139.7714249,35.6791671],[139.771393,35.6792102],[139.7714108,35.6792388],[139.7714482,35.6792992],[139.7714743,35.6793413],[139.771502,35.6793861],[139.7715378,35.679444],[139.7715679,35.6794926],[139.7715922,35.6795318],[139.7716488,35.6795285],[139.771707,35.6795464],[139.7718069,35.6797157],[139.7720267,35.6800571],[139.7722182,35.6803681],[139.7722324,35.6803912],[139.7722529,35.6804255],[139.7724372,35.6807345],[139.7724678,35.6807856],[139.7724751,35.6807979],[139.7724963,35.6808335],[139.7725157,35.6808642],[139.7725274,35.6808827],[139.77255,35.6809184],[139.7727556,35.6812429],[139.7728485,35.6813895],[139.7728805,35.6813769],[139.772921,35.6813609],[139.7729519,35.6814085],[139.7729895,35.681469],[139.773271,35.6819231],[139.7735421,35.6823586],[139.7735686,35.6824012],[139.7736341,35.6825088],[139.7736924,35.6826018],[139.7737621,35.6827142],[139.7739146,35.6829613],[139.7741653,35.6833708],[139.7741937,35.6834172],[139.7742529,35.6835246],[139.7743619,35.6835368],[139.7744431,35.683695],[139.7744966,35.6836805],[139.7745316,35.6836718],[139.7745744,35.6838421],[139.7746332,35.6840864],[139.7746771,35.6842549],[139.7747142,35.6843602],[139.77475,35.6844152],[139.7747719,35.6844289],[139.7748049,35.6844551],[139.7748033,35.684479],[139.7747989,35.684552],[139.7748678,35.6845601],[139.7753539,35.6846322],[139.775538,35.68466],[139.7758163,35.6847054],[139.7760463,35.6847413],[139.7762319,35.6847702],[139.7765838,35.6848251],[139.7766577,35.6848352],[139.7768031,35.6848556],[139.7770065,35.6848807],[139.7769975,35.6850041],[139.7769649,35.6855968],[139.7770404,35.685618],[139.7771401,35.6856459],[139.7774833,35.685742],[139.7776704,35.6857942],[139.7778479,35.6858436],[139.7782021,35.6859433],[139.7786869,35.6860901],[139.7791093,35.6862136],[139.7794479,35.6863187],[139.7797838,35.686423],[139.7803193,35.6865857],[139.7805956,35.6867788],[139.7809284,35.6869925],[139.7813388,35.6872418],[139.781439,35.6872934],[139.7815137,35.6873427],[139.7819408,35.6876249],[139.782472,35.6879659],[139.7825233,35.6879989],[139.782575,35.6880336],[139.7832385,35.6884785],[139.7836912,35.6887696],[139.7838016,35.6888424],[139.7839248,35.6889163],[139.7843519,35.689202],[139.7846186,35.6893804],[139.7848232,35.6895054],[139.7850313,35.6896325],[139.7850824,35.6896658],[139.7851815,35.6897396],[139.7852672,35.6898034],[139.7856289,35.6900375],[139.7856074,35.6900781],[139.7856414,35.6901002],[139.7856828,35.6901272],[139.7858514,35.690237],[139.7855405,35.6907278],[139.7857009,35.6908349],[139.7858358,35.6909231],[139.7858891,35.690958],[139.7859403,35.6909914],[139.7862815,35.6912146],[139.7865642,35.6913986],[139.7866157,35.6914321],[139.7866707,35.6914705],[139.7868317,35.6915827],[139.7869838,35.6916888],[139.7870218,35.6917152],[139.7870517,35.6917361],[139.7870176,35.6917845]]},"properties":{"routeId":"osm_route_01_015","originId":"route_origin_ginza_001","originName":"Ginza controlled route test origin","shelterId":"chuo_official_emergency_015","shelterName":"日本橋中学校","plateauBuildingId":"13102-bldg-15963","routeDistanceMeters":3228.472,"estimatedTravelTimeSeconds":2690.393,"routeSource":"OSM","routeType":"estimated_pedestrian_route","isOfficialEvacuationRoute":false}},{"type":"Feature","geometry":{"type":"LineString","coordinates":[[139.7652352,35.6715701],[139.7657558,35.6720502],[139.765785,35.6720772],[139.7658143,35.6721042],[139.7658429,35.6721307],[139.7658624,35.6721496],[139.7658782,35.6721649],[139.7666925,35.6729378],[139.7667326,35.6729753],[139.7667424,35.6729847],[139.7667707,35.6730115],[139.7668037,35.6730422],[139.7668236,35.6730607],[139.7668285,35.6730653],[139.7673422,35.6735435],[139.7676429,35.6738234],[139.7676609,35.6738402],[139.7676534,35.67386],[139.7676718,35.6738675],[139.767698,35.6738932],[139.7677174,35.6739122],[139.7677397,35.6739485],[139.7677474,35.6739557],[139.7681387,35.6743216],[139.7685688,35.6747237],[139.7685732,35.6747447],[139.7685665,35.6747643],[139.7685899,35.6747676],[139.7686367,35.6748128],[139.7686676,35.6748427],[139.7686764,35.6748717],[139.7687138,35.674878],[139.7687621,35.6749063],[139.7687724,35.6749199],[139.7688613,35.6750381],[139.7689941,35.6751961],[139.7690602,35.6753005],[139.7690699,35.6753295],[139.7690943,35.6753669],[139.7691705,35.6753501],[139.7692567,35.6753381],[139.7693416,35.6753107],[139.7697657,35.6751618],[139.7706257,35.6748489],[139.7707062,35.6749694],[139.7708488,35.6752037],[139.7710619,35.6755327],[139.7710997,35.6755834],[139.7711594,35.6755596],[139.7712249,35.675648],[139.7712796,35.6757217],[139.7713518,35.6756917],[139.7716598,35.6755636],[139.7717357,35.6755862],[139.7718466,35.6757602],[139.7719207,35.6758765],[139.7719619,35.6759412],[139.7719938,35.6759929],[139.7722154,35.676352],[139.7723593,35.676614],[139.7725948,35.6769451],[139.7726523,35.6770314],[139.7728448,35.6773871],[139.7730115,35.6776544],[139.7732529,35.6780562],[139.7734209,35.6783059],[139.7735117,35.6782785],[139.773725,35.6782006],[139.7738176,35.6781707],[139.7739471,35.6782045],[139.7743004,35.6780625],[139.7743503,35.6780424],[139.774389,35.6781043],[139.7744835,35.6781879],[139.7745261,35.6782575],[139.7746301,35.6784273],[139.7746688,35.6784109],[139.7747065,35.678472],[139.7753355,35.6794912],[139.7753618,35.6795046],[139.7755477,35.6794356],[139.7758863,35.679301],[139.7759743,35.6792653],[139.7760334,35.6792503],[139.7760864,35.6792368],[139.7764924,35.6790837],[139.7765168,35.6791234]]},"properties":{"routeId":"osm_route_01_016","originId":"route_origin_ginza_001","originName":"Ginza controlled route test origin","shelterId":"chuo_official_emergency_016","shelterName":"阪本小学校","plateauBuildingId":"13102-bldg-10474","routeDistanceMeters":1607.388,"estimatedTravelTimeSeconds":1339.49,"routeSource":"OSM","routeType":"estimated_pedestrian_route","isOfficialEvacuationRoute":false}},{"type":"Feature","geometry":{"type":"LineString","coordinates":[[139.7652352,35.6715701],[139.7657558,35.6720502],[139.765785,35.6720772],[139.7658143,35.6721042],[139.76588,35.6720607],[139.7659316,35.6720259],[139.7659977,35.6719798],[139.7664669,35.6716552],[139.7669174,35.6713381],[139.7669672,35.6713031],[139.7670324,35.6712599],[139.7672162,35.6711382],[139.7675576,35.670917],[139.7678018,35.6707363],[139.7678823,35.6706767],[139.7680771,35.6705424],[139.7681649,35.6704768],[139.7683947,35.6703049],[139.7686619,35.6701092],[139.768856,35.6699661],[139.7688797,35.6699854],[139.7688955,35.6699972],[139.7689156,35.6699934],[139.7689261,35.669995],[139.7689411,35.6699972],[139.7689599,35.6700054],[139.7693803,35.6703682],[139.7693951,35.6703791],[139.7694274,35.6703533],[139.7699166,35.6707657],[139.7699712,35.6708118],[139.770011,35.6708508],[139.7704955,35.6713251],[139.770867,35.6716875],[139.7709132,35.6717393],[139.7710716,35.6716374],[139.7712015,35.6715579],[139.7714933,35.671429],[139.7715631,35.6714007],[139.7716477,35.6713666],[139.7716664,35.6713591],[139.7719404,35.6712535],[139.7721708,35.6713762],[139.7722136,35.6713821],[139.7722612,35.6713748],[139.7722953,35.6713449],[139.772338,35.6713269],[139.7725269,35.6712521],[139.7729376,35.671088],[139.7731331,35.671],[139.7732335,35.6709605],[139.7733374,35.6709162],[139.7737385,35.6707429],[139.7742225,35.6705349],[139.7745089,35.6704114],[139.7747038,35.6703355],[139.7748315,35.6702847],[139.7749171,35.6702526],[139.7750611,35.670227],[139.775249,35.6701803],[139.7758405,35.6700295],[139.7765496,35.6698449],[139.7768608,35.669796],[139.7773056,35.6696873],[139.778025,35.6695123],[139.7786648,35.6693519],[139.7787605,35.6693304],[139.7789621,35.6692926],[139.779211,35.6692328],[139.7792166,35.6692473],[139.7798371,35.6690652],[139.7802245,35.6689516],[139.7802561,35.6689376],[139.7802954,35.6689225],[139.780357,35.6689015],[139.7803501,35.6688117],[139.7802997,35.6687027],[139.7818611,35.6672604],[139.7819398,35.6671996],[139.7820797,35.6671043],[139.7821296,35.6671239],[139.782009,35.6672122],[139.7820491,35.6672764],[139.7821032,35.6673673],[139.7821359,35.6674372],[139.7821613,35.667519],[139.782284,35.6677545],[139.7824412,35.6680632],[139.7825041,35.6682042],[139.7825503,35.6683078],[139.7824646,35.6683397],[139.7824873,35.6683883],[139.7825283,35.668437],[139.7827224,35.6686618],[139.7827435,35.6686923],[139.7829057,35.6686237],[139.7829513,35.6684875],[139.7830237,35.6684221],[139.7830452,35.6684657],[139.783127,35.6684962],[139.7832383,35.6685104],[139.7833872,35.6684951],[139.7834318,35.6684716],[139.7835293,35.6685561],[139.7835508,35.6686019],[139.783823,35.6686117],[139.7839585,35.6687762],[139.7840872,35.6687544],[139.7843608,35.6688045],[139.7844386,35.6688394]]},"properties":{"routeId":"osm_route_01_017","originId":"route_origin_ginza_001","originName":"Ginza controlled route test origin","shelterId":"chuo_official_emergency_017","shelterName":"佃島小学校","plateauBuildingId":"13102-bldg-8511","routeDistanceMeters":2310.604,"estimatedTravelTimeSeconds":1925.503,"routeSource":"OSM","routeType":"estimated_pedestrian_route","isOfficialEvacuationRoute":false}},{"type":"Feature","geometry":{"type":"LineString","coordinates":[[139.7652352,35.6715701],[139.7657558,35.6720502],[139.765785,35.6720772],[139.7658143,35.6721042],[139.76588,35.6720607],[139.7659316,35.6720259],[139.7659977,35.6719798],[139.7664669,35.6716552],[139.7669174,35.6713381],[139.7669672,35.6713031],[139.7670324,35.6712599],[139.7672162,35.6711382],[139.7675576,35.670917],[139.7678018,35.6707363],[139.7678823,35.6706767],[139.7680771,35.6705424],[139.7681649,35.6704768],[139.7683947,35.6703049],[139.7686619,35.6701092],[139.768856,35.6699661],[139.7688797,35.6699854],[139.7688955,35.6699972],[139.7689156,35.6699934],[139.7689261,35.669995],[139.7689411,35.6699972],[139.7689599,35.6700054],[139.7693803,35.6703682],[139.7693951,35.6703791],[139.7694274,35.6703533],[139.7699166,35.6707657],[139.7699712,35.6708118],[139.770011,35.6708508],[139.7704955,35.6713251],[139.770867,35.6716875],[139.7709132,35.6717393],[139.7710716,35.6716374],[139.7712015,35.6715579],[139.7714933,35.671429],[139.7715631,35.6714007],[139.7716477,35.6713666],[139.7716664,35.6713591],[139.7719404,35.6712535],[139.7721708,35.6713762],[139.7722136,35.6713821],[139.7722612,35.6713748],[139.7722953,35.6713449],[139.772338,35.6713269],[139.7725269,35.6712521],[139.7729376,35.671088],[139.7731331,35.671],[139.7732335,35.6709605],[139.7733374,35.6709162],[139.7737385,35.6707429],[139.7742225,35.6705349],[139.7745089,35.6704114],[139.7747038,35.6703355],[139.7748315,35.6702847],[139.7749171,35.6702526],[139.7750611,35.670227],[139.775249,35.6701803],[139.7758405,35.6700295],[139.7765496,35.6698449],[139.7768608,35.669796],[139.7773056,35.6696873],[139.778025,35.6695123],[139.7786648,35.6693519],[139.7787605,35.6693304],[139.7789621,35.6692926],[139.779211,35.6692328],[139.7792166,35.6692473],[139.7798371,35.6690652],[139.7802245,35.6689516],[139.7802561,35.6689376],[139.7802954,35.6689225],[139.780357,35.6689015],[139.7803501,35.6688117],[139.7802997,35.6687027],[139.7818611,35.6672604],[139.7819398,35.6671996],[139.7820797,35.6671043],[139.7821296,35.6671239],[139.7824515,35.6669923],[139.782772,35.6668613],[139.7828184,35.6669323],[139.7828747,35.6669981],[139.7830161,35.6671939],[139.783061,35.6672619],[139.7831103,35.667365],[139.7832718,35.667304],[139.7834311,35.6672438],[139.7835284,35.6672251],[139.7835857,35.6672068],[139.7839535,35.6670895],[139.7841735,35.6670193],[139.7842975,35.6671168],[139.7843423,35.6671513],[139.7843909,35.6671919],[139.7845345,35.6673],[139.7847256,35.6674449]]},"properties":{"routeId":"osm_route_01_018","originId":"route_origin_ginza_001","originName":"Ginza controlled route test origin","shelterId":"chuo_official_emergency_018","shelterName":"佃中学校","plateauBuildingId":"13102-bldg-8511","routeDistanceMeters":2216.439,"estimatedTravelTimeSeconds":1847.033,"routeSource":"OSM","routeType":"estimated_pedestrian_route","isOfficialEvacuationRoute":false}},{"type":"Feature","geometry":{"type":"LineString","coordinates":[[139.7652352,35.6715701],[139.7651121,35.6714566],[139.7651425,35.6714298],[139.7651753,35.6714051],[139.7652342,35.6713606],[139.765259,35.6713419],[139.7652831,35.6713226],[139.7652979,35.6712359],[139.7653191,35.6712105],[139.7653872,35.671158],[139.7656712,35.6709394],[139.7656772,35.6709356],[139.7657006,35.6709208],[139.7657333,35.670894],[139.7657416,35.6708885],[139.7657793,35.6708584],[139.7660855,35.6706244],[139.7661497,35.6705709],[139.7661879,35.6705335],[139.7662177,35.6705054],[139.766237,35.6704894],[139.7662809,35.6704529],[139.7665605,35.670221],[139.7665832,35.6702022],[139.766603,35.6701875],[139.7666261,35.6701708],[139.7666664,35.6701388],[139.7666838,35.670125],[139.7667179,35.6700973],[139.7667457,35.6700762],[139.7667709,35.670065],[139.7667824,35.6700446],[139.7668231,35.670015],[139.7669336,35.6699184],[139.7669722,35.6698955],[139.7670066,35.6698946],[139.7670588,35.6699082],[139.7670768,35.6699195],[139.7671058,35.6698882],[139.7671425,35.6698524],[139.7673033,35.6697014],[139.7673512,35.6696561],[139.7673718,35.6696422],[139.7673571,35.6696201],[139.767355,35.6695896],[139.7673686,35.6695455],[139.7673836,35.6695217],[139.7673926,35.6695074],[139.7675546,35.6693646],[139.7677686,35.6691761],[139.7678849,35.6690736],[139.7679038,35.6690675],[139.7679256,35.6690362],[139.7679513,35.6690153],[139.7679907,35.6689833],[139.768004,35.6689663],[139.7680212,35.6689339],[139.7681679,35.6688174],[139.7681921,35.6687931],[139.7682114,35.6687764],[139.7683335,35.6686798],[139.7683594,35.6686641],[139.7683991,35.6686581],[139.7684171,35.6686228],[139.7684553,35.6685903],[139.7684845,35.6685654],[139.7686237,35.668452],[139.768788,35.6683181],[139.7688209,35.6682997],[139.7688612,35.6682773],[139.7688943,35.6682612],[139.768913,35.6682017],[139.7691916,35.6679757],[139.7693708,35.6678303],[139.769703,35.6675608],[139.7697328,35.6675403],[139.769757,35.6675412],[139.7697644,35.6675152],[139.7698037,35.6674784],[139.7698476,35.6674378],[139.769862,35.6674315],[139.769855,35.6674167],[139.7698596,35.6673998],[139.7698996,35.6673668],[139.7701485,35.6671613],[139.7705714,35.6668091],[139.7706191,35.6667985],[139.7706953,35.6668072],[139.7707095,35.666738],[139.7707616,35.6666988],[139.770856,35.6666279],[139.7708892,35.6666029],[139.7709219,35.666579],[139.7709084,35.666545],[139.7709084,35.6665189],[139.7709183,35.6664869],[139.7709392,35.6664539],[139.7713805,35.6660088],[139.7717049,35.6656809],[139.7717246,35.665661],[139.7719628,35.6654206],[139.772026,35.6653568],[139.7721648,35.6652162],[139.7726481,35.6647288],[139.7726887,35.6647186],[139.7727352,35.6646678],[139.7727869,35.664621],[139.7727937,35.6645815],[139.7730441,35.6643676],[139.7732881,35.6641344],[139.7733126,35.6641238],[139.7733461,35.6640958],[139.7733702,35.6640724],[139.7733821,35.6640527],[139.7735952,35.6638555],[139.7737667,35.6636972],[139.7738311,35.6636378],[139.7738518,35.6636347],[139.7738855,35.6635826],[139.7739258,35.6635198],[139.7739227,35.6635123],[139.7739217,35.6635043],[139.7739219,35.6634974],[139.7739235,35.6634901],[139.7739257,35.6634843],[139.7739297,35.6634784],[139.7741249,35.6632818],[139.7741869,35.6632034],[139.7747543,35.6625799],[139.7751894,35.6621137],[139.7758181,35.6614199],[139.7759147,35.6613254],[139.7768306,35.6604295],[139.7768688,35.6603921],[139.7772217,35.6606322],[139.7778513,35.6610597],[139.7778665,35.6610698],[139.7781962,35.6613027],[139.7783487,35.661417],[139.7783955,35.6613829],[139.7784042,35.6613892],[139.778463,35.66143],[139.7785193,35.6613775],[139.7788958,35.6610263],[139.7793081,35.6606475],[139.7793369,35.660668],[139.7795815,35.6608288],[139.7797345,35.660936],[139.7798894,35.6610444],[139.7799551,35.6609837]]},"properties":{"routeId":"osm_route_01_019","originId":"route_origin_ginza_001","originName":"Ginza controlled route test origin","shelterId":"chuo_official_emergency_019","shelterName":"月島第一小学校","plateauBuildingId":"13102-bldg-5099","routeDistanceMeters":2055.977,"estimatedTravelTimeSeconds":1713.314,"routeSource":"OSM","routeType":"estimated_pedestrian_route","isOfficialEvacuationRoute":false}},{"type":"Feature","geometry":{"type":"LineString","coordinates":[[139.7652352,35.6715701],[139.7651121,35.6714566],[139.7651425,35.6714298],[139.7651753,35.6714051],[139.7652342,35.6713606],[139.765259,35.6713419],[139.7652831,35.6713226],[139.7652979,35.6712359],[139.7653191,35.6712105],[139.7653872,35.671158],[139.7656712,35.6709394],[139.7656772,35.6709356],[139.7657006,35.6709208],[139.7657333,35.670894],[139.7657416,35.6708885],[139.7657793,35.6708584],[139.7660855,35.6706244],[139.7661497,35.6705709],[139.7661879,35.6705335],[139.7662177,35.6705054],[139.766237,35.6704894],[139.7662809,35.6704529],[139.7665605,35.670221],[139.7665832,35.6702022],[139.766603,35.6701875],[139.7666261,35.6701708],[139.7666664,35.6701388],[139.7666838,35.670125],[139.7667179,35.6700973],[139.7667457,35.6700762],[139.7667709,35.670065],[139.7667824,35.6700446],[139.7668231,35.670015],[139.7669336,35.6699184],[139.7669722,35.6698955],[139.7670066,35.6698946],[139.7670588,35.6699082],[139.7670768,35.6699195],[139.7671058,35.6698882],[139.7671425,35.6698524],[139.7673033,35.6697014],[139.7673512,35.6696561],[139.7673718,35.6696422],[139.7673571,35.6696201],[139.767355,35.6695896],[139.7673686,35.6695455],[139.7673836,35.6695217],[139.7673926,35.6695074],[139.7675546,35.6693646],[139.7677686,35.6691761],[139.7678849,35.6690736],[139.7679038,35.6690675],[139.7679256,35.6690362],[139.7679513,35.6690153],[139.7679907,35.6689833],[139.768004,35.6689663],[139.7680212,35.6689339],[139.7681679,35.6688174],[139.7681921,35.6687931],[139.7682114,35.6687764],[139.7683335,35.6686798],[139.7683594,35.6686641],[139.7683991,35.6686581],[139.7684171,35.6686228],[139.7684553,35.6685903],[139.7684845,35.6685654],[139.7686237,35.668452],[139.768788,35.6683181],[139.7688209,35.6682997],[139.7688612,35.6682773],[139.7688943,35.6682612],[139.768913,35.6682017],[139.7691916,35.6679757],[139.7693708,35.6678303],[139.769703,35.6675608],[139.7696773,35.6675326],[139.7696267,35.6674919],[139.7697278,35.6674097],[139.7696483,35.6673314],[139.7697431,35.6672474],[139.7704561,35.6666279],[139.770556,35.6665409],[139.7706459,35.6664627],[139.770727,35.6663792],[139.7707636,35.6663432],[139.7708996,35.6662051],[139.7712088,35.6658912],[139.7715288,35.6655662],[139.7717835,35.665308],[139.7720045,35.6650833],[139.7722273,35.664857],[139.772472,35.6646098],[139.772548,35.6645313],[139.7726256,35.6644588],[139.7728662,35.6642321],[139.7735808,35.6635602],[139.7736655,35.6634805],[139.7740456,35.6631346],[139.7756774,35.6613478],[139.7763032,35.6606541],[139.7766257,35.6602968],[139.7765627,35.6602559],[139.7765957,35.6602229],[139.7765967,35.6601987],[139.7766287,35.6601654],[139.7759756,35.6597187]]},"properties":{"routeId":"osm_route_01_020","originId":"route_origin_ginza_001","originName":"Ginza controlled route test origin","shelterId":"chuo_official_emergency_020","shelterName":"月島第二小学校","plateauBuildingId":"13102-bldg-9813","routeDistanceMeters":1767.827,"estimatedTravelTimeSeconds":1473.189,"routeSource":"OSM","routeType":"estimated_pedestrian_route","isOfficialEvacuationRoute":false}},{"type":"Feature","geometry":{"type":"LineString","coordinates":[[139.7652352,35.6715701],[139.7651121,35.6714566],[139.7651425,35.6714298],[139.7651753,35.6714051],[139.7652342,35.6713606],[139.765259,35.6713419],[139.7652831,35.6713226],[139.7652979,35.6712359],[139.7653191,35.6712105],[139.7653872,35.671158],[139.7656712,35.6709394],[139.7656772,35.6709356],[139.7657006,35.6709208],[139.7657333,35.670894],[139.7657416,35.6708885],[139.7657793,35.6708584],[139.7660855,35.6706244],[139.7661497,35.6705709],[139.7661879,35.6705335],[139.7662177,35.6705054],[139.766237,35.6704894],[139.7662809,35.6704529],[139.7665605,35.670221],[139.7665832,35.6702022],[139.766603,35.6701875],[139.7666261,35.6701708],[139.7666664,35.6701388],[139.7666838,35.670125],[139.7667179,35.6700973],[139.7667457,35.6700762],[139.7667709,35.670065],[139.7667824,35.6700446],[139.7668231,35.670015],[139.7669336,35.6699184],[139.7669722,35.6698955],[139.7670066,35.6698946],[139.7670588,35.6699082],[139.7670768,35.6699195],[139.7671058,35.6698882],[139.7671425,35.6698524],[139.7673033,35.6697014],[139.7673512,35.6696561],[139.7673718,35.6696422],[139.7673571,35.6696201],[139.767355,35.6695896],[139.7673686,35.6695455],[139.7673836,35.6695217],[139.7673926,35.6695074],[139.7675546,35.6693646],[139.7677686,35.6691761],[139.7678849,35.6690736],[139.7679038,35.6690675],[139.7679256,35.6690362],[139.7679513,35.6690153],[139.7679907,35.6689833],[139.768004,35.6689663],[139.7680212,35.6689339],[139.7681679,35.6688174],[139.7681921,35.6687931],[139.7682114,35.6687764],[139.7683335,35.6686798],[139.7683594,35.6686641],[139.7683991,35.6686581],[139.7684171,35.6686228],[139.7684553,35.6685903],[139.7684845,35.6685654],[139.7686237,35.668452],[139.768788,35.6683181],[139.7688209,35.6682997],[139.7688612,35.6682773],[139.7688943,35.6682612],[139.768913,35.6682017],[139.7691916,35.6679757],[139.7693708,35.6678303],[139.769703,35.6675608],[139.7697328,35.6675403],[139.769757,35.6675412],[139.7697644,35.6675152],[139.7698037,35.6674784],[139.7698476,35.6674378],[139.769862,35.6674315],[139.769855,35.6674167],[139.7698596,35.6673998],[139.7698996,35.6673668],[139.7701485,35.6671613],[139.7705714,35.6668091],[139.7706191,35.6667985],[139.7706953,35.6668072],[139.7707095,35.666738],[139.7707616,35.6666988],[139.770856,35.6666279],[139.7708892,35.6666029],[139.7709219,35.666579],[139.7709084,35.666545],[139.7709084,35.6665189],[139.7709183,35.6664869],[139.7709392,35.6664539],[139.7713805,35.6660088],[139.7717049,35.6656809],[139.7717246,35.665661],[139.7719628,35.6654206],[139.772026,35.6653568],[139.7721648,35.6652162],[139.7726481,35.6647288],[139.7726887,35.6647186],[139.7727352,35.6646678],[139.7727869,35.664621],[139.7727937,35.6645815],[139.7730441,35.6643676],[139.7732881,35.6641344],[139.7733126,35.6641238],[139.7733461,35.6640958],[139.7733702,35.6640724],[139.7733821,35.6640527],[139.7735952,35.6638555],[139.7737667,35.6636972],[139.7738311,35.6636378],[139.7738518,35.6636347],[139.7738855,35.6635826],[139.7739258,35.6635198],[139.7739227,35.6635123],[139.7739217,35.6635043],[139.7739219,35.6634974],[139.7739235,35.6634901],[139.7739257,35.6634843],[139.7739297,35.6634784],[139.7741249,35.6632818],[139.7741869,35.6632034],[139.7747543,35.6625799],[139.7751894,35.6621137],[139.7758181,35.6614199],[139.7759147,35.6613254],[139.7768306,35.6604295],[139.7768688,35.6603921],[139.7772217,35.6606322],[139.7778513,35.6610597],[139.7778665,35.6610698],[139.7781962,35.6613027],[139.7783487,35.661417],[139.7783955,35.6613829],[139.7784042,35.6613892],[139.778463,35.66143],[139.7785193,35.6613775],[139.7788958,35.6610263],[139.7793081,35.6606475],[139.7793369,35.660668],[139.7795815,35.6608288],[139.7797345,35.660936],[139.7798894,35.6610444],[139.7799551,35.6609837],[139.7801134,35.6610933],[139.7802866,35.6612133],[139.7803743,35.6611289],[139.7804392,35.6610768],[139.780493,35.6611144],[139.780536,35.6611465],[139.7809578,35.6607556],[139.7813649,35.660378],[139.7814019,35.6603437],[139.7814286,35.6603189],[139.7818452,35.6599323],[139.7820235,35.6597668],[139.7822393,35.6595666],[139.7829521,35.6589193],[139.7829707,35.6589007],[139.7840523,35.6596391],[139.7840894,35.6596491],[139.7841245,35.6596478],[139.784165,35.6596291],[139.7849888,35.6588271],[139.7850332,35.6588564],[139.7856711,35.6592764],[139.7857193,35.6592328],[139.7857475,35.6592075]]},"properties":{"routeId":"osm_route_01_021","originId":"route_origin_ginza_001","originName":"Ginza controlled route test origin","shelterId":"chuo_official_emergency_021","shelterName":"月島第三小学校","plateauBuildingId":"13102-bldg-7675","routeDistanceMeters":2804.695,"estimatedTravelTimeSeconds":2337.246,"routeSource":"OSM","routeType":"estimated_pedestrian_route","isOfficialEvacuationRoute":false}},{"type":"Feature","geometry":{"type":"LineString","coordinates":[[139.7652352,35.6715701],[139.7651121,35.6714566],[139.7651425,35.6714298],[139.7651753,35.6714051],[139.7652342,35.6713606],[139.765259,35.6713419],[139.7652831,35.6713226],[139.7652979,35.6712359],[139.7653191,35.6712105],[139.7653872,35.671158],[139.7656712,35.6709394],[139.7656772,35.6709356],[139.7657006,35.6709208],[139.7657333,35.670894],[139.7657416,35.6708885],[139.7657793,35.6708584],[139.7660855,35.6706244],[139.7661497,35.6705709],[139.7661879,35.6705335],[139.7662177,35.6705054],[139.766237,35.6704894],[139.7662809,35.6704529],[139.7665605,35.670221],[139.7665832,35.6702022],[139.766603,35.6701875],[139.7666261,35.6701708],[139.7666664,35.6701388],[139.7666838,35.670125],[139.7667179,35.6700973],[139.7667457,35.6700762],[139.7667709,35.670065],[139.7667824,35.6700446],[139.7668231,35.670015],[139.7669336,35.6699184],[139.7669722,35.6698955],[139.7670066,35.6698946],[139.7670588,35.6699082],[139.7670768,35.6699195],[139.7671058,35.6698882],[139.7671425,35.6698524],[139.7673033,35.6697014],[139.7673512,35.6696561],[139.7673718,35.6696422],[139.7673571,35.6696201],[139.767355,35.6695896],[139.7673686,35.6695455],[139.7673836,35.6695217],[139.7673926,35.6695074],[139.7675546,35.6693646],[139.7677686,35.6691761],[139.7678849,35.6690736],[139.7679038,35.6690675],[139.7679256,35.6690362],[139.7679513,35.6690153],[139.7679907,35.6689833],[139.768004,35.6689663],[139.7680212,35.6689339],[139.7681679,35.6688174],[139.7681921,35.6687931],[139.7682114,35.6687764],[139.7683335,35.6686798],[139.7683594,35.6686641],[139.7683991,35.6686581],[139.7684171,35.6686228],[139.7684553,35.6685903],[139.7684845,35.6685654],[139.7686237,35.668452],[139.768788,35.6683181],[139.7688209,35.6682997],[139.7688612,35.6682773],[139.7688943,35.6682612],[139.768913,35.6682017],[139.7691916,35.6679757],[139.7693708,35.6678303],[139.769703,35.6675608],[139.7697328,35.6675403],[139.769757,35.6675412],[139.7697644,35.6675152],[139.7698037,35.6674784],[139.7698476,35.6674378],[139.769862,35.6674315],[139.769855,35.6674167],[139.7698596,35.6673998],[139.7698996,35.6673668],[139.7701485,35.6671613],[139.7705714,35.6668091],[139.7706191,35.6667985],[139.7706953,35.6668072],[139.7707095,35.666738],[139.7707616,35.6666988],[139.770856,35.6666279],[139.7708892,35.6666029],[139.7709219,35.666579],[139.7709084,35.666545],[139.7709084,35.6665189],[139.7709183,35.6664869],[139.7709392,35.6664539],[139.7713805,35.6660088],[139.7717049,35.6656809],[139.7717246,35.665661],[139.7719628,35.6654206],[139.772026,35.6653568],[139.7721648,35.6652162],[139.7726481,35.6647288],[139.7726887,35.6647186],[139.7727352,35.6646678],[139.7727869,35.664621],[139.7727937,35.6645815],[139.7730441,35.6643676],[139.7732881,35.6641344],[139.7733126,35.6641238],[139.7733461,35.6640958],[139.7733702,35.6640724],[139.7733821,35.6640527],[139.7735952,35.6638555],[139.7737667,35.6636972],[139.7738311,35.6636378],[139.7738518,35.6636347],[139.7738855,35.6635826],[139.7739258,35.6635198],[139.7739227,35.6635123],[139.7739217,35.6635043],[139.7739219,35.6634974],[139.7739235,35.6634901],[139.7739257,35.6634843],[139.7739297,35.6634784],[139.7741249,35.6632818],[139.7741869,35.6632034],[139.7747543,35.6625799],[139.7751894,35.6621137],[139.7758181,35.6614199],[139.7759147,35.6613254],[139.7768306,35.6604295],[139.7768688,35.6603921],[139.7772217,35.6606322],[139.7778513,35.6610597],[139.7778665,35.6610698],[139.7781962,35.6613027],[139.7783487,35.661417],[139.7783955,35.6613829],[139.7784042,35.6613892],[139.778463,35.66143],[139.7785193,35.6613775],[139.7788958,35.6610263],[139.7793081,35.6606475],[139.7793369,35.660668],[139.7795815,35.6608288],[139.7797345,35.660936],[139.7798894,35.6610444],[139.7799551,35.6609837],[139.7801134,35.6610933],[139.7802866,35.6612133],[139.7803743,35.6611289],[139.7804392,35.6610768],[139.780493,35.6611144],[139.780536,35.6611465],[139.7809578,35.6607556],[139.7813649,35.660378],[139.7814019,35.6603437],[139.7814286,35.6603189],[139.7818452,35.6599323],[139.7820235,35.6597668],[139.7822393,35.6595666],[139.7829521,35.6589193],[139.7829707,35.6589007],[139.7840523,35.6596391],[139.784767,35.6601221],[139.7848608,35.6601208],[139.7849061,35.660152],[139.7849871,35.6600974]]},"properties":{"routeId":"osm_route_01_022","originId":"route_origin_ginza_001","originName":"Ginza controlled route test origin","shelterId":"chuo_official_emergency_022","shelterName":"晴海中学校","plateauBuildingId":"13102-bldg-1478","routeDistanceMeters":2695.301,"estimatedTravelTimeSeconds":2246.084,"routeSource":"OSM","routeType":"estimated_pedestrian_route","isOfficialEvacuationRoute":false}},{"type":"Feature","geometry":{"type":"LineString","coordinates":[[139.7652352,35.6715701],[139.7651121,35.6714566],[139.7651425,35.6714298],[139.7651753,35.6714051],[139.7652342,35.6713606],[139.765259,35.6713419],[139.7652831,35.6713226],[139.7652979,35.6712359],[139.7653191,35.6712105],[139.7653872,35.671158],[139.7656712,35.6709394],[139.7656772,35.6709356],[139.7657006,35.6709208],[139.7657333,35.670894],[139.7657416,35.6708885],[139.7657793,35.6708584],[139.7660855,35.6706244],[139.7661497,35.6705709],[139.7661879,35.6705335],[139.7662177,35.6705054],[139.766237,35.6704894],[139.7662809,35.6704529],[139.7665605,35.670221],[139.7665832,35.6702022],[139.766603,35.6701875],[139.7666261,35.6701708],[139.7666664,35.6701388],[139.7666838,35.670125],[139.7667179,35.6700973],[139.7667457,35.6700762],[139.7667709,35.670065],[139.7667824,35.6700446],[139.7668231,35.670015],[139.7669336,35.6699184],[139.7669722,35.6698955],[139.7670066,35.6698946],[139.7670588,35.6699082],[139.7670768,35.6699195],[139.7671058,35.6698882],[139.7671425,35.6698524],[139.7673033,35.6697014],[139.7673512,35.6696561],[139.7673718,35.6696422],[139.7673571,35.6696201],[139.767355,35.6695896],[139.7673686,35.6695455],[139.7673836,35.6695217],[139.7673926,35.6695074],[139.7675546,35.6693646],[139.7677686,35.6691761],[139.7678849,35.6690736],[139.7679038,35.6690675],[139.7679256,35.6690362],[139.7679513,35.6690153],[139.7679907,35.6689833],[139.768004,35.6689663],[139.7680212,35.6689339],[139.7681679,35.6688174],[139.7681921,35.6687931],[139.7682114,35.6687764],[139.7683335,35.6686798],[139.7683594,35.6686641],[139.7683991,35.6686581],[139.7684171,35.6686228],[139.7684553,35.6685903],[139.7684845,35.6685654],[139.7686237,35.668452],[139.768788,35.6683181],[139.7688209,35.6682997],[139.7688612,35.6682773],[139.7688943,35.6682612],[139.768913,35.6682017],[139.7691916,35.6679757],[139.7693708,35.6678303],[139.769703,35.6675608],[139.7696773,35.6675326],[139.7696267,35.6674919],[139.7697278,35.6674097],[139.7696483,35.6673314],[139.7697431,35.6672474],[139.7704561,35.6666279],[139.770556,35.6665409],[139.7706459,35.6664627],[139.770727,35.6663792],[139.7707636,35.6663432],[139.7708996,35.6662051],[139.7712088,35.6658912],[139.7715288,35.6655662],[139.7717835,35.665308],[139.7720045,35.6650833],[139.7722273,35.664857],[139.772472,35.6646098],[139.772548,35.6645313],[139.7726256,35.6644588],[139.7728662,35.6642321],[139.7735808,35.6635602],[139.7736655,35.6634805],[139.7740456,35.6631346],[139.7756774,35.6613478],[139.7763032,35.6606541],[139.7766257,35.6602968],[139.7766982,35.660213],[139.7767796,35.6601287],[139.7767203,35.6600896],[139.7773275,35.6594576],[139.7773897,35.6593832],[139.7774079,35.6593264],[139.7774511,35.6592251],[139.7770604,35.6589573],[139.7766597,35.6586827],[139.7765573,35.6586125],[139.7764388,35.6585313],[139.7756533,35.6579929],[139.7755378,35.6579137],[139.7754244,35.657836],[139.7754887,35.6577723],[139.7751737,35.6575599],[139.775023,35.6574561],[139.7746888,35.6572085],[139.774595,35.6571426],[139.7745105,35.6570806],[139.7739918,35.6567079],[139.7738407,35.656607],[139.7737419,35.6565411],[139.7735901,35.6564653],[139.7734748,35.6563886],[139.7735301,35.6563357],[139.7726562,35.6557176],[139.7739514,35.6544786]]},"properties":{"routeId":"osm_route_01_023","originId":"route_origin_ginza_001","originName":"Ginza controlled route test origin","shelterId":"chuo_official_emergency_023","shelterName":"豊海小学校","plateauBuildingId":"13102-bldg-2954","routeDistanceMeters":2599.497,"estimatedTravelTimeSeconds":2166.247,"routeSource":"OSM","routeType":"estimated_pedestrian_route","isOfficialEvacuationRoute":false}},{"type":"Feature","geometry":{"type":"LineString","coordinates":[[139.7652352,35.6715701],[139.7657558,35.6720502],[139.765785,35.6720772],[139.7658143,35.6721042],[139.76588,35.6720607],[139.7659316,35.6720259],[139.7659977,35.6719798],[139.7664669,35.6716552],[139.7669174,35.6713381],[139.7669672,35.6713031],[139.7670324,35.6712599],[139.7672162,35.6711382],[139.7675576,35.670917],[139.7678018,35.6707363],[139.7678823,35.6706767],[139.7680771,35.6705424],[139.7681649,35.6704768],[139.7683947,35.6703049],[139.7686619,35.6701092],[139.768856,35.6699661],[139.7688797,35.6699854],[139.7688955,35.6699972],[139.7689156,35.6699934],[139.7689261,35.669995],[139.7689374,35.6699821],[139.7689727,35.6699568],[139.7690065,35.6699325],[139.7690274,35.6699268],[139.7690254,35.6699127],[139.7690348,35.6698964],[139.7692266,35.6697569],[139.7692616,35.6697318],[139.7692896,35.6697101],[139.7694787,35.6695717],[139.7695001,35.6695652],[139.7695109,35.6695652],[139.7695417,35.6695663],[139.7695752,35.6695783],[139.7699561,35.6699138],[139.7699776,35.6699301],[139.77005,35.6699294],[139.7705505,35.6703339],[139.7705685,35.6703237],[139.7705861,35.6703134],[139.7705989,35.6703157],[139.7706167,35.6703242],[139.7706398,35.6703454],[139.7709653,35.6701636],[139.7710349,35.6701273],[139.7710785,35.6701727],[139.7714413,35.670518],[139.7714877,35.670494],[139.7717343,35.6703666],[139.7720942,35.6701807],[139.7723298,35.6704633]]},"properties":{"routeId":"osm_route_01_024","originId":"route_origin_ginza_001","originName":"Ginza controlled route test origin","shelterId":"chuo_official_emergency_024","shelterName":"中央区役所","plateauBuildingId":"13102-bldg-10473","routeDistanceMeters":870.881,"estimatedTravelTimeSeconds":725.734,"routeSource":"OSM","routeType":"estimated_pedestrian_route","isOfficialEvacuationRoute":false}},{"type":"Feature","geometry":{"type":"LineString","coordinates":[[139.7652352,35.6715701],[139.7657558,35.6720502],[139.765785,35.6720772],[139.7658143,35.6721042],[139.7658429,35.6721307],[139.7658624,35.6721496],[139.7658782,35.6721649],[139.7666925,35.6729378],[139.7667326,35.6729753],[139.7667424,35.6729847],[139.7667707,35.6730115],[139.7668037,35.6730422],[139.7668236,35.6730607],[139.7668285,35.6730653],[139.7673422,35.6735435],[139.7676429,35.6738234],[139.7676609,35.6738402],[139.7676534,35.67386],[139.7676718,35.6738675],[139.767698,35.6738932],[139.7677174,35.6739122],[139.7677397,35.6739485],[139.7677474,35.6739557],[139.7681387,35.6743216],[139.7685688,35.6747237],[139.7685732,35.6747447],[139.7685665,35.6747643],[139.7685899,35.6747676],[139.7686367,35.6748128],[139.7686676,35.6748427],[139.7686764,35.6748717],[139.7687138,35.674878],[139.7687621,35.6749063],[139.7687724,35.6749199],[139.7688613,35.6750381],[139.7689941,35.6751961],[139.7690602,35.6753005],[139.7690699,35.6753295],[139.7690943,35.6753669],[139.7691705,35.6753501],[139.7692567,35.6753381],[139.7693416,35.6753107],[139.7697657,35.6751618],[139.7706257,35.6748489],[139.7707062,35.6749694],[139.7708488,35.6752037],[139.77137,35.6750109],[139.7713762,35.6750222],[139.7714115,35.6750731],[139.7715371,35.6752709],[139.7716271,35.6752351],[139.7718491,35.6751441],[139.7719184,35.6751167],[139.7719953,35.6751678],[139.7720511,35.675161],[139.7723674,35.675032],[139.7723817,35.6750248],[139.7724562,35.6749871],[139.7724842,35.6750295],[139.7726102,35.6749784],[139.7732117,35.6747331],[139.7733048,35.6747845],[139.7733701,35.6747649],[139.7734808,35.6747453],[139.7738336,35.6747157],[139.7742852,35.6746967],[139.7744278,35.6746907],[139.7745562,35.6746857],[139.774583,35.6747331],[139.7748765,35.674728],[139.7757689,35.6747124],[139.7759332,35.6747095],[139.7763564,35.6747021],[139.776607,35.6746977],[139.7766576,35.6747078],[139.7767643,35.6747706],[139.7768729,35.6747729],[139.7769825,35.6749497],[139.7772292,35.6753527],[139.7772691,35.6754286],[139.7773268,35.6755141],[139.7774536,35.6757163],[139.7774813,35.6757604],[139.7776577,35.676032],[139.7778063,35.6762994],[139.7779562,35.6765493],[139.7780015,35.6766248],[139.778162,35.6766422],[139.7782667,35.6768047],[139.7784032,35.6770165],[139.7785401,35.6772289],[139.7787079,35.6775044],[139.7788159,35.6776816],[139.77893,35.6778688],[139.7790219,35.6780196],[139.7790722,35.6781022],[139.7791297,35.6781966],[139.7792812,35.6784453],[139.779507,35.6788159],[139.7799467,35.6794826],[139.7801145,35.6797594],[139.7801805,35.6798673],[139.7802297,35.6799503],[139.7803125,35.6800826],[139.7806565,35.6806323],[139.780713,35.6805866],[139.7808789,35.6808429],[139.7811522,35.6812778],[139.7812523,35.6814401],[139.7812961,35.6814328],[139.7813208,35.6814763],[139.7816545,35.6812552],[139.782018,35.6809911],[139.7824107,35.6812111],[139.7827478,35.6813929],[139.7832447,35.681663],[139.7836695,35.6818939],[139.7838422,35.6819878],[139.7840441,35.6820975],[139.7840974,35.6821265],[139.7841521,35.6821519],[139.7844547,35.6822923]]},"properties":{"routeId":"osm_route_01_025","originId":"route_origin_ginza_001","originName":"Ginza controlled route test origin","shelterId":"chuo_official_emergency_025","shelterName":"日本橋区民センター","plateauBuildingId":"13102-bldg-12306","routeDistanceMeters":2555.541,"estimatedTravelTimeSeconds":2129.618,"routeSource":"OSM","routeType":"estimated_pedestrian_route","isOfficialEvacuationRoute":false}},{"type":"Feature","geometry":{"type":"LineString","coordinates":[[139.7652352,35.6715701],[139.7651121,35.6714566],[139.7651425,35.6714298],[139.7651753,35.6714051],[139.7652342,35.6713606],[139.765259,35.6713419],[139.7652831,35.6713226],[139.7652979,35.6712359],[139.7653191,35.6712105],[139.7653872,35.671158],[139.7656712,35.6709394],[139.7656772,35.6709356],[139.7657006,35.6709208],[139.7657333,35.670894],[139.7657416,35.6708885],[139.7657793,35.6708584],[139.7660855,35.6706244],[139.7661497,35.6705709],[139.7661879,35.6705335],[139.7662177,35.6705054],[139.766237,35.6704894],[139.7662809,35.6704529],[139.7665605,35.670221],[139.7665832,35.6702022],[139.766603,35.6701875],[139.7666261,35.6701708],[139.7666664,35.6701388],[139.7666838,35.670125],[139.7667179,35.6700973],[139.7667457,35.6700762],[139.7667709,35.670065],[139.7667824,35.6700446],[139.7668231,35.670015],[139.7669336,35.6699184],[139.7669722,35.6698955],[139.7670066,35.6698946],[139.7670588,35.6699082],[139.7670768,35.6699195],[139.7671058,35.6698882],[139.7671425,35.6698524],[139.7673033,35.6697014],[139.7673512,35.6696561],[139.7673718,35.6696422],[139.7673571,35.6696201],[139.767355,35.6695896],[139.7673686,35.6695455],[139.7673836,35.6695217],[139.7673926,35.6695074],[139.7675546,35.6693646],[139.7677686,35.6691761],[139.7678849,35.6690736],[139.7679038,35.6690675],[139.7679256,35.6690362],[139.7679513,35.6690153],[139.7679907,35.6689833],[139.768004,35.6689663],[139.7680212,35.6689339],[139.7681679,35.6688174],[139.7681921,35.6687931],[139.7682114,35.6687764],[139.7683335,35.6686798],[139.7683594,35.6686641],[139.7683991,35.6686581],[139.7684171,35.6686228],[139.7684553,35.6685903],[139.7684845,35.6685654],[139.7686237,35.668452],[139.768788,35.6683181],[139.7688209,35.6682997],[139.7688612,35.6682773],[139.7688943,35.6682612],[139.768913,35.6682017],[139.7691916,35.6679757],[139.7693708,35.6678303],[139.769703,35.6675608],[139.7697328,35.6675403],[139.769757,35.6675412],[139.7697644,35.6675152],[139.7698037,35.6674784],[139.7698476,35.6674378],[139.769862,35.6674315],[139.769855,35.6674167],[139.7698596,35.6673998],[139.7698996,35.6673668],[139.7701485,35.6671613],[139.7705714,35.6668091],[139.7706191,35.6667985],[139.7706953,35.6668072],[139.7707095,35.666738],[139.7707616,35.6666988],[139.770856,35.6666279],[139.7708892,35.6666029],[139.7709219,35.666579],[139.7709084,35.666545],[139.7709084,35.6665189],[139.7709183,35.6664869],[139.7709392,35.6664539],[139.7713805,35.6660088],[139.7717049,35.6656809],[139.7717246,35.665661],[139.7719628,35.6654206],[139.772026,35.6653568],[139.7721648,35.6652162],[139.7726481,35.6647288],[139.7726887,35.6647186],[139.7727352,35.6646678],[139.7727869,35.664621],[139.7727937,35.6645815],[139.7730441,35.6643676],[139.7732881,35.6641344],[139.7733126,35.6641238],[139.7733461,35.6640958],[139.7733702,35.6640724],[139.7733821,35.6640527],[139.7735952,35.6638555],[139.7737667,35.6636972],[139.7738311,35.6636378],[139.7738518,35.6636347],[139.7738855,35.6635826],[139.7739258,35.6635198],[139.7739227,35.6635123],[139.7739217,35.6635043],[139.7739219,35.6634974],[139.7739235,35.6634901],[139.7739257,35.6634843],[139.7739297,35.6634784],[139.7741249,35.6632818],[139.7741869,35.6632034],[139.7747543,35.6625799],[139.7751894,35.6621137],[139.7758181,35.6614199],[139.7759147,35.6613254],[139.7768306,35.6604295],[139.7768688,35.6603921],[139.7772217,35.6606322],[139.7778513,35.6610597],[139.7778665,35.6610698],[139.7781962,35.6613027],[139.7783487,35.661417],[139.7783955,35.6613829],[139.7784042,35.6613892],[139.778463,35.66143],[139.7785193,35.6613775],[139.7788958,35.6610263],[139.7793081,35.6606475],[139.7793369,35.660668],[139.7795815,35.6608288],[139.7797345,35.660936],[139.7798894,35.6610444],[139.7800485,35.6611559],[139.7802206,35.6612764],[139.7802662,35.6613083],[139.7803185,35.6613456],[139.7803599,35.6613747],[139.7804168,35.6614147],[139.7804864,35.6613539],[139.780578,35.6612741],[139.7807574,35.6614022],[139.7809008,35.6615047],[139.7814741,35.6619143],[139.7815334,35.6618592],[139.7815708,35.6618902]]},"properties":{"routeId":"osm_route_01_026","originId":"route_origin_ginza_001","originName":"Ginza controlled route test origin","shelterId":"chuo_official_emergency_026","shelterName":"月島区民センター","plateauBuildingId":"13102-bldg-3852","routeDistanceMeters":2252.098,"estimatedTravelTimeSeconds":1876.748,"routeSource":"OSM","routeType":"estimated_pedestrian_route","isOfficialEvacuationRoute":false}},{"type":"Feature","geometry":{"type":"LineString","coordinates":[[139.7652352,35.6715701],[139.7651121,35.6714566],[139.7651425,35.6714298],[139.7651753,35.6714051],[139.7652342,35.6713606],[139.765259,35.6713419],[139.7652831,35.6713226],[139.7652979,35.6712359],[139.7653191,35.6712105],[139.7653872,35.671158],[139.7656712,35.6709394],[139.7656772,35.6709356],[139.7657006,35.6709208],[139.7657333,35.670894],[139.7657416,35.6708885],[139.7657793,35.6708584],[139.7660855,35.6706244],[139.7661497,35.6705709],[139.7661879,35.6705335],[139.7662177,35.6705054],[139.766237,35.6704894],[139.7662809,35.6704529],[139.7665605,35.670221],[139.7665832,35.6702022],[139.766603,35.6701875],[139.7666261,35.6701708],[139.7666664,35.6701388],[139.7666838,35.670125],[139.7667179,35.6700973],[139.7667457,35.6700762],[139.7667709,35.670065],[139.7667824,35.6700446],[139.7668231,35.670015],[139.7669336,35.6699184],[139.7669722,35.6698955],[139.7670066,35.6698946],[139.7670588,35.6699082],[139.7670768,35.6699195],[139.7671058,35.6698882],[139.7671425,35.6698524],[139.7673033,35.6697014],[139.7673512,35.6696561],[139.7673718,35.6696422],[139.7673571,35.6696201],[139.767355,35.6695896],[139.7673686,35.6695455],[139.7673836,35.6695217],[139.7673926,35.6695074],[139.7675546,35.6693646],[139.7677686,35.6691761],[139.7678849,35.6690736],[139.7679038,35.6690675],[139.7679256,35.6690362],[139.7679513,35.6690153],[139.7679907,35.6689833],[139.768004,35.6689663],[139.7680212,35.6689339],[139.7681679,35.6688174],[139.7681921,35.6687931],[139.7682114,35.6687764],[139.7683335,35.6686798],[139.7683594,35.6686641],[139.7683991,35.6686581],[139.7684171,35.6686228],[139.7684553,35.6685903],[139.7684845,35.6685654],[139.7686237,35.668452],[139.768788,35.6683181],[139.7688209,35.6682997],[139.7688612,35.6682773],[139.7688943,35.6682612],[139.768913,35.6682017],[139.7691916,35.6679757],[139.7693708,35.6678303],[139.769703,35.6675608],[139.7696773,35.6675326],[139.7696267,35.6674919],[139.7697278,35.6674097],[139.7696483,35.6673314],[139.7697431,35.6672474],[139.7704561,35.6666279],[139.770556,35.6665409],[139.7706459,35.6664627],[139.770727,35.6663792],[139.7707636,35.6663432],[139.7708996,35.6662051],[139.7712088,35.6658912],[139.7715288,35.6655662],[139.7717835,35.665308],[139.7720045,35.6650833],[139.7722273,35.664857],[139.772472,35.6646098],[139.772548,35.6645313],[139.7726256,35.6644588],[139.7728662,35.6642321],[139.7735808,35.6635602],[139.7736655,35.6634805],[139.7740456,35.6631346],[139.7756774,35.6613478],[139.7763032,35.6606541],[139.7766257,35.6602968],[139.7766982,35.660213],[139.7767796,35.6601287],[139.7771006,35.6597937],[139.7774597,35.6594303],[139.7775802,35.6593169],[139.7776578,35.6592449],[139.7777647,35.6591437],[139.777684,35.6590897],[139.7780556,35.658724],[139.7783886,35.6583963],[139.7784446,35.6583412],[139.778478,35.6583089],[139.778525,35.6582636],[139.7785568,35.6582226],[139.7788695,35.6579182],[139.7789151,35.6578768],[139.778943,35.6578515],[139.7792528,35.6575412],[139.779941,35.6568659],[139.7799791,35.6568242],[139.7800328,35.6567655],[139.7801013,35.6566986],[139.7799842,35.656679],[139.7799273,35.6566412],[139.7798943,35.6566157],[139.779871,35.6565851],[139.7798539,35.6565532],[139.7798426,35.6565261],[139.7798309,35.6564855],[139.7798292,35.6564332],[139.7798416,35.6563706],[139.7798557,35.6563379],[139.7798718,35.656315],[139.7799057,35.656279],[139.7799265,35.6562526],[139.7799553,35.6561929],[139.7799546,35.6561363],[139.7799387,35.656074],[139.7799261,35.6560559],[139.779905,35.6560306],[139.7798735,35.6560017],[139.7798441,35.6559808],[139.7797926,35.6559601],[139.7797447,35.6559499],[139.7796898,35.6559341],[139.7796495,35.6559173],[139.7796216,35.6558964],[139.7795833,35.6558522],[139.7795583,35.6558099],[139.7795416,35.6557478],[139.7795118,35.6556642],[139.7794253,35.6556084],[139.7789208,35.655261],[139.7787161,35.6551238],[139.7781562,35.6547483],[139.7780959,35.6547082],[139.7779329,35.6545998],[139.7779863,35.6545441],[139.7780382,35.6544901],[139.7774927,35.6541183],[139.7772507,35.6539534],[139.7771468,35.6538826],[139.7770986,35.6538497],[139.776715,35.6535904],[139.7759097,35.6530648],[139.7751903,35.6525921],[139.7744539,35.6521539]]},"properties":{"routeId":"osm_route_01_027","originId":"route_origin_ginza_001","originName":"Ginza controlled route test origin","shelterId":"chuo_official_emergency_027","shelterName":"(旧)ほっとプラザはるみ","plateauBuildingId":"13102-bldg-525","routeDistanceMeters":2955.346,"estimatedTravelTimeSeconds":2462.788,"routeSource":"OSM","routeType":"estimated_pedestrian_route","isOfficialEvacuationRoute":false}},{"type":"Feature","geometry":{"type":"LineString","coordinates":[[139.7752439,35.6824518],[139.7753108,35.682423],[139.7751515,35.6821757],[139.7751134,35.6821166],[139.775075,35.6821333],[139.7750625,35.682138],[139.7750234,35.6820732],[139.7738852,35.6825192],[139.773833,35.6824326],[139.7738071,35.6823897],[139.773792,35.6823646],[139.773718,35.6823393],[139.7735514,35.6820778],[139.7734168,35.6818667],[139.7733858,35.681818],[139.7733633,35.6817814],[139.7731332,35.6814065],[139.773098,35.6813492],[139.7730688,35.6813027],[139.7729783,35.6811583],[139.7727482,35.6807913],[139.7727047,35.6807218],[139.7726867,35.6806932],[139.772662,35.680655],[139.7726216,35.6805925],[139.7724401,35.6803056],[139.7724205,35.6802743],[139.7722314,35.6799729],[139.7720265,35.6796397],[139.7719245,35.6794693],[139.7718888,35.6794819],[139.7718522,35.6794949],[139.7717592,35.6795279],[139.7717342,35.6795368],[139.771707,35.6795464],[139.7715875,35.6795916],[139.771381,35.6795999],[139.7713007,35.6795691],[139.7711911,35.6793738],[139.7711664,35.6793296],[139.7710597,35.6793694],[139.7710121,35.679368],[139.770408,35.6796183],[139.7703114,35.6796566],[139.7702124,35.6796977],[139.769798,35.6798697],[139.7694137,35.6800292],[139.7693536,35.6800542],[139.7692883,35.6800482],[139.7692429,35.6800285],[139.7690615,35.6797207],[139.7687571,35.679553],[139.7687159,35.6794886],[139.7689789,35.6793855],[139.7691166,35.6795958],[139.7691723,35.6795739],[139.7688519,35.6790668],[139.7688061,35.6790859],[139.7689475,35.679319],[139.7690351,35.6792853]]},"properties":{"routeId":"osm_route_02_001","originId":"route_origin_nihonbashi_001","originName":"Nihonbashi controlled route test origin","shelterId":"chuo_official_emergency_001","shelterName":"城東小学校","plateauBuildingId":"13102-bldg-3742","routeDistanceMeters":1083.201,"estimatedTravelTimeSeconds":902.668,"routeSource":"OSM","routeType":"estimated_pedestrian_route","isOfficialEvacuationRoute":false}},{"type":"Feature","geometry":{"type":"LineString","coordinates":[[139.7752439,35.6824518],[139.7753108,35.682423],[139.7753593,35.6824022],[139.7751636,35.6820963],[139.7752022,35.6820801],[139.7752441,35.6820632],[139.7753535,35.6820185],[139.7755956,35.6819196],[139.7755578,35.6818594],[139.7754908,35.6817528],[139.7754513,35.6816898],[139.7754683,35.6816424],[139.7752521,35.6812947],[139.7750825,35.6810221],[139.7748572,35.68066],[139.7748382,35.6806295],[139.7748151,35.6805923],[139.7746783,35.680372],[139.7746867,35.6803177],[139.7746538,35.680265],[139.7746209,35.6802123],[139.7749633,35.6800693],[139.774908,35.6799778],[139.7748579,35.6798949],[139.7748564,35.6798721],[139.7748481,35.6798665],[139.7748167,35.6798151],[139.7747859,35.6797648],[139.7745652,35.6794035],[139.7743294,35.6790173],[139.7740591,35.6785748],[139.7740817,35.6784355],[139.7740451,35.6783735],[139.7739828,35.6782659],[139.7739471,35.6782045],[139.7743004,35.6780625],[139.7740851,35.677705],[139.7741288,35.677688],[139.7738816,35.6772926],[139.773726,35.6770411],[139.7735065,35.6766902],[139.7732339,35.6762521],[139.7730837,35.6760083],[139.7728289,35.6755946],[139.7725588,35.6751562],[139.7725266,35.675104],[139.7724842,35.6750295],[139.7724562,35.6749871],[139.7724919,35.6749595],[139.7724745,35.6749453],[139.7721996,35.6745117],[139.7721754,35.6744692],[139.7720158,35.6742034],[139.7719475,35.6741337],[139.7718685,35.6740082],[139.7718254,35.6739398],[139.7717771,35.6739136],[139.7716672,35.6737153],[139.7716712,35.673699],[139.7716605,35.6736783],[139.7716464,35.6736459],[139.7716276,35.6736026],[139.7716286,35.6735959],[139.7721235,35.6734161],[139.7721289,35.6733943],[139.7720503,35.6731575],[139.7719803,35.6731709]]},"properties":{"routeId":"osm_route_02_002","originId":"route_origin_nihonbashi_001","originName":"Nihonbashi controlled route test origin","shelterId":"chuo_official_emergency_002","shelterName":"京橋プラザ","plateauBuildingId":"13102-bldg-8069","routeDistanceMeters":1251.962,"estimatedTravelTimeSeconds":1043.302,"routeSource":"OSM","routeType":"estimated_pedestrian_route","isOfficialEvacuationRoute":false}},{"type":"Feature","geometry":{"type":"LineString","coordinates":[[139.7752439,35.6824518],[139.7753108,35.682423],[139.7753593,35.6824022],[139.7751636,35.6820963],[139.7751228,35.6820337],[139.7750569,35.6819317],[139.7750114,35.6818687],[139.774822,35.6815672],[139.7747764,35.6814946],[139.7746523,35.6812971],[139.774604,35.6812201],[139.7745212,35.6810911],[139.7744413,35.6809667],[139.774379,35.6808634],[139.7743589,35.68083],[139.7743359,35.6807914],[139.7741993,35.680563],[139.773999,35.6802356],[139.773954,35.6801621],[139.7739204,35.6801069],[139.7737216,35.6797803],[139.7737048,35.6797546],[139.7736335,35.6796366],[139.773506,35.6794314],[139.7734739,35.6793778],[139.7733877,35.6792372],[139.7733748,35.6792172],[139.7732998,35.6790957],[139.7732774,35.6790594],[139.773162,35.6788681],[139.7730982,35.6787745],[139.7730117,35.6786478],[139.7729539,35.678563],[139.7727726,35.6782565],[139.772519,35.6778681],[139.7723436,35.6775981],[139.7721349,35.6772486],[139.7718602,35.6768282],[139.7716898,35.6765647],[139.7714423,35.6761556],[139.7712025,35.6757538],[139.7711561,35.6756761],[139.7710997,35.6755834],[139.7710619,35.6755327],[139.7708488,35.6752037],[139.7707062,35.6749694],[139.7706257,35.6748489],[139.7697657,35.6751618],[139.7693416,35.6753107],[139.7692567,35.6753381],[139.7691705,35.6753501],[139.7690943,35.6753669],[139.7690436,35.6753668],[139.768953,35.6753711],[139.7685595,35.6753683],[139.7678371,35.6755895],[139.767791,35.6756048],[139.7676977,35.6754584],[139.7675757,35.6752681],[139.7675386,35.6752048],[139.7675105,35.6751535],[139.767361,35.6752003],[139.7673039,35.6752181],[139.7672853,35.6751745],[139.767287,35.6751581],[139.7672616,35.6751533],[139.7672371,35.6751636],[139.7671886,35.6751761],[139.7671351,35.6751908],[139.7671139,35.675195],[139.7671136,35.6751818],[139.7671089,35.6751687],[139.7666431,35.6747209],[139.7666284,35.674716],[139.7666089,35.6747198],[139.7666012,35.6747252],[139.7665855,35.6747061],[139.7665637,35.6746855],[139.7665386,35.6746619],[139.7665293,35.6746546],[139.7665401,35.6746475],[139.7665422,35.6746337],[139.7665313,35.6746232],[139.7659033,35.6740222],[139.7657091,35.6738371],[139.7656792,35.6738407],[139.7656754,35.6738135],[139.7656582,35.6737965],[139.7656291,35.6737678],[139.7656039,35.6737587],[139.7656039,35.6737367],[139.7647629,35.672931],[139.7647466,35.672931],[139.7647356,35.6729115],[139.7647067,35.6728837],[139.7646809,35.6728592],[139.764668,35.672852],[139.764326,35.6730833],[139.7642773,35.6730728],[139.7639787,35.6728859],[139.7639219,35.6728463],[139.7638642,35.6728134],[139.7635518,35.6726349],[139.7635272,35.6726119],[139.7635235,35.6725897],[139.7635244,35.6725667],[139.7634637,35.6725561],[139.7633306,35.6725323],[139.7632529,35.6725213],[139.7631752,35.6725123],[139.7630608,35.6725006],[139.7630166,35.6724961],[139.7629839,35.6725413],[139.7627664,35.6726722],[139.7627093,35.6726706],[139.762673,35.6726772],[139.7618707,35.6719208],[139.7618293,35.6718817],[139.7617555,35.6719138],[139.7613478,35.6719571]]},"properties":{"routeId":"osm_route_02_003","originId":"route_origin_nihonbashi_001","originName":"Nihonbashi controlled route test origin","shelterId":"chuo_official_emergency_003","shelterName":"泰明小学校","plateauBuildingId":"13102-bldg-5702","routeDistanceMeters":2057.729,"estimatedTravelTimeSeconds":1714.774,"routeSource":"OSM","routeType":"estimated_pedestrian_route","isOfficialEvacuationRoute":false}},{"type":"Feature","geometry":{"type":"LineString","coordinates":[[139.7752439,35.6824518],[139.7753108,35.682423],[139.7753593,35.6824022],[139.7751636,35.6820963],[139.7751228,35.6820337],[139.7750569,35.6819317],[139.7750114,35.6818687],[139.774822,35.6815672],[139.7747764,35.6814946],[139.7746523,35.6812971],[139.774604,35.6812201],[139.7745212,35.6810911],[139.7744413,35.6809667],[139.774379,35.6808634],[139.7743589,35.68083],[139.7743359,35.6807914],[139.7741993,35.680563],[139.773999,35.6802356],[139.773954,35.6801621],[139.7739204,35.6801069],[139.7737216,35.6797803],[139.7737048,35.6797546],[139.7736335,35.6796366],[139.773506,35.6794314],[139.7734739,35.6793778],[139.7733877,35.6792372],[139.7733748,35.6792172],[139.7732998,35.6790957],[139.7732774,35.6790594],[139.773162,35.6788681],[139.7730982,35.6787745],[139.7730117,35.6786478],[139.7729539,35.678563],[139.7727726,35.6782565],[139.772519,35.6778681],[139.7723436,35.6775981],[139.7721349,35.6772486],[139.7718602,35.6768282],[139.7716898,35.6765647],[139.7714423,35.6761556],[139.7712025,35.6757538],[139.7711561,35.6756761],[139.7710997,35.6755834],[139.7710619,35.6755327],[139.7708488,35.6752037],[139.7707062,35.6749694],[139.7706257,35.6748489],[139.7705248,35.6746859],[139.7703794,35.6744429],[139.7703604,35.6744112],[139.7701382,35.6741238],[139.7700922,35.6740641],[139.7700531,35.6740166],[139.7696364,35.6735094],[139.7693939,35.6731962],[139.7691968,35.6729387],[139.7691653,35.6728922],[139.769123,35.6728404],[139.7689604,35.6726411],[139.7685978,35.6721758],[139.7684163,35.6719485],[139.7683782,35.6719008],[139.7683367,35.671851],[139.767597,35.6709641],[139.7675576,35.670917],[139.7678018,35.6707363],[139.767773,35.6707043],[139.7677635,35.6706942],[139.767767,35.6706886],[139.767766,35.6706632],[139.7677061,35.6705969],[139.7671182,35.6699455],[139.7670768,35.6699195],[139.7671058,35.6698882],[139.7671425,35.6698524],[139.7670179,35.6697255],[139.7669344,35.6696354],[139.766817,35.6695049],[139.7662027,35.6689974],[139.7661138,35.6689154],[139.766018,35.6688269],[139.7661765,35.6686931],[139.7660751,35.6686117],[139.7658634,35.6684415],[139.7656626,35.6682713],[139.7657106,35.6682282],[139.7656892,35.66821],[139.765313,35.6679104],[139.7653103,35.6678907],[139.7653143,35.6678717],[139.7652976,35.6678548],[139.7652612,35.6678261],[139.7652265,35.6677987],[139.7651995,35.6677868],[139.7651713,35.6677835],[139.7644753,35.6672246],[139.7644028,35.6671374],[139.7643935,35.6670993],[139.7644122,35.66706],[139.7645933,35.666901],[139.7646235,35.6668775],[139.7646523,35.6668552],[139.7648494,35.6666929],[139.7648906,35.6666613],[139.7649205,35.6666384],[139.765358,35.6662715],[139.7653413,35.6662568],[139.7653163,35.6662362],[139.7652461,35.6661784],[139.7652025,35.6661424],[139.7651853,35.6661242],[139.765195,35.666108],[139.7651892,35.6660737],[139.7650039,35.6659236],[139.764987,35.6659096],[139.764969,35.6658947],[139.7647666,35.6657447]]},"properties":{"routeId":"osm_route_02_004","originId":"route_origin_nihonbashi_001","originName":"Nihonbashi controlled route test origin","shelterId":"chuo_official_emergency_004","shelterName":"銀座中学校","plateauBuildingId":"13102-bldg-3140","routeDistanceMeters":2255.325,"estimatedTravelTimeSeconds":1879.438,"routeSource":"OSM","routeType":"estimated_pedestrian_route","isOfficialEvacuationRoute":false}},{"type":"Feature","geometry":{"type":"LineString","coordinates":[[139.7752439,35.6824518],[139.7753108,35.682423],[139.7753593,35.6824022],[139.7751636,35.6820963],[139.7752022,35.6820801],[139.7752441,35.6820632],[139.7753535,35.6820185],[139.7755956,35.6819196],[139.7755578,35.6818594],[139.7756873,35.6818075],[139.7759094,35.681716],[139.776041,35.681663],[139.7765126,35.6814734],[139.7771504,35.6812151],[139.7771203,35.6811034],[139.7770762,35.6810287],[139.7770206,35.6809337],[139.7769154,35.6807447],[139.7764779,35.6800075],[139.7760983,35.6793594],[139.7760645,35.6793028],[139.7760334,35.6792503],[139.7758763,35.6790011],[139.7757149,35.6787153],[139.7761419,35.678535],[139.7761854,35.678517],[139.7760505,35.678297],[139.7764936,35.6781112],[139.7765542,35.6780858],[139.7766304,35.6780531],[139.7770387,35.677878],[139.7771687,35.6778223],[139.7773355,35.6777488],[139.7775125,35.6776708],[139.7777002,35.677588],[139.7777436,35.6775689],[139.7775796,35.6773141],[139.7776082,35.6773015],[139.7781731,35.6770523],[139.7782431,35.6770117],[139.7781455,35.6768547],[139.7782667,35.6768047],[139.7783478,35.6767712],[139.7783639,35.6766906],[139.7783124,35.6765974],[139.7782673,35.676516],[139.7786054,35.6764305],[139.7786208,35.6763971],[139.7786331,35.6763704],[139.7784938,35.6761099],[139.7785082,35.6760686],[139.7783529,35.6757854],[139.7783895,35.6757501],[139.7785635,35.6751279],[139.7785805,35.6748703],[139.7785917,35.674685],[139.7785968,35.6746259],[139.778605,35.674551],[139.7786114,35.6744822],[139.778606,35.674155],[139.7786053,35.6741097],[139.7786043,35.6740727],[139.7785878,35.6734638],[139.7785796,35.6732683],[139.7785625,35.6730674],[139.7785499,35.6729166],[139.7785196,35.6728245],[139.7784985,35.6727775],[139.7783881,35.6724712],[139.7789091,35.6723783]]},"properties":{"routeId":"osm_route_02_005","originId":"route_origin_nihonbashi_001","originName":"Nihonbashi controlled route test origin","shelterId":"chuo_official_emergency_005","shelterName":"中央小学校","plateauBuildingId":"13102-bldg-3228","routeDistanceMeters":1520.511,"estimatedTravelTimeSeconds":1267.092,"routeSource":"OSM","routeType":"estimated_pedestrian_route","isOfficialEvacuationRoute":false}},{"type":"Feature","geometry":{"type":"LineString","coordinates":[[139.7752439,35.6824518],[139.7753108,35.682423],[139.7753593,35.6824022],[139.7751636,35.6820963],[139.7752022,35.6820801],[139.7752441,35.6820632],[139.7753535,35.6820185],[139.7755956,35.6819196],[139.7755578,35.6818594],[139.7756873,35.6818075],[139.7759094,35.681716],[139.776041,35.681663],[139.7765126,35.6814734],[139.7771504,35.6812151],[139.7771203,35.6811034],[139.7770762,35.6810287],[139.7770206,35.6809337],[139.7769154,35.6807447],[139.7764779,35.6800075],[139.7760983,35.6793594],[139.7760645,35.6793028],[139.7760334,35.6792503],[139.7758763,35.6790011],[139.7757149,35.6787153],[139.7761419,35.678535],[139.7761854,35.678517],[139.7760505,35.678297],[139.7764936,35.6781112],[139.7765542,35.6780858],[139.7766304,35.6780531],[139.7770387,35.677878],[139.7771687,35.6778223],[139.7773355,35.6777488],[139.7775125,35.6776708],[139.7777002,35.677588],[139.7777436,35.6775689],[139.7775796,35.6773141],[139.7776082,35.6773015],[139.7781731,35.6770523],[139.7782431,35.6770117],[139.7781455,35.6768547],[139.7782667,35.6768047],[139.7783478,35.6767712],[139.7783639,35.6766906],[139.7783124,35.6765974],[139.7782673,35.676516],[139.7786054,35.6764305],[139.7786208,35.6763971],[139.7786331,35.6763704],[139.7784938,35.6761099],[139.7785082,35.6760686],[139.7783529,35.6757854],[139.7783895,35.6757501],[139.7785635,35.6751279],[139.7785805,35.6748703],[139.7785917,35.674685],[139.7785968,35.6746259],[139.778605,35.674551],[139.7786114,35.6744822],[139.778606,35.674155],[139.7786053,35.6741097],[139.7786043,35.6740727],[139.7785878,35.6734638],[139.7785796,35.6732683],[139.7785625,35.6730674],[139.7785499,35.6729166],[139.7785196,35.6728245],[139.7784985,35.6727775],[139.7783881,35.6724712],[139.7783591,35.6723916],[139.7782475,35.6720909],[139.7782265,35.6720342],[139.7782079,35.6719867],[139.7781332,35.6717964],[139.7780354,35.671547],[139.7779455,35.671318],[139.7778727,35.6711322],[139.777852,35.6710795],[139.7778333,35.6710318],[139.7776755,35.6706288],[139.7775642,35.6703445],[139.7774543,35.6700639],[139.7773304,35.6697474],[139.7773056,35.6696873],[139.7772874,35.6696444],[139.7772501,35.6695606],[139.7772017,35.669449],[139.7768758,35.668653],[139.7768523,35.6685957]]},"properties":{"routeId":"osm_route_02_006","originId":"route_origin_nihonbashi_001","originName":"Nihonbashi controlled route test origin","shelterId":"chuo_official_emergency_006","shelterName":"明石小学校","plateauBuildingId":"13102-bldg-3751","routeDistanceMeters":1925.075,"estimatedTravelTimeSeconds":1604.229,"routeSource":"OSM","routeType":"estimated_pedestrian_route","isOfficialEvacuationRoute":false}},{"type":"Feature","geometry":{"type":"LineString","coordinates":[[139.7752439,35.6824518],[139.7753108,35.682423],[139.7753593,35.6824022],[139.7751636,35.6820963],[139.7751228,35.6820337],[139.7750569,35.6819317],[139.7750114,35.6818687],[139.774822,35.6815672],[139.7747764,35.6814946],[139.7746523,35.6812971],[139.774604,35.6812201],[139.7745212,35.6810911],[139.7744413,35.6809667],[139.774379,35.6808634],[139.7743589,35.68083],[139.7743359,35.6807914],[139.7741993,35.680563],[139.773999,35.6802356],[139.773954,35.6801621],[139.7739204,35.6801069],[139.7737216,35.6797803],[139.7737048,35.6797546],[139.7736335,35.6796366],[139.773506,35.6794314],[139.7734739,35.6793778],[139.7733877,35.6792372],[139.7733748,35.6792172],[139.7732998,35.6790957],[139.7732774,35.6790594],[139.773162,35.6788681],[139.7730982,35.6787745],[139.7730117,35.6786478],[139.7729539,35.678563],[139.7727726,35.6782565],[139.772519,35.6778681],[139.7723436,35.6775981],[139.7721349,35.6772486],[139.7718602,35.6768282],[139.7716898,35.6765647],[139.7714423,35.6761556],[139.7712025,35.6757538],[139.7711561,35.6756761],[139.7710997,35.6755834],[139.7710619,35.6755327],[139.7708488,35.6752037],[139.7707062,35.6749694],[139.7706257,35.6748489],[139.7705248,35.6746859],[139.7703794,35.6744429],[139.7703604,35.6744112],[139.7701382,35.6741238],[139.7700922,35.6740641],[139.7700531,35.6740166],[139.7696364,35.6735094],[139.7693939,35.6731962],[139.7691968,35.6729387],[139.7691653,35.6728922],[139.769123,35.6728404],[139.7689604,35.6726411],[139.7685978,35.6721758],[139.7684163,35.6719485],[139.7683782,35.6719008],[139.7683367,35.671851],[139.767597,35.6709641],[139.7675576,35.670917],[139.7678018,35.6707363],[139.7678823,35.6706767],[139.7680771,35.6705424],[139.7681649,35.6704768],[139.7683947,35.6703049],[139.7686619,35.6701092],[139.768856,35.6699661],[139.7689251,35.6699152],[139.7689785,35.6698766],[139.7692434,35.6696855],[139.7694543,35.6695214],[139.7695107,35.66948],[139.7695377,35.6694605],[139.7695701,35.6694371],[139.7698472,35.6692368],[139.769868,35.6692218],[139.769906,35.6691942],[139.7699815,35.6691426],[139.7705773,35.6687351],[139.7708804,35.668512],[139.7709769,35.6684414],[139.7710717,35.6683746],[139.7710363,35.6683387]]},"properties":{"routeId":"osm_route_02_007","originId":"route_origin_nihonbashi_001","originName":"Nihonbashi controlled route test origin","shelterId":"chuo_official_emergency_007","shelterName":"京橋築地小学校","plateauBuildingId":"13102-bldg-2853","routeDistanceMeters":1902.721,"estimatedTravelTimeSeconds":1585.601,"routeSource":"OSM","routeType":"estimated_pedestrian_route","isOfficialEvacuationRoute":false}},{"type":"Feature","geometry":{"type":"LineString","coordinates":[[139.7752439,35.6824518],[139.7753108,35.682423],[139.7753593,35.6824022],[139.7751636,35.6820963],[139.7752022,35.6820801],[139.7752441,35.6820632],[139.7753535,35.6820185],[139.7755956,35.6819196],[139.7755578,35.6818594],[139.7754908,35.6817528],[139.7754513,35.6816898],[139.7754683,35.6816424],[139.7752521,35.6812947],[139.7750825,35.6810221],[139.7748572,35.68066],[139.7748382,35.6806295],[139.7748151,35.6805923],[139.7746783,35.680372],[139.7746867,35.6803177],[139.7746538,35.680265],[139.7746209,35.6802123],[139.7749633,35.6800693],[139.774908,35.6799778],[139.7748579,35.6798949],[139.7748564,35.6798721],[139.7748481,35.6798665],[139.7748167,35.6798151],[139.7747859,35.6797648],[139.7745652,35.6794035],[139.7743294,35.6790173],[139.7740591,35.6785748],[139.7740817,35.6784355],[139.7744586,35.6782846],[139.7745261,35.6782575],[139.7745481,35.6782444],[139.7745974,35.6782242],[139.7751658,35.6779915],[139.7752414,35.6779607],[139.7752965,35.6779364],[139.7752558,35.6778657],[139.7752059,35.6777792],[139.7755628,35.6776364],[139.7755801,35.6775481],[139.7759652,35.6773909],[139.7759904,35.6773394],[139.7760628,35.6773088],[139.7761373,35.6772787],[139.7759897,35.6770496],[139.77639,35.6768781],[139.776216,35.6766073],[139.7765462,35.6764705],[139.7768957,35.6763257],[139.7769442,35.6763056],[139.7768454,35.6761483],[139.7767745,35.6760354],[139.7767491,35.6759949],[139.7766534,35.6758425],[139.7765416,35.6756646],[139.7764113,35.675461],[139.7763088,35.6753009],[139.7762691,35.6752388],[139.7761836,35.6751052],[139.7759332,35.6747095],[139.7757689,35.6747124]]},"properties":{"routeId":"osm_route_02_008","originId":"route_origin_nihonbashi_001","originName":"Nihonbashi controlled route test origin","shelterId":"chuo_official_emergency_008","shelterName":"京華スクエア","plateauBuildingId":"13102-bldg-8277","routeDistanceMeters":1181.358,"estimatedTravelTimeSeconds":984.465,"routeSource":"OSM","routeType":"estimated_pedestrian_route","isOfficialEvacuationRoute":false}},{"type":"Feature","geometry":{"type":"LineString","coordinates":[[139.7752439,35.6824518],[139.7753108,35.682423],[139.7753593,35.6824022],[139.7751636,35.6820963],[139.7752022,35.6820801],[139.7752441,35.6820632],[139.7753535,35.6820185],[139.7755956,35.6819196],[139.7755578,35.6818594],[139.7756873,35.6818075],[139.7759094,35.681716],[139.776041,35.681663],[139.7765126,35.6814734],[139.7771504,35.6812151],[139.7771203,35.6811034],[139.777195,35.6810732],[139.7777205,35.6808607],[139.7780673,35.6807205],[139.7780293,35.6806543],[139.7780488,35.6806465],[139.778054,35.6806196],[139.7780619,35.6805789],[139.7779163,35.6803457],[139.7779933,35.6803131],[139.7779738,35.6802824],[139.7777544,35.6799398],[139.7778271,35.6799111],[139.7783506,35.679687],[139.7783208,35.6796388],[139.7781697,35.6793949],[139.7783167,35.6793295],[139.7784641,35.679264],[139.778716,35.6791519],[139.778755,35.6791346],[139.7787897,35.6791201],[139.7793277,35.6788951],[139.7791984,35.6786818],[139.7791079,35.6785324],[139.7791774,35.6785036],[139.779013,35.6782425],[139.7791297,35.6781966],[139.7792081,35.6781658],[139.7792351,35.6781049],[139.7792054,35.6780485],[139.7795688,35.6779021],[139.7797726,35.6778199],[139.7799545,35.6777257],[139.7802498,35.677556],[139.7804094,35.6774609],[139.7805632,35.6773499],[139.7808801,35.6771292],[139.7810164,35.6770202],[139.7812748,35.6768309],[139.7816213,35.676575],[139.7816726,35.6765344],[139.7818652,35.6763817],[139.7819441,35.6763333],[139.7821252,35.6761817]]},"properties":{"routeId":"osm_route_02_009","originId":"route_origin_nihonbashi_001","originName":"Nihonbashi controlled route test origin","shelterId":"chuo_official_emergency_009","shelterName":"明正小学校","plateauBuildingId":"13102-bldg-11364","routeDistanceMeters":1143.164,"estimatedTravelTimeSeconds":952.637,"routeSource":"OSM","routeType":"estimated_pedestrian_route","isOfficialEvacuationRoute":false}},{"type":"Feature","geometry":{"type":"LineString","coordinates":[[139.7752439,35.6824518],[139.7753108,35.682423],[139.7753695,35.6825141],[139.7748037,35.6827473],[139.774128,35.6830208],[139.7743348,35.6833595],[139.7742752,35.6833839],[139.7741937,35.6834172],[139.7741219,35.6834465],[139.7741144,35.6834779],[139.7739207,35.6835232],[139.7732369,35.6836832],[139.7731616,35.6837008],[139.7729383,35.6837531],[139.7729614,35.6838142],[139.7728879,35.6838305],[139.7728073,35.6838494],[139.7714379,35.6841735],[139.7714011,35.6841819],[139.7714286,35.6842696],[139.7715024,35.684793],[139.7715137,35.6848847],[139.7715195,35.6849675],[139.7715222,35.6850164],[139.7715283,35.6850529],[139.7715339,35.6850741],[139.7715869,35.685094],[139.771553,35.6851902],[139.7715264,35.6852688],[139.7714379,35.6853014],[139.7713824,35.6854287],[139.7714109,35.6854525],[139.7713833,35.6855135],[139.7713624,35.6855615],[139.7712991,35.685601],[139.7708277,35.6865791],[139.770557,35.686975],[139.7704864,35.6870782],[139.7704381,35.6871488],[139.7703125,35.6873467],[139.7702611,35.6874276],[139.7703644,35.6876576],[139.7705223,35.687709],[139.7704767,35.6878028]]},"properties":{"routeId":"osm_route_02_010","originId":"route_origin_nihonbashi_001","originName":"Nihonbashi controlled route test origin","shelterId":"chuo_official_emergency_010","shelterName":"常盤小学校","plateauBuildingId":"13102-bldg-2872","routeDistanceMeters":926.319,"estimatedTravelTimeSeconds":771.933,"routeSource":"OSM","routeType":"estimated_pedestrian_route","isOfficialEvacuationRoute":false}},{"type":"Feature","geometry":{"type":"LineString","coordinates":[[139.7752439,35.6824518],[139.7753108,35.682423],[139.7753695,35.6825141],[139.77543,35.6825118],[139.7754819,35.6825151],[139.7759087,35.6823396],[139.77611,35.6826568],[139.7761314,35.6826898],[139.776154,35.6827247],[139.7761757,35.6827597],[139.7761833,35.682772],[139.7764031,35.6831273],[139.776486,35.6832686],[139.7766217,35.6834995],[139.7765851,35.683529],[139.7765835,35.6835879],[139.7765824,35.6836391],[139.7765766,35.6838761],[139.7767254,35.6838807],[139.7767736,35.683882],[139.7767713,35.6839232],[139.7767696,35.6839533],[139.7767272,35.6845933],[139.77669,35.6847258],[139.7766577,35.6848352],[139.7766334,35.6849173],[139.7766489,35.6849804],[139.7766069,35.6854844],[139.7765856,35.6857466],[139.7765508,35.6861687],[139.7765153,35.6865995],[139.7764858,35.6869567],[139.7764454,35.6869961],[139.7764399,35.6870571],[139.7764345,35.6871152],[139.7764418,35.6871831],[139.7764995,35.6872264],[139.7764857,35.6872775],[139.7763173,35.6876617],[139.7761774,35.6879811],[139.7760003,35.6883853],[139.7759869,35.6884171],[139.7758277,35.6887807],[139.775694,35.6891121],[139.7756374,35.6892386],[139.7756186,35.6892806],[139.7755534,35.6894263],[139.7756191,35.6894887],[139.7756596,35.6895766],[139.7756686,35.6896561],[139.7756703,35.6897038],[139.7756693,35.6897429],[139.7756496,35.6899292],[139.7756229,35.6899901],[139.7763819,35.6902313],[139.7769494,35.690422],[139.7770285,35.6904659],[139.7768979,35.6907975]]},"properties":{"routeId":"osm_route_02_011","originId":"route_origin_nihonbashi_001","originName":"Nihonbashi controlled route test origin","shelterId":"chuo_official_emergency_011","shelterName":"十思スクエア","plateauBuildingId":"13102-bldg-15570","routeDistanceMeters":1155.84,"estimatedTravelTimeSeconds":963.2,"routeSource":"OSM","routeType":"estimated_pedestrian_route","isOfficialEvacuationRoute":false}},{"type":"Feature","geometry":{"type":"LineString","coordinates":[[139.7752439,35.6824518],[139.7753108,35.682423],[139.7753695,35.6825141],[139.77543,35.6825118],[139.7754819,35.6825151],[139.7759087,35.6823396],[139.77611,35.6826568],[139.776194,35.6826206],[139.7764156,35.6825251],[139.7764934,35.6824919],[139.7765389,35.6825609],[139.776639,35.6825206],[139.7770618,35.6823505],[139.7772632,35.6822677],[139.7772748,35.6822629],[139.7775346,35.6821406],[139.7775546,35.6821317],[139.777678,35.6820769],[139.777719,35.6820605],[139.7780156,35.6819437],[139.7783043,35.6818284],[139.7783628,35.6818087],[139.7787787,35.6816373],[139.7788098,35.6816593],[139.7788844,35.6816728],[139.7789245,35.6816466],[139.7791907,35.6819271],[139.7792517,35.6819817],[139.7793853,35.6820825],[139.7794277,35.682107],[139.7795074,35.6821407],[139.7795769,35.6821646],[139.7796418,35.6821777],[139.7803285,35.6823183],[139.7805237,35.682364],[139.7805028,35.6824946],[139.780485,35.682723],[139.7804807,35.68278],[139.7803254,35.6835726],[139.7803395,35.6836361],[139.7803677,35.6837217],[139.7804105,35.6838198],[139.7806475,35.6841451],[139.781043,35.684367]]},"properties":{"routeId":"osm_route_02_012","originId":"route_origin_nihonbashi_001","originName":"Nihonbashi controlled route test origin","shelterId":"chuo_official_emergency_012","shelterName":"日本橋小学校","plateauBuildingId":"13102-bldg-12810","routeDistanceMeters":823.208,"estimatedTravelTimeSeconds":686.007,"routeSource":"OSM","routeType":"estimated_pedestrian_route","isOfficialEvacuationRoute":false}},{"type":"Feature","geometry":{"type":"LineString","coordinates":[[139.7752439,35.6824518],[139.7753108,35.682423],[139.7753695,35.6825141],[139.77543,35.6825118],[139.7754819,35.6825151],[139.7759087,35.6823396],[139.77611,35.6826568],[139.776194,35.6826206],[139.7764156,35.6825251],[139.7764934,35.6824919],[139.7765389,35.6825609],[139.776639,35.6825206],[139.7770618,35.6823505],[139.7772632,35.6822677],[139.7772748,35.6822629],[139.7775346,35.6821406],[139.7775546,35.6821317],[139.777678,35.6820769],[139.777719,35.6820605],[139.7780156,35.6819437],[139.7783043,35.6818284],[139.7783628,35.6818087],[139.7787787,35.6816373],[139.7788098,35.6816593],[139.7788844,35.6816728],[139.7789245,35.6816466],[139.778981,35.6816063],[139.7793207,35.6819188],[139.7794068,35.68198],[139.7794807,35.682023],[139.7796859,35.682116],[139.7803494,35.6822395],[139.7805256,35.6822288],[139.7805858,35.6822478],[139.7810258,35.6816491],[139.7811041,35.6816046],[139.7812116,35.6815442],[139.7813208,35.6814763],[139.7816545,35.6812552],[139.782018,35.6809911],[139.7829114,35.6802664],[139.7831322,35.6803698],[139.7832039,35.6804045],[139.7834667,35.6805286],[139.7839917,35.6807683],[139.7844468,35.6809761],[139.7848787,35.6811443],[139.7849237,35.6811618],[139.7849691,35.6811795],[139.7856999,35.681464],[139.7861924,35.6816794],[139.7863375,35.6817428],[139.7864342,35.6817923],[139.7874887,35.6823338],[139.788235,35.6827457],[139.7884493,35.682864],[139.7884089,35.6829],[139.7884304,35.6829534],[139.788297,35.6831206]]},"properties":{"routeId":"osm_route_02_013","originId":"route_origin_nihonbashi_001","originName":"Nihonbashi controlled route test origin","shelterId":"chuo_official_emergency_013","shelterName":"有馬小学校","plateauBuildingId":"13102-bldg-12391","routeDistanceMeters":1497.205,"estimatedTravelTimeSeconds":1247.671,"routeSource":"OSM","routeType":"estimated_pedestrian_route","isOfficialEvacuationRoute":false}},{"type":"Feature","geometry":{"type":"LineString","coordinates":[[139.7752439,35.6824518],[139.7753108,35.682423],[139.7753695,35.6825141],[139.77543,35.6825118],[139.7754819,35.6825151],[139.7759087,35.6823396],[139.77611,35.6826568],[139.7761314,35.6826898],[139.776154,35.6827247],[139.7761757,35.6827597],[139.7761833,35.682772],[139.7764031,35.6831273],[139.776486,35.6832686],[139.7766217,35.6834995],[139.7765851,35.683529],[139.7765835,35.6835879],[139.7765824,35.6836391],[139.7765766,35.6838761],[139.7767254,35.6838807],[139.7767736,35.683882],[139.7767713,35.6839232],[139.7767696,35.6839533],[139.7767272,35.6845933],[139.77669,35.6847258],[139.7767158,35.6847273],[139.776816,35.6847332],[139.7768031,35.6848556],[139.7770065,35.6848807],[139.7769975,35.6850041],[139.7769649,35.6855968],[139.7770404,35.685618],[139.7771401,35.6856459],[139.7774833,35.685742],[139.7776704,35.6857942],[139.7778479,35.6858436],[139.7782021,35.6859433],[139.7786869,35.6860901],[139.7791093,35.6862136],[139.7794479,35.6863187],[139.7797838,35.686423],[139.7803193,35.6865857],[139.7805956,35.6867788],[139.7809284,35.6869925],[139.7813388,35.6872418],[139.781439,35.6872934],[139.7815137,35.6873427],[139.7819408,35.6876249],[139.782472,35.6879659],[139.7825233,35.6879989],[139.782575,35.6880336],[139.7832385,35.6884785],[139.7836912,35.6887696],[139.7838016,35.6888424],[139.7839248,35.6889163],[139.7843519,35.689202]]},"properties":{"routeId":"osm_route_02_014","originId":"route_origin_nihonbashi_001","originName":"Nihonbashi controlled route test origin","shelterId":"chuo_official_emergency_014","shelterName":"久松小学校","plateauBuildingId":"13102-bldg-14859","routeDistanceMeters":1283.159,"estimatedTravelTimeSeconds":1069.299,"routeSource":"OSM","routeType":"estimated_pedestrian_route","isOfficialEvacuationRoute":false}},{"type":"Feature","geometry":{"type":"LineString","coordinates":[[139.7752439,35.6824518],[139.7753108,35.682423],[139.7753695,35.6825141],[139.77543,35.6825118],[139.7754819,35.6825151],[139.7759087,35.6823396],[139.77611,35.6826568],[139.7761314,35.6826898],[139.776154,35.6827247],[139.7761757,35.6827597],[139.7761833,35.682772],[139.7764031,35.6831273],[139.776486,35.6832686],[139.7766217,35.6834995],[139.7765851,35.683529],[139.7765835,35.6835879],[139.7765824,35.6836391],[139.7765766,35.6838761],[139.7767254,35.6838807],[139.7767736,35.683882],[139.7767713,35.6839232],[139.7767696,35.6839533],[139.7767272,35.6845933],[139.77669,35.6847258],[139.7767158,35.6847273],[139.776816,35.6847332],[139.7768031,35.6848556],[139.7770065,35.6848807],[139.7769975,35.6850041],[139.7769649,35.6855968],[139.7770404,35.685618],[139.7771401,35.6856459],[139.7774833,35.685742],[139.7776704,35.6857942],[139.7778479,35.6858436],[139.7782021,35.6859433],[139.7786869,35.6860901],[139.7791093,35.6862136],[139.7794479,35.6863187],[139.7797838,35.686423],[139.7803193,35.6865857],[139.7805956,35.6867788],[139.7809284,35.6869925],[139.7813388,35.6872418],[139.781439,35.6872934],[139.7815137,35.6873427],[139.7819408,35.6876249],[139.782472,35.6879659],[139.7825233,35.6879989],[139.782575,35.6880336],[139.7832385,35.6884785],[139.7836912,35.6887696],[139.7838016,35.6888424],[139.7839248,35.6889163],[139.7843519,35.689202],[139.7846186,35.6893804],[139.7848232,35.6895054],[139.7850313,35.6896325],[139.7850824,35.6896658],[139.7851815,35.6897396],[139.7852672,35.6898034],[139.7856289,35.6900375],[139.7856074,35.6900781],[139.7856414,35.6901002],[139.7856828,35.6901272],[139.7858514,35.690237],[139.7855405,35.6907278],[139.7857009,35.6908349],[139.7858358,35.6909231],[139.7858891,35.690958],[139.7859403,35.6909914],[139.7862815,35.6912146],[139.7865642,35.6913986],[139.7866157,35.6914321],[139.7866707,35.6914705],[139.7868317,35.6915827],[139.7869838,35.6916888],[139.7870218,35.6917152],[139.7870517,35.6917361],[139.7870176,35.6917845]]},"properties":{"routeId":"osm_route_02_015","originId":"route_origin_nihonbashi_001","originName":"Nihonbashi controlled route test origin","shelterId":"chuo_official_emergency_015","shelterName":"日本橋中学校","plateauBuildingId":"13102-bldg-15963","routeDistanceMeters":1708.703,"estimatedTravelTimeSeconds":1423.919,"routeSource":"OSM","routeType":"estimated_pedestrian_route","isOfficialEvacuationRoute":false}},{"type":"Feature","geometry":{"type":"LineString","coordinates":[[139.7752439,35.6824518],[139.7753108,35.682423],[139.7753593,35.6824022],[139.7751636,35.6820963],[139.7752022,35.6820801],[139.7752441,35.6820632],[139.7753535,35.6820185],[139.7755956,35.6819196],[139.7755578,35.6818594],[139.7756873,35.6818075],[139.7759094,35.681716],[139.776041,35.681663],[139.7765126,35.6814734],[139.7771504,35.6812151],[139.7771203,35.6811034],[139.7770762,35.6810287],[139.7770206,35.6809337],[139.7769154,35.6807447],[139.7769575,35.6807281],[139.7765802,35.6800925],[139.7765201,35.6799909],[139.7764465,35.6798677],[139.7761409,35.6793422],[139.7761154,35.6792826],[139.7765168,35.6791234]]},"properties":{"routeId":"osm_route_02_016","originId":"route_origin_nihonbashi_001","originName":"Nihonbashi controlled route test origin","shelterId":"chuo_official_emergency_016","shelterName":"阪本小学校","plateauBuildingId":"13102-bldg-10474","routeDistanceMeters":541.15,"estimatedTravelTimeSeconds":450.958,"routeSource":"OSM","routeType":"estimated_pedestrian_route","isOfficialEvacuationRoute":false}},{"type":"Feature","geometry":{"type":"LineString","coordinates":[[139.7752439,35.6824518],[139.7753108,35.682423],[139.7753593,35.6824022],[139.7751636,35.6820963],[139.7752022,35.6820801],[139.7752441,35.6820632],[139.7753535,35.6820185],[139.7755956,35.6819196],[139.7755578,35.6818594],[139.7756873,35.6818075],[139.7759094,35.681716],[139.776041,35.681663],[139.7765126,35.6814734],[139.7771504,35.6812151],[139.7771203,35.6811034],[139.777195,35.6810732],[139.7777205,35.6808607],[139.7780673,35.6807205],[139.7780293,35.6806543],[139.7780488,35.6806465],[139.778054,35.6806196],[139.7780619,35.6805789],[139.7779163,35.6803457],[139.7779933,35.6803131],[139.7779738,35.6802824],[139.7777544,35.6799398],[139.7778271,35.6799111],[139.7783506,35.679687],[139.7783208,35.6796388],[139.7781697,35.6793949],[139.7783167,35.6793295],[139.7784641,35.679264],[139.778716,35.6791519],[139.778755,35.6791346],[139.7787897,35.6791201],[139.7793277,35.6788951],[139.7791984,35.6786818],[139.7791079,35.6785324],[139.7791774,35.6785036],[139.779013,35.6782425],[139.7791297,35.6781966],[139.7792081,35.6781658],[139.7792351,35.6781049],[139.7792054,35.6780485],[139.7795688,35.6779021],[139.7797726,35.6778199],[139.7799545,35.6777257],[139.7802498,35.677556],[139.7804094,35.6774609],[139.7805632,35.6773499],[139.7808801,35.6771292],[139.78054,35.6767964],[139.7803299,35.6765908],[139.7806246,35.6763651],[139.780693,35.6763209],[139.7808729,35.676183],[139.7810488,35.676048],[139.7812041,35.675929],[139.781277,35.6758764],[139.7816048,35.6756245],[139.7817829,35.6754877],[139.7814471,35.6751787],[139.7813777,35.6751148],[139.7813969,35.6751034],[139.7814408,35.6750788],[139.7815486,35.6750182],[139.781629,35.6749704],[139.7817022,35.6748968],[139.7819748,35.6746128],[139.7821368,35.6744475],[139.7823842,35.674186],[139.7826056,35.6739439],[139.7827723,35.6737599],[139.7828278,35.6737012],[139.782891,35.6736314],[139.7830226,35.6734912],[139.7831077,35.6734026],[139.7833408,35.6731577],[139.7832711,35.6731175],[139.7834881,35.6728781],[139.783881,35.6724723],[139.7840077,35.6723277],[139.7841495,35.6721194],[139.784237,35.6719601],[139.7843124,35.6717641],[139.7845806,35.670742],[139.7847966,35.6698615],[139.7849424,35.6692699],[139.7847337,35.6692338],[139.7844869,35.6690747],[139.7844171,35.6689658],[139.7844386,35.6688394]]},"properties":{"routeId":"osm_route_02_017","originId":"route_origin_nihonbashi_001","originName":"Nihonbashi controlled route test origin","shelterId":"chuo_official_emergency_017","shelterName":"佃島小学校","plateauBuildingId":"13102-bldg-8511","routeDistanceMeters":2128.939,"estimatedTravelTimeSeconds":1774.116,"routeSource":"OSM","routeType":"estimated_pedestrian_route","isOfficialEvacuationRoute":false}},{"type":"Feature","geometry":{"type":"LineString","coordinates":[[139.7752439,35.6824518],[139.7753108,35.682423],[139.7753593,35.6824022],[139.7751636,35.6820963],[139.7752022,35.6820801],[139.7752441,35.6820632],[139.7753535,35.6820185],[139.7755956,35.6819196],[139.7755578,35.6818594],[139.7756873,35.6818075],[139.7759094,35.681716],[139.776041,35.681663],[139.7765126,35.6814734],[139.7771504,35.6812151],[139.7771203,35.6811034],[139.777195,35.6810732],[139.7777205,35.6808607],[139.7780673,35.6807205],[139.7780293,35.6806543],[139.7780488,35.6806465],[139.778054,35.6806196],[139.7780619,35.6805789],[139.7779163,35.6803457],[139.7779933,35.6803131],[139.7779738,35.6802824],[139.7777544,35.6799398],[139.7778271,35.6799111],[139.7783506,35.679687],[139.7783208,35.6796388],[139.7781697,35.6793949],[139.7783167,35.6793295],[139.7784641,35.679264],[139.778716,35.6791519],[139.778755,35.6791346],[139.7787897,35.6791201],[139.7793277,35.6788951],[139.7791984,35.6786818],[139.7791079,35.6785324],[139.7791774,35.6785036],[139.779013,35.6782425],[139.7791297,35.6781966],[139.7792081,35.6781658],[139.7792351,35.6781049],[139.7792054,35.6780485],[139.7795688,35.6779021],[139.7797726,35.6778199],[139.7799545,35.6777257],[139.7802498,35.677556],[139.7804094,35.6774609],[139.7805632,35.6773499],[139.7808801,35.6771292],[139.78054,35.6767964],[139.7803299,35.6765908],[139.7806246,35.6763651],[139.780693,35.6763209],[139.7808729,35.676183],[139.7810488,35.676048],[139.7812041,35.675929],[139.781277,35.6758764],[139.7816048,35.6756245],[139.7817829,35.6754877],[139.7814471,35.6751787],[139.7813777,35.6751148],[139.7813969,35.6751034],[139.7814408,35.6750788],[139.7815486,35.6750182],[139.781629,35.6749704],[139.7817022,35.6748968],[139.7819748,35.6746128],[139.7821368,35.6744475],[139.7823842,35.674186],[139.7826056,35.6739439],[139.7827723,35.6737599],[139.7828278,35.6737012],[139.782891,35.6736314],[139.7830226,35.6734912],[139.7831077,35.6734026],[139.7833408,35.6731577],[139.7832711,35.6731175],[139.7834881,35.6728781],[139.783881,35.6724723],[139.7840077,35.6723277],[139.7841495,35.6721194],[139.784237,35.6719601],[139.7843124,35.6717641],[139.7845806,35.670742],[139.7843766,35.6706299],[139.7843669,35.6705537],[139.7841047,35.6704133],[139.7839095,35.6703126],[139.7837331,35.6702205],[139.7837326,35.670164],[139.7837121,35.6701232],[139.7836616,35.670086],[139.7837808,35.6699618],[139.7837957,35.6699146],[139.783816,35.6698073],[139.783814,35.6697462],[139.7837957,35.6696818],[139.7837916,35.6695315],[139.7837815,35.6694142],[139.7838244,35.6692824],[139.7838534,35.6691932],[139.7839136,35.669008],[139.7839585,35.6687762],[139.783823,35.6686117],[139.7838633,35.6683241],[139.7838614,35.668214],[139.7838606,35.6681628],[139.7838633,35.6679928],[139.7838678,35.6678537],[139.7842078,35.6676103],[139.7841205,35.6674287],[139.7840968,35.6673675],[139.784298,35.667193],[139.7843423,35.6671513],[139.7843909,35.6671919],[139.7845345,35.6673],[139.7847256,35.6674449]]},"properties":{"routeId":"osm_route_02_018","originId":"route_origin_nihonbashi_001","originName":"Nihonbashi controlled route test origin","shelterId":"chuo_official_emergency_018","shelterName":"佃中学校","plateauBuildingId":"13102-bldg-8511","routeDistanceMeters":2411.062,"estimatedTravelTimeSeconds":2009.218,"routeSource":"OSM","routeType":"estimated_pedestrian_route","isOfficialEvacuationRoute":false}},{"type":"Feature","geometry":{"type":"LineString","coordinates":[[139.7752439,35.6824518],[139.7753108,35.682423],[139.7753593,35.6824022],[139.7751636,35.6820963],[139.7752022,35.6820801],[139.7752441,35.6820632],[139.7753535,35.6820185],[139.7755956,35.6819196],[139.7755578,35.6818594],[139.7756873,35.6818075],[139.7759094,35.681716],[139.776041,35.681663],[139.7765126,35.6814734],[139.7771504,35.6812151],[139.7771203,35.6811034],[139.7770762,35.6810287],[139.7770206,35.6809337],[139.7769154,35.6807447],[139.7764779,35.6800075],[139.7760983,35.6793594],[139.7760645,35.6793028],[139.7760334,35.6792503],[139.7758763,35.6790011],[139.7757149,35.6787153],[139.7761419,35.678535],[139.7761854,35.678517],[139.7760505,35.678297],[139.7764936,35.6781112],[139.7765542,35.6780858],[139.7766304,35.6780531],[139.7770387,35.677878],[139.7771687,35.6778223],[139.7773355,35.6777488],[139.7775125,35.6776708],[139.7777002,35.677588],[139.7777436,35.6775689],[139.7775796,35.6773141],[139.7776082,35.6773015],[139.7781731,35.6770523],[139.7782431,35.6770117],[139.7781455,35.6768547],[139.7782667,35.6768047],[139.7783478,35.6767712],[139.7783639,35.6766906],[139.7783124,35.6765974],[139.7782673,35.676516],[139.7786054,35.6764305],[139.7786208,35.6763971],[139.7786913,35.6763778],[139.7785693,35.6761701],[139.7787425,35.6758662],[139.7790503,35.6753481],[139.7791163,35.6752983],[139.7797951,35.6746616],[139.7798631,35.6746016],[139.7799422,35.6745286],[139.7799854,35.674476],[139.780144,35.6742253],[139.7801618,35.6741893],[139.7801677,35.6741524],[139.7801655,35.6740707],[139.7801635,35.6735837],[139.7801688,35.6731856],[139.7806169,35.6731456],[139.7806777,35.6731098],[139.780818,35.6728075],[139.7808488,35.6727411],[139.7808706,35.672693],[139.780965,35.6724839],[139.7809745,35.6722177],[139.7809918,35.6717319],[139.7809934,35.6716871],[139.7810018,35.671452],[139.7810056,35.6713442],[139.7809967,35.6712857],[139.7809475,35.6709609],[139.7809379,35.6708978],[139.7809318,35.6708572],[139.7809108,35.6707188],[139.7808799,35.6705151],[139.78084,35.6702372],[139.7808317,35.67018],[139.780604,35.6696899],[139.780426,35.6693078],[139.7802561,35.6689376],[139.7802954,35.6689225],[139.780357,35.6689015],[139.7803501,35.6688117],[139.7802997,35.6687027],[139.7818611,35.6672604],[139.7819398,35.6671996],[139.7820797,35.6671043],[139.7821296,35.6671239],[139.782009,35.6672122],[139.7820006,35.6671988],[139.781994,35.6671856],[139.7819572,35.6671119],[139.781933,35.666917],[139.781926,35.6668382],[139.7819219,35.6667914],[139.7818351,35.6664972],[139.7818471,35.6664863],[139.7810962,35.6657157],[139.7810726,35.6656819],[139.7812098,35.6655707],[139.7811793,35.6654782],[139.7813331,35.6653477],[139.7815447,35.6651389],[139.7815801,35.665104],[139.7815244,35.6650641],[139.7813056,35.6649071],[139.7811466,35.664793],[139.7809956,35.6646848],[139.781428,35.6642792],[139.781872,35.6638621],[139.7817332,35.6637631],[139.7816532,35.663706],[139.7814632,35.6635704],[139.7811877,35.6633739],[139.7816128,35.6629673],[139.7820202,35.6625778],[139.7816464,35.6622955],[139.7813693,35.662084],[139.7813285,35.6620553],[139.781385,35.661998],[139.7811864,35.6618557],[139.7809624,35.6616952],[139.7808167,35.6615907],[139.780661,35.6614791],[139.7804864,35.6613539],[139.7803883,35.6612837],[139.7802866,35.6612133],[139.7801134,35.6610933],[139.7799551,35.6609837]]},"properties":{"routeId":"osm_route_02_019","originId":"route_origin_nihonbashi_001","originName":"Nihonbashi controlled route test origin","shelterId":"chuo_official_emergency_019","shelterName":"月島第一小学校","plateauBuildingId":"13102-bldg-5099","routeDistanceMeters":3187.967,"estimatedTravelTimeSeconds":2656.639,"routeSource":"OSM","routeType":"estimated_pedestrian_route","isOfficialEvacuationRoute":false}},{"type":"Feature","geometry":{"type":"LineString","coordinates":[[139.7752439,35.6824518],[139.7753108,35.682423],[139.7753593,35.6824022],[139.7751636,35.6820963],[139.7751228,35.6820337],[139.7750569,35.6819317],[139.7750114,35.6818687],[139.774822,35.6815672],[139.7747764,35.6814946],[139.7746523,35.6812971],[139.774604,35.6812201],[139.7745212,35.6810911],[139.7744413,35.6809667],[139.774379,35.6808634],[139.7743589,35.68083],[139.7743359,35.6807914],[139.7741993,35.680563],[139.773999,35.6802356],[139.773954,35.6801621],[139.7739204,35.6801069],[139.7737216,35.6797803],[139.7737048,35.6797546],[139.7736335,35.6796366],[139.773506,35.6794314],[139.7734739,35.6793778],[139.7733877,35.6792372],[139.7733748,35.6792172],[139.7732998,35.6790957],[139.7732774,35.6790594],[139.773162,35.6788681],[139.7730982,35.6787745],[139.7730117,35.6786478],[139.7729539,35.678563],[139.7727726,35.6782565],[139.772519,35.6778681],[139.7723436,35.6775981],[139.7721349,35.6772486],[139.7718602,35.6768282],[139.7716898,35.6765647],[139.7714423,35.6761556],[139.7712025,35.6757538],[139.7711561,35.6756761],[139.7710997,35.6755834],[139.7710619,35.6755327],[139.7708488,35.6752037],[139.7707062,35.6749694],[139.7706257,35.6748489],[139.7705248,35.6746859],[139.7703794,35.6744429],[139.7703604,35.6744112],[139.7701382,35.6741238],[139.7700922,35.6740641],[139.7700531,35.6740166],[139.7696364,35.6735094],[139.7693939,35.6731962],[139.7691968,35.6729387],[139.7691653,35.6728922],[139.769123,35.6728404],[139.7689604,35.6726411],[139.7685978,35.6721758],[139.7684163,35.6719485],[139.7683782,35.6719008],[139.7683367,35.671851],[139.767597,35.6709641],[139.7675576,35.670917],[139.7678018,35.6707363],[139.767773,35.6707043],[139.7677635,35.6706942],[139.767767,35.6706886],[139.767766,35.6706632],[139.7677061,35.6705969],[139.7671182,35.6699455],[139.7670768,35.6699195],[139.7671058,35.6698882],[139.7671425,35.6698524],[139.7673033,35.6697014],[139.7673512,35.6696561],[139.7673718,35.6696422],[139.7673571,35.6696201],[139.767355,35.6695896],[139.7673686,35.6695455],[139.7673836,35.6695217],[139.7673926,35.6695074],[139.7675546,35.6693646],[139.7677686,35.6691761],[139.7678849,35.6690736],[139.7679038,35.6690675],[139.7679256,35.6690362],[139.7679513,35.6690153],[139.7679907,35.6689833],[139.768004,35.6689663],[139.7680212,35.6689339],[139.7681679,35.6688174],[139.7681921,35.6687931],[139.7682114,35.6687764],[139.7683335,35.6686798],[139.7683594,35.6686641],[139.7683991,35.6686581],[139.7684171,35.6686228],[139.7684553,35.6685903],[139.7684845,35.6685654],[139.7686237,35.668452],[139.768788,35.6683181],[139.7688209,35.6682997],[139.7688612,35.6682773],[139.7688943,35.6682612],[139.768913,35.6682017],[139.7691916,35.6679757],[139.7693708,35.6678303],[139.769703,35.6675608],[139.7696773,35.6675326],[139.7696267,35.6674919],[139.7697278,35.6674097],[139.7696483,35.6673314],[139.7697431,35.6672474],[139.7704561,35.6666279],[139.770556,35.6665409],[139.7706459,35.6664627],[139.770727,35.6663792],[139.7707636,35.6663432],[139.7708996,35.6662051],[139.7712088,35.6658912],[139.7715288,35.6655662],[139.7717835,35.665308],[139.7720045,35.6650833],[139.7722273,35.664857],[139.772472,35.6646098],[139.772548,35.6645313],[139.7726256,35.6644588],[139.7728662,35.6642321],[139.7735808,35.6635602],[139.7736655,35.6634805],[139.7740456,35.6631346],[139.7756774,35.6613478],[139.7763032,35.6606541],[139.7766257,35.6602968],[139.7765627,35.6602559],[139.7765957,35.6602229],[139.7765967,35.6601987],[139.7766287,35.6601654],[139.7759756,35.6597187]]},"properties":{"routeId":"osm_route_02_020","originId":"route_origin_nihonbashi_001","originName":"Nihonbashi controlled route test origin","shelterId":"chuo_official_emergency_020","shelterName":"月島第二小学校","plateauBuildingId":"13102-bldg-9813","routeDistanceMeters":3112.178,"estimatedTravelTimeSeconds":2593.482,"routeSource":"OSM","routeType":"estimated_pedestrian_route","isOfficialEvacuationRoute":false}},{"type":"Feature","geometry":{"type":"LineString","coordinates":[[139.7752439,35.6824518],[139.7753108,35.682423],[139.7753593,35.6824022],[139.7751636,35.6820963],[139.7752022,35.6820801],[139.7752441,35.6820632],[139.7753535,35.6820185],[139.7755956,35.6819196],[139.7755578,35.6818594],[139.7756873,35.6818075],[139.7759094,35.681716],[139.776041,35.681663],[139.7765126,35.6814734],[139.7771504,35.6812151],[139.7771203,35.6811034],[139.7770762,35.6810287],[139.7770206,35.6809337],[139.7769154,35.6807447],[139.7764779,35.6800075],[139.7760983,35.6793594],[139.7760645,35.6793028],[139.7760334,35.6792503],[139.7758763,35.6790011],[139.7757149,35.6787153],[139.7761419,35.678535],[139.7761854,35.678517],[139.7760505,35.678297],[139.7764936,35.6781112],[139.7765542,35.6780858],[139.7766304,35.6780531],[139.7770387,35.677878],[139.7771687,35.6778223],[139.7773355,35.6777488],[139.7775125,35.6776708],[139.7777002,35.677588],[139.7777436,35.6775689],[139.7775796,35.6773141],[139.7776082,35.6773015],[139.7781731,35.6770523],[139.7782431,35.6770117],[139.7781455,35.6768547],[139.7782667,35.6768047],[139.7783478,35.6767712],[139.7783639,35.6766906],[139.7783124,35.6765974],[139.7782673,35.676516],[139.7786054,35.6764305],[139.7786208,35.6763971],[139.7786913,35.6763778],[139.7785693,35.6761701],[139.7787425,35.6758662],[139.7790503,35.6753481],[139.7791163,35.6752983],[139.7797951,35.6746616],[139.7798631,35.6746016],[139.7799422,35.6745286],[139.7799854,35.674476],[139.780144,35.6742253],[139.7801618,35.6741893],[139.7801677,35.6741524],[139.7801655,35.6740707],[139.7801635,35.6735837],[139.7801688,35.6731856],[139.7806169,35.6731456],[139.7806777,35.6731098],[139.780818,35.6728075],[139.7808488,35.6727411],[139.7808706,35.672693],[139.780965,35.6724839],[139.7809745,35.6722177],[139.7809918,35.6717319],[139.7809934,35.6716871],[139.7810018,35.671452],[139.7810056,35.6713442],[139.7809967,35.6712857],[139.7809475,35.6709609],[139.7809379,35.6708978],[139.7809318,35.6708572],[139.7809108,35.6707188],[139.7808799,35.6705151],[139.78084,35.6702372],[139.7808317,35.67018],[139.780604,35.6696899],[139.780426,35.6693078],[139.7802561,35.6689376],[139.7802954,35.6689225],[139.780357,35.6689015],[139.7803501,35.6688117],[139.7802997,35.6687027],[139.7818611,35.6672604],[139.7819398,35.6671996],[139.7820797,35.6671043],[139.7821296,35.6671239],[139.7830121,35.6662985],[139.7831271,35.6661953],[139.7838243,35.6655694],[139.7838898,35.6655106],[139.7839507,35.6653677],[139.7837777,35.6652399],[139.7838862,35.6651432],[139.783821,35.6650962],[139.7845454,35.6644292],[139.7845479,35.6644075],[139.7846413,35.6643299],[139.7847386,35.6642492],[139.7848419,35.6641633],[139.7848256,35.6641519],[139.7848704,35.6641363],[139.7856385,35.6634414],[139.7860322,35.6630852],[139.7860595,35.6630596],[139.7860988,35.6630195],[139.7861594,35.6629618],[139.7861311,35.662933],[139.7861138,35.6629016],[139.7861163,35.6628405],[139.7860252,35.6627383],[139.7859812,35.6626889],[139.7859163,35.6626147],[139.7856595,35.6623211],[139.7853668,35.6619862],[139.7850995,35.6616869],[139.7845486,35.6610572],[139.7844246,35.6609825],[139.7843992,35.6609718],[139.7843397,35.6609504],[139.7842901,35.6609976],[139.7842525,35.6609668],[139.7843283,35.6608944],[139.7849321,35.660282],[139.784998,35.6602152],[139.7850641,35.6601484],[139.7849871,35.6600974],[139.7857033,35.6593565],[139.7857033,35.6592976],[139.7856711,35.6592764],[139.7857193,35.6592328],[139.7857475,35.6592075]]},"properties":{"routeId":"osm_route_02_021","originId":"route_origin_nihonbashi_001","originName":"Nihonbashi controlled route test origin","shelterId":"chuo_official_emergency_021","shelterName":"月島第三小学校","plateauBuildingId":"13102-bldg-7675","routeDistanceMeters":3402.852,"estimatedTravelTimeSeconds":2835.71,"routeSource":"OSM","routeType":"estimated_pedestrian_route","isOfficialEvacuationRoute":false}},{"type":"Feature","geometry":{"type":"LineString","coordinates":[[139.7752439,35.6824518],[139.7753108,35.682423],[139.7753593,35.6824022],[139.7751636,35.6820963],[139.7752022,35.6820801],[139.7752441,35.6820632],[139.7753535,35.6820185],[139.7755956,35.6819196],[139.7755578,35.6818594],[139.7756873,35.6818075],[139.7759094,35.681716],[139.776041,35.681663],[139.7765126,35.6814734],[139.7771504,35.6812151],[139.7771203,35.6811034],[139.7770762,35.6810287],[139.7770206,35.6809337],[139.7769154,35.6807447],[139.7764779,35.6800075],[139.7760983,35.6793594],[139.7760645,35.6793028],[139.7760334,35.6792503],[139.7758763,35.6790011],[139.7757149,35.6787153],[139.7761419,35.678535],[139.7761854,35.678517],[139.7760505,35.678297],[139.7764936,35.6781112],[139.7765542,35.6780858],[139.7766304,35.6780531],[139.7770387,35.677878],[139.7771687,35.6778223],[139.7773355,35.6777488],[139.7775125,35.6776708],[139.7777002,35.677588],[139.7777436,35.6775689],[139.7775796,35.6773141],[139.7776082,35.6773015],[139.7781731,35.6770523],[139.7782431,35.6770117],[139.7781455,35.6768547],[139.7782667,35.6768047],[139.7783478,35.6767712],[139.7783639,35.6766906],[139.7783124,35.6765974],[139.7782673,35.676516],[139.7786054,35.6764305],[139.7786208,35.6763971],[139.7786913,35.6763778],[139.7785693,35.6761701],[139.7787425,35.6758662],[139.7790503,35.6753481],[139.7791163,35.6752983],[139.7797951,35.6746616],[139.7798631,35.6746016],[139.7799422,35.6745286],[139.7799854,35.674476],[139.780144,35.6742253],[139.7801618,35.6741893],[139.7801677,35.6741524],[139.7801655,35.6740707],[139.7801635,35.6735837],[139.7801688,35.6731856],[139.7806169,35.6731456],[139.7806777,35.6731098],[139.780818,35.6728075],[139.7808488,35.6727411],[139.7808706,35.672693],[139.780965,35.6724839],[139.7809745,35.6722177],[139.7809918,35.6717319],[139.7809934,35.6716871],[139.7810018,35.671452],[139.7810056,35.6713442],[139.7809967,35.6712857],[139.7809475,35.6709609],[139.7809379,35.6708978],[139.7809318,35.6708572],[139.7809108,35.6707188],[139.7808799,35.6705151],[139.78084,35.6702372],[139.7808317,35.67018],[139.780604,35.6696899],[139.780426,35.6693078],[139.7802561,35.6689376],[139.7802954,35.6689225],[139.780357,35.6689015],[139.7803501,35.6688117],[139.7802997,35.6687027],[139.7818611,35.6672604],[139.7819398,35.6671996],[139.7820797,35.6671043],[139.7821296,35.6671239],[139.7830121,35.6662985],[139.7831271,35.6661953],[139.7838243,35.6655694],[139.7838898,35.6655106],[139.7839507,35.6653677],[139.7837777,35.6652399],[139.7838862,35.6651432],[139.783821,35.6650962],[139.7845454,35.6644292],[139.7845479,35.6644075],[139.7846413,35.6643299],[139.7847386,35.6642492],[139.7848419,35.6641633],[139.7848256,35.6641519],[139.7848704,35.6641363],[139.7856385,35.6634414],[139.7860322,35.6630852],[139.7860595,35.6630596],[139.7860988,35.6630195],[139.7861594,35.6629618],[139.7861311,35.662933],[139.7861138,35.6629016],[139.7861163,35.6628405],[139.7860252,35.6627383],[139.7859812,35.6626889],[139.7859163,35.6626147],[139.7856595,35.6623211],[139.7853668,35.6619862],[139.7850995,35.6616869],[139.7845486,35.6610572],[139.7844246,35.6609825],[139.7843992,35.6609718],[139.7843397,35.6609504],[139.7842901,35.6609976],[139.7842525,35.6609668],[139.7843283,35.6608944],[139.7849321,35.660282],[139.784998,35.6602152],[139.7850641,35.6601484],[139.7849871,35.6600974]]},"properties":{"routeId":"osm_route_02_022","originId":"route_origin_nihonbashi_001","originName":"Nihonbashi controlled route test origin","shelterId":"chuo_official_emergency_022","shelterName":"晴海中学校","plateauBuildingId":"13102-bldg-1478","routeDistanceMeters":3277.489,"estimatedTravelTimeSeconds":2731.241,"routeSource":"OSM","routeType":"estimated_pedestrian_route","isOfficialEvacuationRoute":false}},{"type":"Feature","geometry":{"type":"LineString","coordinates":[[139.7752439,35.6824518],[139.7753108,35.682423],[139.7753593,35.6824022],[139.7751636,35.6820963],[139.7751228,35.6820337],[139.7750569,35.6819317],[139.7750114,35.6818687],[139.774822,35.6815672],[139.7747764,35.6814946],[139.7746523,35.6812971],[139.774604,35.6812201],[139.7745212,35.6810911],[139.7744413,35.6809667],[139.774379,35.6808634],[139.7743589,35.68083],[139.7743359,35.6807914],[139.7741993,35.680563],[139.773999,35.6802356],[139.773954,35.6801621],[139.7739204,35.6801069],[139.7737216,35.6797803],[139.7737048,35.6797546],[139.7736335,35.6796366],[139.773506,35.6794314],[139.7734739,35.6793778],[139.7733877,35.6792372],[139.7733748,35.6792172],[139.7732998,35.6790957],[139.7732774,35.6790594],[139.773162,35.6788681],[139.7730982,35.6787745],[139.7730117,35.6786478],[139.7729539,35.678563],[139.7727726,35.6782565],[139.772519,35.6778681],[139.7723436,35.6775981],[139.7721349,35.6772486],[139.7718602,35.6768282],[139.7716898,35.6765647],[139.7714423,35.6761556],[139.7712025,35.6757538],[139.7711561,35.6756761],[139.7710997,35.6755834],[139.7710619,35.6755327],[139.7708488,35.6752037],[139.7707062,35.6749694],[139.7706257,35.6748489],[139.7705248,35.6746859],[139.7703794,35.6744429],[139.7703604,35.6744112],[139.7701382,35.6741238],[139.7700922,35.6740641],[139.7700531,35.6740166],[139.7696364,35.6735094],[139.7693939,35.6731962],[139.7691968,35.6729387],[139.7691653,35.6728922],[139.769123,35.6728404],[139.7689604,35.6726411],[139.7685978,35.6721758],[139.7684163,35.6719485],[139.7683782,35.6719008],[139.7683367,35.671851],[139.767597,35.6709641],[139.7675576,35.670917],[139.7678018,35.6707363],[139.767773,35.6707043],[139.7677635,35.6706942],[139.767767,35.6706886],[139.767766,35.6706632],[139.7677061,35.6705969],[139.7671182,35.6699455],[139.7670768,35.6699195],[139.7671058,35.6698882],[139.7671425,35.6698524],[139.7673033,35.6697014],[139.7673512,35.6696561],[139.7673718,35.6696422],[139.7673571,35.6696201],[139.767355,35.6695896],[139.7673686,35.6695455],[139.7673836,35.6695217],[139.7673926,35.6695074],[139.7675546,35.6693646],[139.7677686,35.6691761],[139.7678849,35.6690736],[139.7679038,35.6690675],[139.7679256,35.6690362],[139.7679513,35.6690153],[139.7679907,35.6689833],[139.768004,35.6689663],[139.7680212,35.6689339],[139.7681679,35.6688174],[139.7681921,35.6687931],[139.7682114,35.6687764],[139.7683335,35.6686798],[139.7683594,35.6686641],[139.7683991,35.6686581],[139.7684171,35.6686228],[139.7684553,35.6685903],[139.7684845,35.6685654],[139.7686237,35.668452],[139.768788,35.6683181],[139.7688209,35.6682997],[139.7688612,35.6682773],[139.7688943,35.6682612],[139.768913,35.6682017],[139.7691916,35.6679757],[139.7693708,35.6678303],[139.769703,35.6675608],[139.7696773,35.6675326],[139.7696267,35.6674919],[139.7697278,35.6674097],[139.7696483,35.6673314],[139.7697431,35.6672474],[139.7704561,35.6666279],[139.770556,35.6665409],[139.7706459,35.6664627],[139.770727,35.6663792],[139.7707636,35.6663432],[139.7708996,35.6662051],[139.7712088,35.6658912],[139.7715288,35.6655662],[139.7717835,35.665308],[139.7720045,35.6650833],[139.7722273,35.664857],[139.772472,35.6646098],[139.772548,35.6645313],[139.7726256,35.6644588],[139.7728662,35.6642321],[139.7735808,35.6635602],[139.7736655,35.6634805],[139.7740456,35.6631346],[139.7756774,35.6613478],[139.7763032,35.6606541],[139.7766257,35.6602968],[139.7766982,35.660213],[139.7767796,35.6601287],[139.7767203,35.6600896],[139.7773275,35.6594576],[139.7773897,35.6593832],[139.7774079,35.6593264],[139.7774511,35.6592251],[139.7770604,35.6589573],[139.7766597,35.6586827],[139.7765573,35.6586125],[139.7764388,35.6585313],[139.7756533,35.6579929],[139.7755378,35.6579137],[139.7754244,35.657836],[139.7754887,35.6577723],[139.7751737,35.6575599],[139.775023,35.6574561],[139.7746888,35.6572085],[139.774595,35.6571426],[139.7745105,35.6570806],[139.7739918,35.6567079],[139.7738407,35.656607],[139.7737419,35.6565411],[139.7735901,35.6564653],[139.7734748,35.6563886],[139.7735301,35.6563357],[139.7726562,35.6557176],[139.7739514,35.6544786]]},"properties":{"routeId":"osm_route_02_023","originId":"route_origin_nihonbashi_001","originName":"Nihonbashi controlled route test origin","shelterId":"chuo_official_emergency_023","shelterName":"豊海小学校","plateauBuildingId":"13102-bldg-2954","routeDistanceMeters":3943.849,"estimatedTravelTimeSeconds":3286.541,"routeSource":"OSM","routeType":"estimated_pedestrian_route","isOfficialEvacuationRoute":false}},{"type":"Feature","geometry":{"type":"LineString","coordinates":[[139.7752439,35.6824518],[139.7753108,35.682423],[139.7753593,35.6824022],[139.7751636,35.6820963],[139.7752022,35.6820801],[139.7752441,35.6820632],[139.7753535,35.6820185],[139.7755956,35.6819196],[139.7755578,35.6818594],[139.7754908,35.6817528],[139.7754513,35.6816898],[139.7754683,35.6816424],[139.7752521,35.6812947],[139.7750825,35.6810221],[139.7748572,35.68066],[139.7748382,35.6806295],[139.7748151,35.6805923],[139.7746783,35.680372],[139.7746867,35.6803177],[139.7746538,35.680265],[139.7746209,35.6802123],[139.7749633,35.6800693],[139.774908,35.6799778],[139.7748579,35.6798949],[139.7748564,35.6798721],[139.7748481,35.6798665],[139.7748167,35.6798151],[139.7747859,35.6797648],[139.7745652,35.6794035],[139.7743294,35.6790173],[139.7740591,35.6785748],[139.7740817,35.6784355],[139.7740451,35.6783735],[139.7739828,35.6782659],[139.7739471,35.6782045],[139.7743004,35.6780625],[139.7740851,35.677705],[139.7741288,35.677688],[139.7738816,35.6772926],[139.773726,35.6770411],[139.7735065,35.6766902],[139.7732339,35.6762521],[139.7730837,35.6760083],[139.7728289,35.6755946],[139.7725588,35.6751562],[139.7725266,35.675104],[139.7724842,35.6750295],[139.7724562,35.6749871],[139.7724919,35.6749595],[139.7725751,35.6749246],[139.772614,35.6749104],[139.7726743,35.6748887],[139.7727722,35.6748473],[139.773141,35.6747067],[139.7731794,35.6746706],[139.7731626,35.6742154],[139.7731534,35.6740654],[139.7731213,35.6735451],[139.7730977,35.6733471],[139.7730873,35.6732602],[139.7730778,35.6731802],[139.7730564,35.6731358],[139.7728546,35.6727164],[139.7726645,35.6722985],[139.7726467,35.6722594],[139.7726317,35.6722283],[139.7722578,35.671451],[139.7722535,35.6714313],[139.7722513,35.671411],[139.7722612,35.6713748],[139.7722953,35.6713449],[139.772338,35.6713269],[139.772314,35.6712885],[139.7722925,35.671294],[139.7721749,35.6712346],[139.7720967,35.6711938],[139.7720846,35.6711785],[139.7721074,35.6709759],[139.7721343,35.670965],[139.7721266,35.6709359],[139.7721211,35.670898],[139.7721395,35.6708944],[139.7722776,35.670836],[139.7725003,35.6707418],[139.7725472,35.670724],[139.7723298,35.6704633]]},"properties":{"routeId":"osm_route_02_024","originId":"route_origin_nihonbashi_001","originName":"Nihonbashi controlled route test origin","shelterId":"chuo_official_emergency_024","shelterName":"中央区役所","plateauBuildingId":"13102-bldg-10473","routeDistanceMeters":1595.336,"estimatedTravelTimeSeconds":1329.447,"routeSource":"OSM","routeType":"estimated_pedestrian_route","isOfficialEvacuationRoute":false}},{"type":"Feature","geometry":{"type":"LineString","coordinates":[[139.7752439,35.6824518],[139.7753108,35.682423],[139.7753695,35.6825141],[139.77543,35.6825118],[139.7754819,35.6825151],[139.7759087,35.6823396],[139.77611,35.6826568],[139.776194,35.6826206],[139.7764156,35.6825251],[139.7764934,35.6824919],[139.7765389,35.6825609],[139.776639,35.6825206],[139.7770618,35.6823505],[139.7772632,35.6822677],[139.7772748,35.6822629],[139.7775346,35.6821406],[139.7775546,35.6821317],[139.777678,35.6820769],[139.777719,35.6820605],[139.7780156,35.6819437],[139.7783043,35.6818284],[139.7783628,35.6818087],[139.7787787,35.6816373],[139.7788098,35.6816593],[139.7788844,35.6816728],[139.7789245,35.6816466],[139.7791907,35.6819271],[139.7792517,35.6819817],[139.7793853,35.6820825],[139.7794277,35.682107],[139.7795074,35.6821407],[139.7795769,35.6821646],[139.7796418,35.6821777],[139.7803285,35.6823183],[139.7805237,35.682364],[139.7806405,35.6823904],[139.7809656,35.6824267],[139.7813855,35.6824719],[139.7814433,35.6824781],[139.7817174,35.6825133],[139.7817663,35.6824795],[139.7818053,35.6824523],[139.7818877,35.6823777],[139.7819436,35.682327],[139.7820007,35.6822645],[139.78217,35.6820689],[139.7823315,35.6821469],[139.7826726,35.6823118],[139.7831198,35.6825308],[139.7832811,35.6826033],[139.783577,35.6827362],[139.7837107,35.6825769],[139.7838407,35.682422],[139.7839189,35.682332],[139.784063,35.6821661],[139.7840974,35.6821265],[139.7841521,35.6821519],[139.7844547,35.6822923]]},"properties":{"routeId":"osm_route_02_025","originId":"route_origin_nihonbashi_001","originName":"Nihonbashi controlled route test origin","shelterId":"chuo_official_emergency_025","shelterName":"日本橋区民センター","plateauBuildingId":"13102-bldg-12306","routeDistanceMeters":1013.889,"estimatedTravelTimeSeconds":844.908,"routeSource":"OSM","routeType":"estimated_pedestrian_route","isOfficialEvacuationRoute":false}},{"type":"Feature","geometry":{"type":"LineString","coordinates":[[139.7752439,35.6824518],[139.7753108,35.682423],[139.7753593,35.6824022],[139.7751636,35.6820963],[139.7752022,35.6820801],[139.7752441,35.6820632],[139.7753535,35.6820185],[139.7755956,35.6819196],[139.7755578,35.6818594],[139.7756873,35.6818075],[139.7759094,35.681716],[139.776041,35.681663],[139.7765126,35.6814734],[139.7771504,35.6812151],[139.7771203,35.6811034],[139.7770762,35.6810287],[139.7770206,35.6809337],[139.7769154,35.6807447],[139.7764779,35.6800075],[139.7760983,35.6793594],[139.7760645,35.6793028],[139.7760334,35.6792503],[139.7758763,35.6790011],[139.7757149,35.6787153],[139.7761419,35.678535],[139.7761854,35.678517],[139.7760505,35.678297],[139.7764936,35.6781112],[139.7765542,35.6780858],[139.7766304,35.6780531],[139.7770387,35.677878],[139.7771687,35.6778223],[139.7773355,35.6777488],[139.7775125,35.6776708],[139.7777002,35.677588],[139.7777436,35.6775689],[139.7775796,35.6773141],[139.7776082,35.6773015],[139.7781731,35.6770523],[139.7782431,35.6770117],[139.7781455,35.6768547],[139.7782667,35.6768047],[139.7783478,35.6767712],[139.7783639,35.6766906],[139.7783124,35.6765974],[139.7782673,35.676516],[139.7786054,35.6764305],[139.7786208,35.6763971],[139.7786913,35.6763778],[139.7785693,35.6761701],[139.7787425,35.6758662],[139.7790503,35.6753481],[139.7791163,35.6752983],[139.7797951,35.6746616],[139.7798631,35.6746016],[139.7799422,35.6745286],[139.7799854,35.674476],[139.780144,35.6742253],[139.7801618,35.6741893],[139.7801677,35.6741524],[139.7801655,35.6740707],[139.7801635,35.6735837],[139.7801688,35.6731856],[139.7806169,35.6731456],[139.7806777,35.6731098],[139.780818,35.6728075],[139.7808488,35.6727411],[139.7808706,35.672693],[139.780965,35.6724839],[139.7809745,35.6722177],[139.7809918,35.6717319],[139.7809934,35.6716871],[139.7810018,35.671452],[139.7810056,35.6713442],[139.7809967,35.6712857],[139.7809475,35.6709609],[139.7809379,35.6708978],[139.7809318,35.6708572],[139.7809108,35.6707188],[139.7808799,35.6705151],[139.78084,35.6702372],[139.7808317,35.67018],[139.780604,35.6696899],[139.780426,35.6693078],[139.7802561,35.6689376],[139.7802954,35.6689225],[139.780357,35.6689015],[139.7803501,35.6688117],[139.7802997,35.6687027],[139.7818611,35.6672604],[139.7819398,35.6671996],[139.7820797,35.6671043],[139.7821296,35.6671239],[139.782009,35.6672122],[139.7820006,35.6671988],[139.781994,35.6671856],[139.7819572,35.6671119],[139.781933,35.666917],[139.781926,35.6668382],[139.7819219,35.6667914],[139.7818351,35.6664972],[139.7818471,35.6664863],[139.7810962,35.6657157],[139.7810726,35.6656819],[139.7812098,35.6655707],[139.7811793,35.6654782],[139.7813331,35.6653477],[139.7815447,35.6651389],[139.7815801,35.665104],[139.7815244,35.6650641],[139.7813056,35.6649071],[139.7811466,35.664793],[139.7809956,35.6646848],[139.781428,35.6642792],[139.781872,35.6638621],[139.7817332,35.6637631],[139.7816532,35.663706],[139.7814632,35.6635704],[139.7818956,35.6631691],[139.7823166,35.6627784],[139.7823851,35.6627148],[139.7824721,35.6626273],[139.782377,35.6625591],[139.7824257,35.6625173],[139.7823944,35.6624944],[139.7815708,35.6618902]]},"properties":{"routeId":"osm_route_02_026","originId":"route_origin_nihonbashi_001","originName":"Nihonbashi controlled route test origin","shelterId":"chuo_official_emergency_026","shelterName":"月島区民センター","plateauBuildingId":"13102-bldg-3852","routeDistanceMeters":3034.568,"estimatedTravelTimeSeconds":2528.807,"routeSource":"OSM","routeType":"estimated_pedestrian_route","isOfficialEvacuationRoute":false}},{"type":"Feature","geometry":{"type":"LineString","coordinates":[[139.7752439,35.6824518],[139.7753108,35.682423],[139.7753593,35.6824022],[139.7751636,35.6820963],[139.7751228,35.6820337],[139.7750569,35.6819317],[139.7750114,35.6818687],[139.774822,35.6815672],[139.7747764,35.6814946],[139.7746523,35.6812971],[139.774604,35.6812201],[139.7745212,35.6810911],[139.7744413,35.6809667],[139.774379,35.6808634],[139.7743589,35.68083],[139.7743359,35.6807914],[139.7741993,35.680563],[139.773999,35.6802356],[139.773954,35.6801621],[139.7739204,35.6801069],[139.7737216,35.6797803],[139.7737048,35.6797546],[139.7736335,35.6796366],[139.773506,35.6794314],[139.7734739,35.6793778],[139.7733877,35.6792372],[139.7733748,35.6792172],[139.7732998,35.6790957],[139.7732774,35.6790594],[139.773162,35.6788681],[139.7730982,35.6787745],[139.7730117,35.6786478],[139.7729539,35.678563],[139.7727726,35.6782565],[139.772519,35.6778681],[139.7723436,35.6775981],[139.7721349,35.6772486],[139.7718602,35.6768282],[139.7716898,35.6765647],[139.7714423,35.6761556],[139.7712025,35.6757538],[139.7711561,35.6756761],[139.7710997,35.6755834],[139.7710619,35.6755327],[139.7708488,35.6752037],[139.7707062,35.6749694],[139.7706257,35.6748489],[139.7705248,35.6746859],[139.7703794,35.6744429],[139.7703604,35.6744112],[139.7701382,35.6741238],[139.7700922,35.6740641],[139.7700531,35.6740166],[139.7696364,35.6735094],[139.7693939,35.6731962],[139.7691968,35.6729387],[139.7691653,35.6728922],[139.769123,35.6728404],[139.7689604,35.6726411],[139.7685978,35.6721758],[139.7684163,35.6719485],[139.7683782,35.6719008],[139.7683367,35.671851],[139.767597,35.6709641],[139.7675576,35.670917],[139.7678018,35.6707363],[139.767773,35.6707043],[139.7677635,35.6706942],[139.767767,35.6706886],[139.767766,35.6706632],[139.7677061,35.6705969],[139.7671182,35.6699455],[139.7670768,35.6699195],[139.7671058,35.6698882],[139.7671425,35.6698524],[139.7673033,35.6697014],[139.7673512,35.6696561],[139.7673718,35.6696422],[139.7673571,35.6696201],[139.767355,35.6695896],[139.7673686,35.6695455],[139.7673836,35.6695217],[139.7673926,35.6695074],[139.7675546,35.6693646],[139.7677686,35.6691761],[139.7678849,35.6690736],[139.7679038,35.6690675],[139.7679256,35.6690362],[139.7679513,35.6690153],[139.7679907,35.6689833],[139.768004,35.6689663],[139.7680212,35.6689339],[139.7681679,35.6688174],[139.7681921,35.6687931],[139.7682114,35.6687764],[139.7683335,35.6686798],[139.7683594,35.6686641],[139.7683991,35.6686581],[139.7684171,35.6686228],[139.7684553,35.6685903],[139.7684845,35.6685654],[139.7686237,35.668452],[139.768788,35.6683181],[139.7688209,35.6682997],[139.7688612,35.6682773],[139.7688943,35.6682612],[139.768913,35.6682017],[139.7691916,35.6679757],[139.7693708,35.6678303],[139.769703,35.6675608],[139.7696773,35.6675326],[139.7696267,35.6674919],[139.7697278,35.6674097],[139.7696483,35.6673314],[139.7697431,35.6672474],[139.7704561,35.6666279],[139.770556,35.6665409],[139.7706459,35.6664627],[139.770727,35.6663792],[139.7707636,35.6663432],[139.7708996,35.6662051],[139.7712088,35.6658912],[139.7715288,35.6655662],[139.7717835,35.665308],[139.7720045,35.6650833],[139.7722273,35.664857],[139.772472,35.6646098],[139.772548,35.6645313],[139.7726256,35.6644588],[139.7728662,35.6642321],[139.7735808,35.6635602],[139.7736655,35.6634805],[139.7740456,35.6631346],[139.7756774,35.6613478],[139.7763032,35.6606541],[139.7766257,35.6602968],[139.7766982,35.660213],[139.7767796,35.6601287],[139.7771006,35.6597937],[139.7774597,35.6594303],[139.7775802,35.6593169],[139.7776578,35.6592449],[139.7777647,35.6591437],[139.777684,35.6590897],[139.7780556,35.658724],[139.7783886,35.6583963],[139.7784446,35.6583412],[139.778478,35.6583089],[139.778525,35.6582636],[139.7785568,35.6582226],[139.7788695,35.6579182],[139.7789151,35.6578768],[139.778943,35.6578515],[139.7792528,35.6575412],[139.779941,35.6568659],[139.7799791,35.6568242],[139.7800328,35.6567655],[139.7801013,35.6566986],[139.7799842,35.656679],[139.7799273,35.6566412],[139.7798943,35.6566157],[139.779871,35.6565851],[139.7798539,35.6565532],[139.7798426,35.6565261],[139.7798309,35.6564855],[139.7798292,35.6564332],[139.7798416,35.6563706],[139.7798557,35.6563379],[139.7798718,35.656315],[139.7799057,35.656279],[139.7799265,35.6562526],[139.7799553,35.6561929],[139.7799546,35.6561363],[139.7799387,35.656074],[139.7799261,35.6560559],[139.779905,35.6560306],[139.7798735,35.6560017],[139.7798441,35.6559808],[139.7797926,35.6559601],[139.7797447,35.6559499],[139.7796898,35.6559341],[139.7796495,35.6559173],[139.7796216,35.6558964],[139.7795833,35.6558522],[139.7795583,35.6558099],[139.7795416,35.6557478],[139.7795118,35.6556642],[139.7794253,35.6556084],[139.7789208,35.655261],[139.7787161,35.6551238],[139.7781562,35.6547483],[139.7780959,35.6547082],[139.7779329,35.6545998],[139.7779863,35.6545441],[139.7780382,35.6544901],[139.7774927,35.6541183],[139.7772507,35.6539534],[139.7771468,35.6538826],[139.7770986,35.6538497],[139.776715,35.6535904],[139.7759097,35.6530648],[139.7751903,35.6525921],[139.7744539,35.6521539]]},"properties":{"routeId":"osm_route_02_027","originId":"route_origin_nihonbashi_001","originName":"Nihonbashi controlled route test origin","shelterId":"chuo_official_emergency_027","shelterName":"(旧)ほっとプラザはるみ","plateauBuildingId":"13102-bldg-525","routeDistanceMeters":4299.698,"estimatedTravelTimeSeconds":3583.082,"routeSource":"OSM","routeType":"estimated_pedestrian_route","isOfficialEvacuationRoute":false}},{"type":"Feature","geometry":{"type":"LineString","coordinates":[[139.7777048,35.6686587],[139.7777766,35.6688335],[139.7777792,35.6688405],[139.7778278,35.668972],[139.7779471,35.6692942],[139.7779676,35.6693418],[139.7773313,35.6695071],[139.7772501,35.6695606],[139.7757969,35.669959],[139.7752207,35.6701164],[139.7750147,35.6701725],[139.7749171,35.6702526],[139.7748315,35.6702847],[139.7747038,35.6703355],[139.7745089,35.6704114],[139.7742225,35.6705349],[139.7737385,35.6707429],[139.7733374,35.6709162],[139.7732335,35.6709605],[139.7731331,35.671],[139.7729376,35.671088],[139.7729246,35.6711544],[139.7726401,35.671268],[139.7726074,35.6712811],[139.7723676,35.6713768],[139.7722535,35.6714313],[139.7722578,35.671451],[139.7726317,35.6722283],[139.7726467,35.6722594],[139.7726645,35.6722985],[139.7728546,35.6727164],[139.7730564,35.6731358],[139.7730778,35.6731802],[139.7730873,35.6732602],[139.7730977,35.6733471],[139.7731213,35.6735451],[139.7731534,35.6740654],[139.7731626,35.6742154],[139.7731794,35.6746706],[139.773141,35.6747067],[139.7727722,35.6748473],[139.7726743,35.6748887],[139.772614,35.6749104],[139.7725751,35.6749246],[139.7724919,35.6749595],[139.7724562,35.6749871],[139.7724842,35.6750295],[139.7725266,35.675104],[139.7720703,35.6752967],[139.7719723,35.675338],[139.7717484,35.6754356],[139.7716139,35.6754902],[139.7716598,35.6755636],[139.7713518,35.6756917],[139.7712796,35.6757217],[139.7712025,35.6757538],[139.7711169,35.6757902],[139.7703814,35.6760933],[139.7700689,35.6762232],[139.7700059,35.6762476],[139.7699955,35.6762572],[139.7699748,35.6762736],[139.769963,35.6763075],[139.7699677,35.6763302],[139.7701749,35.6766742],[139.7703341,35.6769438],[139.7704185,35.6770793],[139.770457,35.6771408],[139.770441,35.6771479],[139.7704081,35.6771625],[139.7703176,35.6772028],[139.7702873,35.6772162],[139.7702563,35.67723],[139.770374,35.6774165],[139.7705765,35.6777599],[139.7705868,35.6777876],[139.7705605,35.6778193],[139.7697772,35.67814],[139.7698056,35.6781828],[139.7695313,35.678295],[139.7694791,35.6783163],[139.769439,35.6783605],[139.7694447,35.678369],[139.7694514,35.6783835],[139.7691518,35.6785107],[139.768989,35.6785785],[139.768455,35.6787948],[139.768312,35.6788566],[139.7687159,35.6794886],[139.7689789,35.6793855],[139.7691166,35.6795958],[139.7691723,35.6795739],[139.7688519,35.6790668],[139.7688061,35.6790859],[139.7689475,35.679319],[139.7690351,35.6792853]]},"properties":{"routeId":"osm_route_03_001","originId":"route_origin_hatchobori_tsukiji_001","originName":"Hatchobori Tsukiji controlled route test origin","shelterId":"chuo_official_emergency_001","shelterName":"城東小学校","plateauBuildingId":"13102-bldg-3742","routeDistanceMeters":2075.514,"estimatedTravelTimeSeconds":1729.595,"routeSource":"OSM","routeType":"estimated_pedestrian_route","isOfficialEvacuationRoute":false}},{"type":"Feature","geometry":{"type":"LineString","coordinates":[[139.7777048,35.6686587],[139.7777766,35.6688335],[139.7777792,35.6688405],[139.7778278,35.668972],[139.7779471,35.6692942],[139.7779676,35.6693418],[139.7773313,35.6695071],[139.7772501,35.6695606],[139.7757969,35.669959],[139.7752207,35.6701164],[139.7750147,35.6701725],[139.7749171,35.6702526],[139.7748315,35.6702847],[139.7747038,35.6703355],[139.7745089,35.6704114],[139.7742225,35.6705349],[139.7737385,35.6707429],[139.7733374,35.6709162],[139.7732335,35.6709605],[139.7731331,35.671],[139.7729376,35.671088],[139.7729246,35.6711544],[139.7726401,35.671268],[139.7726074,35.6712811],[139.7723676,35.6713768],[139.7722535,35.6714313],[139.7722578,35.671451],[139.7726317,35.6722283],[139.772598,35.672238],[139.7724222,35.6723223],[139.7720943,35.6724796],[139.7719039,35.6725709],[139.7719144,35.6726051],[139.7719298,35.6726512],[139.7718982,35.672672],[139.7718888,35.6726971],[139.7719063,35.6727069],[139.7720503,35.6731575],[139.7719803,35.6731709]]},"properties":{"routeId":"osm_route_03_002","originId":"route_origin_hatchobori_tsukiji_001","originName":"Hatchobori Tsukiji controlled route test origin","shelterId":"chuo_official_emergency_002","shelterName":"京橋プラザ","plateauBuildingId":"13102-bldg-8069","routeDistanceMeters":899.105,"estimatedTravelTimeSeconds":749.254,"routeSource":"OSM","routeType":"estimated_pedestrian_route","isOfficialEvacuationRoute":false}},{"type":"Feature","geometry":{"type":"LineString","coordinates":[[139.7777048,35.6686587],[139.7777766,35.6688335],[139.7777792,35.6688405],[139.7778278,35.668972],[139.7779471,35.6692942],[139.7779676,35.6693418],[139.7773313,35.6695071],[139.7772501,35.6695606],[139.7757969,35.669959],[139.7752207,35.6701164],[139.7750147,35.6701725],[139.7749171,35.6702526],[139.7748315,35.6702847],[139.7747038,35.6703355],[139.7745089,35.6704114],[139.7742225,35.6705349],[139.7737385,35.6707429],[139.7733374,35.6709162],[139.7732335,35.6709605],[139.7731331,35.671],[139.7729376,35.671088],[139.7725269,35.6712521],[139.772338,35.6713269],[139.7722953,35.6713449],[139.7722612,35.6713748],[139.7722136,35.6713821],[139.7721708,35.6713762],[139.7719404,35.6712535],[139.7716664,35.6713591],[139.7716477,35.6713666],[139.7715631,35.6714007],[139.7714933,35.671429],[139.7712015,35.6715579],[139.7710716,35.6716374],[139.7709132,35.6717393],[139.77058,35.6719575],[139.770399,35.6720641],[139.7702828,35.6721395],[139.7702278,35.6721752],[139.7701816,35.6721278],[139.7701617,35.6721383],[139.7701395,35.6721434],[139.7701326,35.672129],[139.7697996,35.6717899],[139.7694837,35.6719969],[139.7691045,35.6715765],[139.7690781,35.6715925],[139.7690426,35.6716144],[139.7688484,35.6717322],[139.7688059,35.6717592],[139.7687688,35.6717847],[139.7687466,35.6717603],[139.7687091,35.6717472],[139.7686932,35.6717298],[139.7686665,35.6717008],[139.7683782,35.6719008],[139.7680158,35.6721406],[139.7678414,35.6722553],[139.7677838,35.6722931],[139.7677091,35.6723458],[139.7676884,35.6723224],[139.7676757,35.6723126],[139.7673371,35.6725427],[139.7673021,35.6725721],[139.7672687,35.6726005],[139.7669096,35.6728467],[139.766876,35.6728147],[139.7660542,35.6720519],[139.7660266,35.6720703],[139.7659974,35.6720885],[139.7659435,35.6721221],[139.7659059,35.6721455],[139.7658782,35.6721649],[139.7658624,35.6721496],[139.7655532,35.672364],[139.7655426,35.6723706],[139.7655139,35.6723884],[139.7654922,35.672402],[139.7654728,35.6724141],[139.7652193,35.6725917],[139.7652051,35.6726025],[139.7651866,35.6726167],[139.7651447,35.6725794],[139.764799,35.6728181],[139.7647511,35.6728511],[139.7647067,35.6728837],[139.7646809,35.6728592],[139.764668,35.672852],[139.764326,35.6730833],[139.7642773,35.6730728],[139.7639787,35.6728859],[139.7639219,35.6728463],[139.7638642,35.6728134],[139.7635518,35.6726349],[139.7635272,35.6726119],[139.7635235,35.6725897],[139.7635244,35.6725667],[139.7634637,35.6725561],[139.7633306,35.6725323],[139.7632529,35.6725213],[139.7631752,35.6725123],[139.7630608,35.6725006],[139.7630166,35.6724961],[139.7629839,35.6725413],[139.7627664,35.6726722],[139.7627093,35.6726706],[139.762673,35.6726772],[139.7618707,35.6719208],[139.7618293,35.6718817],[139.7617555,35.6719138],[139.7613478,35.6719571]]},"properties":{"routeId":"osm_route_03_003","originId":"route_origin_hatchobori_tsukiji_001","originName":"Hatchobori Tsukiji controlled route test origin","shelterId":"chuo_official_emergency_003","shelterName":"泰明小学校","plateauBuildingId":"13102-bldg-5702","routeDistanceMeters":1945.378,"estimatedTravelTimeSeconds":1621.148,"routeSource":"OSM","routeType":"estimated_pedestrian_route","isOfficialEvacuationRoute":false}},{"type":"Feature","geometry":{"type":"LineString","coordinates":[[139.7777048,35.6686587],[139.7777766,35.6688335],[139.7777792,35.6688405],[139.7778278,35.668972],[139.7779471,35.6692942],[139.7779676,35.6693418],[139.7773313,35.6695071],[139.7772501,35.6695606],[139.7757969,35.669959],[139.7752207,35.6701164],[139.7750147,35.6701725],[139.7749171,35.6702526],[139.7748315,35.6702847],[139.7747038,35.6703355],[139.7745089,35.6704114],[139.7742225,35.6705349],[139.7737385,35.6707429],[139.7733374,35.6709162],[139.7732335,35.6709605],[139.7731331,35.671],[139.7729376,35.671088],[139.7725269,35.6712521],[139.772338,35.6713269],[139.7722953,35.6713449],[139.7722612,35.6713748],[139.7722136,35.6713821],[139.7721708,35.6713762],[139.7719404,35.6712535],[139.7716664,35.6713591],[139.7716477,35.6713666],[139.771625,35.6713308],[139.7716161,35.6713148],[139.7716047,35.6713022],[139.7716017,35.6712976],[139.771543,35.6712069],[139.7712105,35.670898],[139.7706834,35.6704154],[139.7706758,35.6704185],[139.7706597,35.6704283],[139.7705957,35.6703701],[139.7705505,35.6703339],[139.77005,35.6699294],[139.7697399,35.6696652],[139.7695669,35.6695242],[139.7695107,35.66948],[139.7694662,35.6694424],[139.7685123,35.6686383],[139.7684553,35.6685903],[139.7683805,35.6685324],[139.7682776,35.668459],[139.7682071,35.6683996],[139.7679854,35.668213],[139.7673639,35.6676934],[139.7672855,35.6676283],[139.767193,35.6675573],[139.7668308,35.6672792],[139.7664314,35.6669723],[139.7663559,35.6669144],[139.7662838,35.6668596],[139.7654392,35.6662179],[139.7653873,35.6661787],[139.7653149,35.6661244],[139.7652391,35.6660628],[139.765019,35.6658831],[139.764987,35.6659096],[139.764969,35.6658947],[139.7647666,35.6657447]]},"properties":{"routeId":"osm_route_03_004","originId":"route_origin_hatchobori_tsukiji_001","originName":"Hatchobori Tsukiji controlled route test origin","shelterId":"chuo_official_emergency_004","shelterName":"銀座中学校","plateauBuildingId":"13102-bldg-3140","routeDistanceMeters":1597.406,"estimatedTravelTimeSeconds":1331.172,"routeSource":"OSM","routeType":"estimated_pedestrian_route","isOfficialEvacuationRoute":false}},{"type":"Feature","geometry":{"type":"LineString","coordinates":[[139.7777048,35.6686587],[139.7777766,35.6688335],[139.7777792,35.6688405],[139.7778278,35.668972],[139.7779471,35.6692942],[139.7779676,35.6693418],[139.7773313,35.6695071],[139.7772501,35.6695606],[139.7772874,35.6696444],[139.7773056,35.6696873],[139.7773304,35.6697474],[139.7774543,35.6700639],[139.7775642,35.6703445],[139.7776755,35.6706288],[139.7778333,35.6710318],[139.777852,35.6710795],[139.7778727,35.6711322],[139.7779455,35.671318],[139.7780354,35.671547],[139.7781332,35.6717964],[139.7782079,35.6719867],[139.7782265,35.6720342],[139.7782475,35.6720909],[139.7783591,35.6723916],[139.7783881,35.6724712],[139.7789091,35.6723783]]},"properties":{"routeId":"osm_route_03_005","originId":"route_origin_hatchobori_tsukiji_001","originName":"Hatchobori Tsukiji controlled route test origin","shelterId":"chuo_official_emergency_005","shelterName":"中央小学校","plateauBuildingId":"13102-bldg-3228","routeDistanceMeters":537.159,"estimatedTravelTimeSeconds":447.632,"routeSource":"OSM","routeType":"estimated_pedestrian_route","isOfficialEvacuationRoute":false}},{"type":"Feature","geometry":{"type":"LineString","coordinates":[[139.7777048,35.6686587],[139.7776144,35.6684388],[139.7776007,35.6684282],[139.7774505,35.6684471],[139.7772622,35.6684939],[139.7769129,35.6685806],[139.7768523,35.6685957]]},"properties":{"routeId":"osm_route_03_006","originId":"route_origin_hatchobori_tsukiji_001","originName":"Hatchobori Tsukiji controlled route test origin","shelterId":"chuo_official_emergency_006","shelterName":"明石小学校","plateauBuildingId":"13102-bldg-3751","routeDistanceMeters":97.727,"estimatedTravelTimeSeconds":81.439,"routeSource":"OSM","routeType":"estimated_pedestrian_route","isOfficialEvacuationRoute":false}},{"type":"Feature","geometry":{"type":"LineString","coordinates":[[139.7777048,35.6686587],[139.7776144,35.6684388],[139.7776007,35.6684282],[139.7774505,35.6684471],[139.7772622,35.6684939],[139.7769129,35.6685806],[139.7768523,35.6685957],[139.7766606,35.6681275],[139.7766053,35.6681427],[139.776576,35.6681247],[139.7765515,35.6680806],[139.7765301,35.6680419],[139.7752883,35.6683578],[139.7752661,35.6683497],[139.7752225,35.6683339],[139.7750804,35.6678458],[139.7748792,35.6674208],[139.7748404,35.6674398],[139.7747851,35.6674668],[139.7744003,35.6677179],[139.774135,35.6679004],[139.7736935,35.6681983],[139.7736554,35.6681613],[139.7732594,35.6684296],[139.7732159,35.6683916],[139.7731416,35.668365],[139.7730812,35.66841],[139.7729883,35.6684791],[139.7729191,35.6685306],[139.7726374,35.6683002],[139.7721974,35.6679402],[139.7720515,35.6678209],[139.7720432,35.6678141],[139.7720015,35.667778],[139.7719571,35.6677397],[139.7718991,35.6677933],[139.7710717,35.6683746],[139.7710363,35.6683387]]},"properties":{"routeId":"osm_route_03_007","originId":"route_origin_hatchobori_tsukiji_001","originName":"Hatchobori Tsukiji controlled route test origin","shelterId":"chuo_official_emergency_007","shelterName":"京橋築地小学校","plateauBuildingId":"13102-bldg-2853","routeDistanceMeters":867.322,"estimatedTravelTimeSeconds":722.768,"routeSource":"OSM","routeType":"estimated_pedestrian_route","isOfficialEvacuationRoute":false}},{"type":"Feature","geometry":{"type":"LineString","coordinates":[[139.7777048,35.6686587],[139.7777766,35.6688335],[139.7777792,35.6688405],[139.7778278,35.668972],[139.7779471,35.6692942],[139.7779676,35.6693418],[139.7773313,35.6695071],[139.7772501,35.6695606],[139.7772874,35.6696444],[139.7773056,35.6696873],[139.7773304,35.6697474],[139.7774543,35.6700639],[139.7775642,35.6703445],[139.7776755,35.6706288],[139.7778333,35.6710318],[139.777852,35.6710795],[139.7778727,35.6711322],[139.7779455,35.671318],[139.7780354,35.671547],[139.7781332,35.6717964],[139.7782079,35.6719867],[139.7782265,35.6720342],[139.7781701,35.6720496],[139.7775386,35.6722228],[139.7767852,35.6724275],[139.7761945,35.6725934],[139.77622,35.6726483],[139.7762066,35.6726821],[139.7762592,35.67281],[139.7761866,35.6728302],[139.7760545,35.6728664],[139.7760988,35.6729807],[139.7761428,35.6730877],[139.7761862,35.6731917],[139.7762763,35.6734059],[139.7765656,35.6740763],[139.7765023,35.6741418],[139.7763014,35.6741479],[139.7758486,35.6741559],[139.7758242,35.6741903],[139.775834,35.6745089],[139.7758361,35.6745574],[139.7757643,35.6745593],[139.7757653,35.6745919],[139.7757663,35.6746598],[139.7757689,35.6747124]]},"properties":{"routeId":"osm_route_03_008","originId":"route_origin_hatchobori_tsukiji_001","originName":"Hatchobori Tsukiji controlled route test origin","shelterId":"chuo_official_emergency_008","shelterName":"京華スクエア","plateauBuildingId":"13102-bldg-8277","routeDistanceMeters":956.373,"estimatedTravelTimeSeconds":796.978,"routeSource":"OSM","routeType":"estimated_pedestrian_route","isOfficialEvacuationRoute":false}},{"type":"Feature","geometry":{"type":"LineString","coordinates":[[139.7777048,35.6686587],[139.7777766,35.6688335],[139.7777792,35.6688405],[139.7778278,35.668972],[139.7779471,35.6692942],[139.7779676,35.6693418],[139.7786306,35.6691686],[139.7786648,35.6693519],[139.7786776,35.6693864],[139.7787038,35.6694071],[139.7787682,35.6693936],[139.7787832,35.6694604],[139.7788773,35.669711],[139.7789845,35.6699889],[139.7790919,35.6702572],[139.7790985,35.6702762],[139.7791631,35.6704544],[139.7792425,35.6706553],[139.7792771,35.6707287],[139.7793803,35.6709019],[139.7794105,35.6709541],[139.7794387,35.6710029],[139.7795349,35.6711733],[139.7796203,35.6713247],[139.7797127,35.6714883],[139.7798406,35.671715],[139.7801524,35.6722604],[139.7801534,35.6724215],[139.7801611,35.6726875],[139.780164,35.672765],[139.7801673,35.6728503],[139.7801704,35.6729914],[139.7801688,35.6731856],[139.7801635,35.6735837],[139.7801655,35.6740707],[139.7801677,35.6741524],[139.7801618,35.6741893],[139.780144,35.6742253],[139.7799854,35.674476],[139.7799422,35.6745286],[139.7798631,35.6746016],[139.7799733,35.6746042],[139.7803603,35.6746911],[139.7804311,35.6747056],[139.7806093,35.674742],[139.7807378,35.6747735],[139.7809569,35.6748379],[139.7809643,35.6748995],[139.7812189,35.6749732],[139.7812998,35.6749966],[139.7813181,35.6750155],[139.7813185,35.6750461],[139.7814408,35.6750788],[139.7815633,35.6751115],[139.7816317,35.6751126],[139.7819923,35.6752452],[139.7820557,35.6752685],[139.7821318,35.6752942],[139.7821413,35.6753512],[139.7822057,35.675447],[139.7825785,35.6757964],[139.7826087,35.6758247],[139.7824315,35.6759555],[139.7821252,35.6761817]]},"properties":{"routeId":"osm_route_03_009","originId":"route_origin_hatchobori_tsukiji_001","originName":"Hatchobori Tsukiji controlled route test origin","shelterId":"chuo_official_emergency_009","shelterName":"明正小学校","plateauBuildingId":"13102-bldg-11364","routeDistanceMeters":1147.541,"estimatedTravelTimeSeconds":956.284,"routeSource":"OSM","routeType":"estimated_pedestrian_route","isOfficialEvacuationRoute":false}},{"type":"Feature","geometry":{"type":"LineString","coordinates":[[139.7777048,35.6686587],[139.7777766,35.6688335],[139.7777792,35.6688405],[139.7778278,35.668972],[139.7779471,35.6692942],[139.7779676,35.6693418],[139.7773313,35.6695071],[139.7772501,35.6695606],[139.7772874,35.6696444],[139.7773056,35.6696873],[139.7773304,35.6697474],[139.7774543,35.6700639],[139.7775642,35.6703445],[139.7776755,35.6706288],[139.7778333,35.6710318],[139.777852,35.6710795],[139.7778727,35.6711322],[139.7779455,35.671318],[139.7780354,35.671547],[139.7781332,35.6717964],[139.7782079,35.6719867],[139.7782265,35.6720342],[139.7782475,35.6720909],[139.7783591,35.6723916],[139.7783881,35.6724712],[139.7784985,35.6727775],[139.7785196,35.6728245],[139.7785499,35.6729166],[139.7785625,35.6730674],[139.7785796,35.6732683],[139.7785878,35.6734638],[139.7786043,35.6740727],[139.7786053,35.6741097],[139.778606,35.674155],[139.7786114,35.6744822],[139.778605,35.674551],[139.7785968,35.6746259],[139.7785917,35.674685],[139.7785805,35.6748703],[139.7785635,35.6751279],[139.7783895,35.6757501],[139.7783529,35.6757854],[139.7785082,35.6760686],[139.7784938,35.6761099],[139.7780448,35.676282],[139.7779621,35.6763137],[139.7780803,35.6765079],[139.778162,35.6766422],[139.7780673,35.6767288],[139.7779249,35.6767853],[139.7774622,35.6769686],[139.7773881,35.676998],[139.7772854,35.6770398],[139.7766509,35.677298],[139.7763017,35.6774432],[139.7761817,35.6774931],[139.7762228,35.677559],[139.7761575,35.6775839],[139.7761047,35.677604],[139.775718,35.6777633],[139.7752965,35.6779364],[139.7752414,35.6779607],[139.7751658,35.6779915],[139.7745974,35.6782242],[139.7745481,35.6782444],[139.7745261,35.6782575],[139.7744586,35.6782846],[139.7740817,35.6784355],[139.7740591,35.6785748],[139.7739719,35.6786075],[139.773766,35.6786877],[139.7736706,35.6787441],[139.7737448,35.6788624],[139.7739334,35.6791631],[139.7739434,35.679179],[139.7735124,35.6793615],[139.7734739,35.6793778],[139.773506,35.6794314],[139.7734626,35.6794498],[139.773145,35.6795848],[139.7730367,35.6796308],[139.7729346,35.6796742],[139.7722314,35.6799729],[139.7724205,35.6802743],[139.7724401,35.6803056],[139.7726216,35.6805925],[139.7725935,35.6806142],[139.7725711,35.6806314],[139.772492,35.6806924],[139.7724562,35.68072],[139.7724372,35.6807345],[139.7724678,35.6807856],[139.772055,35.680957],[139.7719782,35.681046],[139.7717789,35.6811255],[139.7714147,35.6812767],[139.7714432,35.6813199],[139.7714158,35.6813657],[139.7713873,35.6813759],[139.771345,35.681395],[139.7714956,35.681633],[139.7716635,35.681892],[139.7716618,35.6819011],[139.771661,35.6819058],[139.7716599,35.6819117],[139.7705719,35.6823662],[139.7705833,35.6823841],[139.7706072,35.6824314],[139.7708391,35.682891],[139.7710571,35.6833548],[139.7710827,35.6833914],[139.7711161,35.68341],[139.7711409,35.6834079],[139.7711747,35.6834735],[139.771228,35.6835723],[139.7712621,35.6836423],[139.7712207,35.6837142],[139.7713491,35.6840732],[139.7713656,35.6840898],[139.7714011,35.6841819],[139.7714286,35.6842696],[139.7715024,35.684793],[139.7715137,35.6848847],[139.7715195,35.6849675],[139.7715222,35.6850164],[139.7715283,35.6850529],[139.7715339,35.6850741],[139.7715869,35.685094],[139.771553,35.6851902],[139.7715264,35.6852688],[139.7714379,35.6853014],[139.7713824,35.6854287],[139.7714109,35.6854525],[139.7713833,35.6855135],[139.7713624,35.6855615],[139.7712991,35.685601],[139.7708277,35.6865791],[139.770557,35.686975],[139.7704864,35.6870782],[139.7704381,35.6871488],[139.7703125,35.6873467],[139.7702611,35.6874276],[139.7703644,35.6876576],[139.7705223,35.687709],[139.7704767,35.6878028]]},"properties":{"routeId":"osm_route_03_010","originId":"route_origin_hatchobori_tsukiji_001","originName":"Hatchobori Tsukiji controlled route test origin","shelterId":"chuo_official_emergency_010","shelterName":"常盤小学校","plateauBuildingId":"13102-bldg-2872","routeDistanceMeters":2800.933,"estimatedTravelTimeSeconds":2334.111,"routeSource":"OSM","routeType":"estimated_pedestrian_route","isOfficialEvacuationRoute":false}},{"type":"Feature","geometry":{"type":"LineString","coordinates":[[139.7777048,35.6686587],[139.7777766,35.6688335],[139.7777792,35.6688405],[139.7778278,35.668972],[139.7779471,35.6692942],[139.7779676,35.6693418],[139.7773313,35.6695071],[139.7772501,35.6695606],[139.7772874,35.6696444],[139.7773056,35.6696873],[139.7773304,35.6697474],[139.7774543,35.6700639],[139.7775642,35.6703445],[139.7776755,35.6706288],[139.7778333,35.6710318],[139.777852,35.6710795],[139.7778727,35.6711322],[139.7779455,35.671318],[139.7780354,35.671547],[139.7781332,35.6717964],[139.7782079,35.6719867],[139.7782265,35.6720342],[139.7782475,35.6720909],[139.7783591,35.6723916],[139.7783881,35.6724712],[139.7784985,35.6727775],[139.7785196,35.6728245],[139.7785499,35.6729166],[139.7785625,35.6730674],[139.7785796,35.6732683],[139.7785878,35.6734638],[139.7786043,35.6740727],[139.7786053,35.6741097],[139.778606,35.674155],[139.7786114,35.6744822],[139.778605,35.674551],[139.7785968,35.6746259],[139.7785917,35.674685],[139.7785805,35.6748703],[139.7785635,35.6751279],[139.7783895,35.6757501],[139.7783529,35.6757854],[139.7785082,35.6760686],[139.7784938,35.6761099],[139.7786331,35.6763704],[139.7786208,35.6763971],[139.7786054,35.6764305],[139.7782673,35.676516],[139.7783124,35.6765974],[139.7783639,35.6766906],[139.7783478,35.6767712],[139.7784829,35.6769869],[139.7786143,35.6771966],[139.7785401,35.6772289],[139.7787079,35.6775044],[139.7788159,35.6776816],[139.77893,35.6778688],[139.7790219,35.6780196],[139.7790722,35.6781022],[139.7791297,35.6781966],[139.7792812,35.6784453],[139.779507,35.6788159],[139.7799467,35.6794826],[139.7801145,35.6797594],[139.7801805,35.6798673],[139.7802297,35.6799503],[139.7801158,35.6800057],[139.7801954,35.6801328],[139.7802551,35.6802282],[139.7803067,35.6803107],[139.7802437,35.6803676],[139.7805254,35.6808318],[139.7806128,35.680969],[139.7809251,35.6814537],[139.7810008,35.6815903],[139.7810258,35.6816491],[139.7805858,35.6822478],[139.7805237,35.682364],[139.7805028,35.6824946],[139.780485,35.682723],[139.7804807,35.68278],[139.7803254,35.6835726],[139.7803395,35.6836361],[139.7803677,35.6837217],[139.7804105,35.6838198],[139.7803167,35.683881],[139.7801104,35.6840077],[139.7798573,35.6841607],[139.7799529,35.6842637],[139.7796087,35.6850691],[139.7795704,35.6851587],[139.7795343,35.6852414],[139.7791093,35.6862136],[139.7788483,35.6868152],[139.7785216,35.6875932],[139.7785005,35.6876393],[139.7784805,35.6876919],[139.778469,35.6877189],[139.7781642,35.6884326],[139.7781454,35.6884771],[139.7779634,35.6884126],[139.7779004,35.6883903],[139.7778732,35.6884401],[139.7777546,35.6886577],[139.7776625,35.6888602],[139.7776378,35.6889145],[139.7776139,35.6889817],[139.7774886,35.6893265],[139.7773684,35.6895754],[139.7772539,35.6898532],[139.7772397,35.6898886],[139.7772154,35.6899155],[139.7771889,35.6899269],[139.777148,35.6899343],[139.7771182,35.6900121],[139.7771621,35.6900425],[139.7771767,35.6900741],[139.7771737,35.6901147],[139.7770352,35.6904118],[139.7770285,35.6904659],[139.7768979,35.6907975]]},"properties":{"routeId":"osm_route_03_011","originId":"route_origin_hatchobori_tsukiji_001","originName":"Hatchobori Tsukiji controlled route test origin","shelterId":"chuo_official_emergency_011","shelterName":"十思スクエア","plateauBuildingId":"13102-bldg-15570","routeDistanceMeters":2763.713,"estimatedTravelTimeSeconds":2303.094,"routeSource":"OSM","routeType":"estimated_pedestrian_route","isOfficialEvacuationRoute":false}},{"type":"Feature","geometry":{"type":"LineString","coordinates":[[139.7777048,35.6686587],[139.7777766,35.6688335],[139.7777792,35.6688405],[139.7778278,35.668972],[139.7779471,35.6692942],[139.7779676,35.6693418],[139.7773313,35.6695071],[139.7772501,35.6695606],[139.7772874,35.6696444],[139.7773056,35.6696873],[139.7773304,35.6697474],[139.7774543,35.6700639],[139.7775642,35.6703445],[139.7776755,35.6706288],[139.7778333,35.6710318],[139.777852,35.6710795],[139.7778727,35.6711322],[139.7779455,35.671318],[139.7780354,35.671547],[139.7781332,35.6717964],[139.7782079,35.6719867],[139.7782265,35.6720342],[139.7782475,35.6720909],[139.7783591,35.6723916],[139.7783881,35.6724712],[139.7784985,35.6727775],[139.7785196,35.6728245],[139.7785499,35.6729166],[139.7785625,35.6730674],[139.7785796,35.6732683],[139.7785878,35.6734638],[139.7786043,35.6740727],[139.7786053,35.6741097],[139.778606,35.674155],[139.7786114,35.6744822],[139.778605,35.674551],[139.7785968,35.6746259],[139.7785917,35.674685],[139.7785805,35.6748703],[139.7785635,35.6751279],[139.7783895,35.6757501],[139.7783529,35.6757854],[139.7785082,35.6760686],[139.7784938,35.6761099],[139.7786331,35.6763704],[139.7786208,35.6763971],[139.7786054,35.6764305],[139.7782673,35.676516],[139.7783124,35.6765974],[139.7783639,35.6766906],[139.7783478,35.6767712],[139.7784829,35.6769869],[139.7786143,35.6771966],[139.7785401,35.6772289],[139.7787079,35.6775044],[139.7788159,35.6776816],[139.77893,35.6778688],[139.7790219,35.6780196],[139.7790722,35.6781022],[139.7791297,35.6781966],[139.7792812,35.6784453],[139.779507,35.6788159],[139.7799467,35.6794826],[139.7801145,35.6797594],[139.7801805,35.6798673],[139.7802297,35.6799503],[139.7801158,35.6800057],[139.7801954,35.6801328],[139.7802551,35.6802282],[139.7803067,35.6803107],[139.7802437,35.6803676],[139.7805254,35.6808318],[139.7806128,35.680969],[139.7809251,35.6814537],[139.7810008,35.6815903],[139.7810258,35.6816491],[139.7805858,35.6822478],[139.7805237,35.682364],[139.7805028,35.6824946],[139.780485,35.682723],[139.7804807,35.68278],[139.7803254,35.6835726],[139.7803395,35.6836361],[139.7803677,35.6837217],[139.7804105,35.6838198],[139.7806475,35.6841451],[139.781043,35.684367]]},"properties":{"routeId":"osm_route_03_012","originId":"route_origin_hatchobori_tsukiji_001","originName":"Hatchobori Tsukiji controlled route test origin","shelterId":"chuo_official_emergency_012","shelterName":"日本橋小学校","plateauBuildingId":"13102-bldg-12810","routeDistanceMeters":1961.82,"estimatedTravelTimeSeconds":1634.85,"routeSource":"OSM","routeType":"estimated_pedestrian_route","isOfficialEvacuationRoute":false}},{"type":"Feature","geometry":{"type":"LineString","coordinates":[[139.7777048,35.6686587],[139.7777766,35.6688335],[139.7777792,35.6688405],[139.7778278,35.668972],[139.7779471,35.6692942],[139.7779676,35.6693418],[139.7773313,35.6695071],[139.7772501,35.6695606],[139.7772874,35.6696444],[139.7773056,35.6696873],[139.7773304,35.6697474],[139.7774543,35.6700639],[139.7775642,35.6703445],[139.7776755,35.6706288],[139.7778333,35.6710318],[139.777852,35.6710795],[139.7778727,35.6711322],[139.7779455,35.671318],[139.7780354,35.671547],[139.7781332,35.6717964],[139.7782079,35.6719867],[139.7782265,35.6720342],[139.7782475,35.6720909],[139.7783591,35.6723916],[139.7783881,35.6724712],[139.7784985,35.6727775],[139.7785196,35.6728245],[139.7785499,35.6729166],[139.7785625,35.6730674],[139.7785796,35.6732683],[139.7785878,35.6734638],[139.7786043,35.6740727],[139.7786053,35.6741097],[139.778606,35.674155],[139.7786114,35.6744822],[139.778605,35.674551],[139.7785968,35.6746259],[139.7785917,35.674685],[139.7785805,35.6748703],[139.7785635,35.6751279],[139.7783895,35.6757501],[139.7783529,35.6757854],[139.7785082,35.6760686],[139.7785693,35.6761701],[139.7786913,35.6763778],[139.7787578,35.6764726],[139.7789057,35.6764314],[139.7791889,35.6763471],[139.779418,35.6762815],[139.7794751,35.6763524],[139.7794903,35.6763662],[139.7800047,35.6768336],[139.7802145,35.6770346],[139.7805632,35.6773499],[139.7806833,35.6774327],[139.7810292,35.6776492],[139.781693,35.678056],[139.7818846,35.6781844],[139.7819436,35.6782186],[139.7824263,35.6785115],[139.7825202,35.6785725],[139.7826169,35.6786353],[139.7827062,35.6786958],[139.7831045,35.6789552],[139.7832461,35.6790478],[139.7836784,35.6793241],[139.7837639,35.6793733],[139.7839021,35.6794557],[139.7842159,35.679643],[139.7844098,35.6797677],[139.7845794,35.6798759],[139.7846166,35.679901],[139.7848225,35.6800215],[139.7850652,35.6801805],[139.7854502,35.6804167],[139.7855182,35.680459],[139.7855888,35.6804999],[139.7855423,35.6805514],[139.7858909,35.6807562],[139.7863681,35.6810288],[139.786593,35.6811608],[139.7864261,35.6813768],[139.7863546,35.6814694],[139.7861924,35.6816794],[139.7863375,35.6817428],[139.7864342,35.6817923],[139.7874887,35.6823338],[139.788235,35.6827457],[139.7884493,35.682864],[139.7884089,35.6829],[139.7884304,35.6829534],[139.788297,35.6831206]]},"properties":{"routeId":"osm_route_03_013","originId":"route_origin_hatchobori_tsukiji_001","originName":"Hatchobori Tsukiji controlled route test origin","shelterId":"chuo_official_emergency_013","shelterName":"有馬小学校","plateauBuildingId":"13102-bldg-12391","routeDistanceMeters":2210.42,"estimatedTravelTimeSeconds":1842.017,"routeSource":"OSM","routeType":"estimated_pedestrian_route","isOfficialEvacuationRoute":false}},{"type":"Feature","geometry":{"type":"LineString","coordinates":[[139.7777048,35.6686587],[139.7777766,35.6688335],[139.7777792,35.6688405],[139.7778278,35.668972],[139.7779471,35.6692942],[139.7779676,35.6693418],[139.7773313,35.6695071],[139.7772501,35.6695606],[139.7772874,35.6696444],[139.7773056,35.6696873],[139.7773304,35.6697474],[139.7774543,35.6700639],[139.7775642,35.6703445],[139.7776755,35.6706288],[139.7778333,35.6710318],[139.777852,35.6710795],[139.7778727,35.6711322],[139.7779455,35.671318],[139.7780354,35.671547],[139.7781332,35.6717964],[139.7782079,35.6719867],[139.7782265,35.6720342],[139.7782475,35.6720909],[139.7783591,35.6723916],[139.7783881,35.6724712],[139.7784985,35.6727775],[139.7785196,35.6728245],[139.7785499,35.6729166],[139.7785625,35.6730674],[139.7785796,35.6732683],[139.7785878,35.6734638],[139.7786043,35.6740727],[139.7786053,35.6741097],[139.778606,35.674155],[139.7786114,35.6744822],[139.778605,35.674551],[139.7785968,35.6746259],[139.7785917,35.674685],[139.7785805,35.6748703],[139.7785635,35.6751279],[139.7783895,35.6757501],[139.7783529,35.6757854],[139.7785082,35.6760686],[139.7784938,35.6761099],[139.7786331,35.6763704],[139.7786208,35.6763971],[139.7786054,35.6764305],[139.7782673,35.676516],[139.7783124,35.6765974],[139.7783639,35.6766906],[139.7783478,35.6767712],[139.7784829,35.6769869],[139.7786143,35.6771966],[139.7785401,35.6772289],[139.7787079,35.6775044],[139.7788159,35.6776816],[139.77893,35.6778688],[139.7790219,35.6780196],[139.7790722,35.6781022],[139.7791297,35.6781966],[139.7792812,35.6784453],[139.779507,35.6788159],[139.7799467,35.6794826],[139.7801145,35.6797594],[139.7801805,35.6798673],[139.7802297,35.6799503],[139.7801158,35.6800057],[139.7801954,35.6801328],[139.7802551,35.6802282],[139.7803067,35.6803107],[139.7802437,35.6803676],[139.7805254,35.6808318],[139.7806128,35.680969],[139.7809251,35.6814537],[139.7810008,35.6815903],[139.7810258,35.6816491],[139.7805858,35.6822478],[139.7805237,35.682364],[139.7805028,35.6824946],[139.780485,35.682723],[139.7804807,35.68278],[139.7803254,35.6835726],[139.7803395,35.6836361],[139.7803677,35.6837217],[139.7804105,35.6838198],[139.7806475,35.6841451],[139.7805224,35.6846873],[139.7805414,35.6847228],[139.7806661,35.6848138],[139.780339,35.6852932],[139.7802845,35.6853731],[139.7802294,35.6854549],[139.7801247,35.6856994],[139.7800176,35.6859137],[139.7800928,35.6859526],[139.7805889,35.6862536],[139.7803193,35.6865857],[139.7805956,35.6867788],[139.7809284,35.6869925],[139.7813388,35.6872418],[139.781439,35.6872934],[139.7815137,35.6873427],[139.7819408,35.6876249],[139.782472,35.6879659],[139.7825233,35.6879989],[139.782575,35.6880336],[139.7832385,35.6884785],[139.7836912,35.6887696],[139.7838016,35.6888424],[139.7839248,35.6889163],[139.7843519,35.689202]]},"properties":{"routeId":"osm_route_03_014","originId":"route_origin_hatchobori_tsukiji_001","originName":"Hatchobori Tsukiji controlled route test origin","shelterId":"chuo_official_emergency_014","shelterName":"久松小学校","plateauBuildingId":"13102-bldg-14859","routeDistanceMeters":2709.642,"estimatedTravelTimeSeconds":2258.035,"routeSource":"OSM","routeType":"estimated_pedestrian_route","isOfficialEvacuationRoute":false}},{"type":"Feature","geometry":{"type":"LineString","coordinates":[[139.7777048,35.6686587],[139.7777766,35.6688335],[139.7777792,35.6688405],[139.7778278,35.668972],[139.7779471,35.6692942],[139.7779676,35.6693418],[139.7773313,35.6695071],[139.7772501,35.6695606],[139.7772874,35.6696444],[139.7773056,35.6696873],[139.7773304,35.6697474],[139.7774543,35.6700639],[139.7775642,35.6703445],[139.7776755,35.6706288],[139.7778333,35.6710318],[139.777852,35.6710795],[139.7778727,35.6711322],[139.7779455,35.671318],[139.7780354,35.671547],[139.7781332,35.6717964],[139.7782079,35.6719867],[139.7782265,35.6720342],[139.7782475,35.6720909],[139.7783591,35.6723916],[139.7783881,35.6724712],[139.7784985,35.6727775],[139.7785196,35.6728245],[139.7785499,35.6729166],[139.7785625,35.6730674],[139.7785796,35.6732683],[139.7785878,35.6734638],[139.7786043,35.6740727],[139.7786053,35.6741097],[139.778606,35.674155],[139.7786114,35.6744822],[139.778605,35.674551],[139.7785968,35.6746259],[139.7785917,35.674685],[139.7785805,35.6748703],[139.7785635,35.6751279],[139.7783895,35.6757501],[139.7783529,35.6757854],[139.7785082,35.6760686],[139.7784938,35.6761099],[139.7786331,35.6763704],[139.7786208,35.6763971],[139.7786054,35.6764305],[139.7782673,35.676516],[139.7783124,35.6765974],[139.7783639,35.6766906],[139.7783478,35.6767712],[139.7784829,35.6769869],[139.7786143,35.6771966],[139.7785401,35.6772289],[139.7787079,35.6775044],[139.7788159,35.6776816],[139.77893,35.6778688],[139.7790219,35.6780196],[139.7790722,35.6781022],[139.7791297,35.6781966],[139.7792812,35.6784453],[139.779507,35.6788159],[139.7799467,35.6794826],[139.7801145,35.6797594],[139.7801805,35.6798673],[139.7802297,35.6799503],[139.7801158,35.6800057],[139.7801954,35.6801328],[139.7802551,35.6802282],[139.7803067,35.6803107],[139.7802437,35.6803676],[139.7805254,35.6808318],[139.7806128,35.680969],[139.7809251,35.6814537],[139.7810008,35.6815903],[139.7810258,35.6816491],[139.7805858,35.6822478],[139.7805237,35.682364],[139.7805028,35.6824946],[139.780485,35.682723],[139.7804807,35.68278],[139.7803254,35.6835726],[139.7803395,35.6836361],[139.7803677,35.6837217],[139.7804105,35.6838198],[139.7806475,35.6841451],[139.7805224,35.6846873],[139.7805414,35.6847228],[139.7806661,35.6848138],[139.7811055,35.6850846],[139.781423,35.6852693],[139.7821075,35.6857173],[139.7824687,35.6859391],[139.7822771,35.6861591],[139.7823757,35.6862163],[139.782477,35.6862737],[139.7825121,35.6863572],[139.7826406,35.6864428],[139.7828183,35.6865612],[139.7833621,35.6869209],[139.7833025,35.6869891],[139.7833692,35.6870353],[139.7834298,35.6870753],[139.7844793,35.6877678],[139.7845355,35.6878048],[139.7847704,35.6879587],[139.7848511,35.6880123],[139.7853017,35.6883116],[139.7852495,35.6883931],[139.7854445,35.6885279],[139.7855425,35.6885956],[139.7856256,35.6886531],[139.7856275,35.6886956],[139.7856856,35.6887363],[139.7857863,35.6888066],[139.7858602,35.6888583],[139.7855683,35.6893235],[139.7852924,35.6897633],[139.7856504,35.689997],[139.7856289,35.6900375],[139.7856074,35.6900781],[139.7856414,35.6901002],[139.7856828,35.6901272],[139.7858514,35.690237],[139.7855405,35.6907278],[139.7857009,35.6908349],[139.7858358,35.6909231],[139.7858891,35.690958],[139.7859403,35.6909914],[139.7862815,35.6912146],[139.7865642,35.6913986],[139.7866157,35.6914321],[139.7866707,35.6914705],[139.7868317,35.6915827],[139.7869838,35.6916888],[139.7870218,35.6917152],[139.7870517,35.6917361],[139.7870176,35.6917845]]},"properties":{"routeId":"osm_route_03_015","originId":"route_origin_hatchobori_tsukiji_001","originName":"Hatchobori Tsukiji controlled route test origin","shelterId":"chuo_official_emergency_015","shelterName":"日本橋中学校","plateauBuildingId":"13102-bldg-15963","routeDistanceMeters":3131.698,"estimatedTravelTimeSeconds":2609.748,"routeSource":"OSM","routeType":"estimated_pedestrian_route","isOfficialEvacuationRoute":false}},{"type":"Feature","geometry":{"type":"LineString","coordinates":[[139.7777048,35.6686587],[139.7777766,35.6688335],[139.7777792,35.6688405],[139.7778278,35.668972],[139.7779471,35.6692942],[139.7779676,35.6693418],[139.7773313,35.6695071],[139.7772501,35.6695606],[139.7772874,35.6696444],[139.7773056,35.6696873],[139.7773304,35.6697474],[139.7774543,35.6700639],[139.7775642,35.6703445],[139.7776755,35.6706288],[139.7778333,35.6710318],[139.777852,35.6710795],[139.7778727,35.6711322],[139.7779455,35.671318],[139.7780354,35.671547],[139.7781332,35.6717964],[139.7782079,35.6719867],[139.7782265,35.6720342],[139.7782475,35.6720909],[139.7783591,35.6723916],[139.7783881,35.6724712],[139.7784985,35.6727775],[139.7785196,35.6728245],[139.7785499,35.6729166],[139.7785625,35.6730674],[139.7785796,35.6732683],[139.7785878,35.6734638],[139.7786043,35.6740727],[139.7786053,35.6741097],[139.778606,35.674155],[139.7786114,35.6744822],[139.778605,35.674551],[139.7785968,35.6746259],[139.7785917,35.674685],[139.7785805,35.6748703],[139.7785635,35.6751279],[139.7783895,35.6757501],[139.7783529,35.6757854],[139.7785082,35.6760686],[139.7784938,35.6761099],[139.7786331,35.6763704],[139.7786208,35.6763971],[139.7786054,35.6764305],[139.7782673,35.676516],[139.7783124,35.6765974],[139.7783639,35.6766906],[139.7783478,35.6767712],[139.7782667,35.6768047],[139.7781455,35.6768547],[139.7782431,35.6770117],[139.7781731,35.6770523],[139.7776082,35.6773015],[139.7775796,35.6773141],[139.7777436,35.6775689],[139.7777002,35.677588],[139.7775125,35.6776708],[139.7773355,35.6777488],[139.7771687,35.6778223],[139.7770387,35.677878],[139.7766304,35.6780531],[139.7768936,35.678471],[139.7768183,35.6785027],[139.776874,35.6785906],[139.7768148,35.678615],[139.776957,35.6788381],[139.776949,35.6788976],[139.7764924,35.6790837],[139.7765168,35.6791234]]},"properties":{"routeId":"osm_route_03_016","originId":"route_origin_hatchobori_tsukiji_001","originName":"Hatchobori Tsukiji controlled route test origin","shelterId":"chuo_official_emergency_016","shelterName":"阪本小学校","plateauBuildingId":"13102-bldg-10474","routeDistanceMeters":1420.539,"estimatedTravelTimeSeconds":1183.783,"routeSource":"OSM","routeType":"estimated_pedestrian_route","isOfficialEvacuationRoute":false}},{"type":"Feature","geometry":{"type":"LineString","coordinates":[[139.7777048,35.6686587],[139.7783964,35.6684828],[139.7785268,35.668793],[139.7786458,35.6687644],[139.7787654,35.669043],[139.7788551,35.6690223],[139.7788716,35.6690184],[139.778888,35.6690736],[139.7788978,35.6691026],[139.7789522,35.6692618],[139.7789621,35.6692926],[139.779211,35.6692328],[139.7792166,35.6692473],[139.7798371,35.6690652],[139.7802245,35.6689516],[139.7802561,35.6689376],[139.7802954,35.6689225],[139.780357,35.6689015],[139.7803501,35.6688117],[139.7802997,35.6687027],[139.7818611,35.6672604],[139.7819398,35.6671996],[139.7820797,35.6671043],[139.7821296,35.6671239],[139.782009,35.6672122],[139.7820491,35.6672764],[139.7821032,35.6673673],[139.7821359,35.6674372],[139.7821613,35.667519],[139.782284,35.6677545],[139.7824412,35.6680632],[139.7825041,35.6682042],[139.7825503,35.6683078],[139.7824646,35.6683397],[139.7824873,35.6683883],[139.7825283,35.668437],[139.7827224,35.6686618],[139.7827435,35.6686923],[139.7829057,35.6686237],[139.7829513,35.6684875],[139.7830237,35.6684221],[139.7830452,35.6684657],[139.783127,35.6684962],[139.7832383,35.6685104],[139.7833872,35.6684951],[139.7834318,35.6684716],[139.7835293,35.6685561],[139.7835508,35.6686019],[139.783823,35.6686117],[139.7839585,35.6687762],[139.7840872,35.6687544],[139.7843608,35.6688045],[139.7844386,35.6688394]]},"properties":{"routeId":"osm_route_03_017","originId":"route_origin_hatchobori_tsukiji_001","originName":"Hatchobori Tsukiji controlled route test origin","shelterId":"chuo_official_emergency_017","shelterName":"佃島小学校","plateauBuildingId":"13102-bldg-8511","routeDistanceMeters":985.939,"estimatedTravelTimeSeconds":821.616,"routeSource":"OSM","routeType":"estimated_pedestrian_route","isOfficialEvacuationRoute":false}},{"type":"Feature","geometry":{"type":"LineString","coordinates":[[139.7777048,35.6686587],[139.7783964,35.6684828],[139.7785268,35.668793],[139.7786458,35.6687644],[139.7787654,35.669043],[139.7788551,35.6690223],[139.7788716,35.6690184],[139.778888,35.6690736],[139.7788978,35.6691026],[139.7789522,35.6692618],[139.7789621,35.6692926],[139.779211,35.6692328],[139.7792166,35.6692473],[139.7798371,35.6690652],[139.7802245,35.6689516],[139.7802561,35.6689376],[139.7802954,35.6689225],[139.780357,35.6689015],[139.7803501,35.6688117],[139.7802997,35.6687027],[139.7818611,35.6672604],[139.7819398,35.6671996],[139.7820797,35.6671043],[139.7821296,35.6671239],[139.7824515,35.6669923],[139.782772,35.6668613],[139.7828184,35.6669323],[139.7828747,35.6669981],[139.7830161,35.6671939],[139.783061,35.6672619],[139.7831103,35.667365],[139.7832718,35.667304],[139.7834311,35.6672438],[139.7835284,35.6672251],[139.7835857,35.6672068],[139.7839535,35.6670895],[139.7841735,35.6670193],[139.7842975,35.6671168],[139.7843423,35.6671513],[139.7843909,35.6671919],[139.7845345,35.6673],[139.7847256,35.6674449]]},"properties":{"routeId":"osm_route_03_018","originId":"route_origin_hatchobori_tsukiji_001","originName":"Hatchobori Tsukiji controlled route test origin","shelterId":"chuo_official_emergency_018","shelterName":"佃中学校","plateauBuildingId":"13102-bldg-8511","routeDistanceMeters":891.774,"estimatedTravelTimeSeconds":743.145,"routeSource":"OSM","routeType":"estimated_pedestrian_route","isOfficialEvacuationRoute":false}},{"type":"Feature","geometry":{"type":"LineString","coordinates":[[139.7777048,35.6686587],[139.7783964,35.6684828],[139.7785268,35.668793],[139.7786458,35.6687644],[139.7787654,35.669043],[139.7788551,35.6690223],[139.7788716,35.6690184],[139.778888,35.6690736],[139.7796212,35.6688639],[139.7799966,35.6686296],[139.780128,35.6685334],[139.7801175,35.66851],[139.7800778,35.6684218],[139.7801612,35.6683983],[139.7801956,35.6684749],[139.7802156,35.6684632],[139.7818062,35.6670121],[139.7818127,35.6670062],[139.7819849,35.6668179],[139.7819757,35.6667926],[139.7821266,35.6666566],[139.7821004,35.6666381],[139.7827831,35.6660512],[139.7827475,35.6660128],[139.7826268,35.6658817],[139.7825733,35.6658241],[139.782514,35.6657788],[139.7823168,35.6656301],[139.7821708,35.6655247],[139.7821959,35.6655004],[139.7825931,35.6651153],[139.7822826,35.6648925],[139.7820148,35.6647002],[139.7818802,35.6646037],[139.7817408,35.6645046],[139.7815835,35.6643907],[139.781428,35.6642792],[139.781872,35.6638621],[139.7817332,35.6637631],[139.7816532,35.663706],[139.7814632,35.6635704],[139.7811877,35.6633739],[139.7816128,35.6629673],[139.7820202,35.6625778],[139.7816464,35.6622955],[139.7813693,35.662084],[139.7813285,35.6620553],[139.781385,35.661998],[139.7811864,35.6618557],[139.7809624,35.6616952],[139.7808167,35.6615907],[139.780661,35.6614791],[139.7804864,35.6613539],[139.7803883,35.6612837],[139.7802866,35.6612133],[139.7801134,35.6610933],[139.7799551,35.6609837]]},"properties":{"routeId":"osm_route_03_019","originId":"route_origin_hatchobori_tsukiji_001","originName":"Hatchobori Tsukiji controlled route test origin","shelterId":"chuo_official_emergency_019","shelterName":"月島第一小学校","plateauBuildingId":"13102-bldg-5099","routeDistanceMeters":1488.354,"estimatedTravelTimeSeconds":1240.295,"routeSource":"OSM","routeType":"estimated_pedestrian_route","isOfficialEvacuationRoute":false}},{"type":"Feature","geometry":{"type":"LineString","coordinates":[[139.7777048,35.6686587],[139.7783964,35.6684828],[139.7780892,35.6677513],[139.7780797,35.667728],[139.7780581,35.6676749],[139.7780389,35.6676278],[139.7780467,35.6675951],[139.7780509,35.6675777],[139.7780147,35.66749],[139.7781205,35.66746],[139.7778565,35.6668217],[139.7777947,35.6666681],[139.7777568,35.666579],[139.777721,35.6665067],[139.7776743,35.6664279],[139.7776196,35.666348],[139.7775507,35.6662605],[139.7774708,35.6661641],[139.7773745,35.66607],[139.7769849,35.6657118],[139.7769144,35.6656471],[139.7768493,35.6656024],[139.7767876,35.6655719],[139.776704,35.6655407],[139.7766622,35.6655283],[139.7765488,35.6654992],[139.7764383,35.6654656],[139.7763631,35.665446],[139.7763149,35.6654188],[139.7757951,35.6650229],[139.7756847,35.6649392],[139.7754755,35.6647806],[139.7751468,35.6645316],[139.775089,35.664486],[139.7750337,35.664445],[139.774791,35.6642623],[139.7745675,35.664094],[139.7742218,35.6638277],[139.7738855,35.6635826],[139.7738178,35.6635401],[139.7740722,35.663223],[139.77412,35.6631705],[139.77575,35.6613915],[139.7767447,35.6603739],[139.7766257,35.6602968],[139.7765627,35.6602559],[139.7765957,35.6602229],[139.7765967,35.6601987],[139.7766287,35.6601654],[139.7759756,35.6597187]]},"properties":{"routeId":"osm_route_03_020","originId":"route_origin_hatchobori_tsukiji_001","originName":"Hatchobori Tsukiji controlled route test origin","shelterId":"chuo_official_emergency_020","shelterName":"月島第二小学校","plateauBuildingId":"13102-bldg-9813","routeDistanceMeters":1343.314,"estimatedTravelTimeSeconds":1119.428,"routeSource":"OSM","routeType":"estimated_pedestrian_route","isOfficialEvacuationRoute":false}},{"type":"Feature","geometry":{"type":"LineString","coordinates":[[139.7777048,35.6686587],[139.7783964,35.6684828],[139.7785268,35.668793],[139.7786458,35.6687644],[139.7787654,35.669043],[139.7788551,35.6690223],[139.7788716,35.6690184],[139.778888,35.6690736],[139.7796212,35.6688639],[139.7799966,35.6686296],[139.780128,35.6685334],[139.7801175,35.66851],[139.7800778,35.6684218],[139.7801612,35.6683983],[139.7801956,35.6684749],[139.7802156,35.6684632],[139.7818062,35.6670121],[139.7818127,35.6670062],[139.7819849,35.6668179],[139.7819924,35.6668098],[139.7836229,35.6653336],[139.7836214,35.6653051],[139.7836858,35.6652479],[139.7837777,35.6652399],[139.7838862,35.6651432],[139.783821,35.6650962],[139.7845454,35.6644292],[139.7845479,35.6644075],[139.7846413,35.6643299],[139.7847386,35.6642492],[139.7848419,35.6641633],[139.7848256,35.6641519],[139.7848704,35.6641363],[139.7856385,35.6634414],[139.7860322,35.6630852],[139.7860595,35.6630596],[139.7860988,35.6630195],[139.7861594,35.6629618],[139.7861311,35.662933],[139.7861138,35.6629016],[139.7861163,35.6628405],[139.7860252,35.6627383],[139.7859812,35.6626889],[139.7859163,35.6626147],[139.7856595,35.6623211],[139.7853668,35.6619862],[139.7850995,35.6616869],[139.7845486,35.6610572],[139.7844246,35.6609825],[139.7843992,35.6609718],[139.7843397,35.6609504],[139.7842901,35.6609976],[139.7842525,35.6609668],[139.7843283,35.6608944],[139.7849321,35.660282],[139.784998,35.6602152],[139.7850641,35.6601484],[139.7849871,35.6600974],[139.7857033,35.6593565],[139.7857033,35.6592976],[139.7856711,35.6592764],[139.7857193,35.6592328],[139.7857475,35.6592075]]},"properties":{"routeId":"osm_route_03_021","originId":"route_origin_hatchobori_tsukiji_001","originName":"Hatchobori Tsukiji controlled route test origin","shelterId":"chuo_official_emergency_021","shelterName":"月島第三小学校","plateauBuildingId":"13102-bldg-7675","routeDistanceMeters":1695.325,"estimatedTravelTimeSeconds":1412.771,"routeSource":"OSM","routeType":"estimated_pedestrian_route","isOfficialEvacuationRoute":false}},{"type":"Feature","geometry":{"type":"LineString","coordinates":[[139.7777048,35.6686587],[139.7783964,35.6684828],[139.7785268,35.668793],[139.7786458,35.6687644],[139.7787654,35.669043],[139.7788551,35.6690223],[139.7788716,35.6690184],[139.778888,35.6690736],[139.7796212,35.6688639],[139.7799966,35.6686296],[139.780128,35.6685334],[139.7801175,35.66851],[139.7800778,35.6684218],[139.7801612,35.6683983],[139.7801956,35.6684749],[139.7802156,35.6684632],[139.7818062,35.6670121],[139.7818127,35.6670062],[139.7819849,35.6668179],[139.7819924,35.6668098],[139.7836229,35.6653336],[139.7836214,35.6653051],[139.7836858,35.6652479],[139.7837777,35.6652399],[139.7838862,35.6651432],[139.783821,35.6650962],[139.7845454,35.6644292],[139.7845479,35.6644075],[139.7846413,35.6643299],[139.7847386,35.6642492],[139.7848419,35.6641633],[139.7848256,35.6641519],[139.7848704,35.6641363],[139.7856385,35.6634414],[139.7860322,35.6630852],[139.7860595,35.6630596],[139.7860988,35.6630195],[139.7861594,35.6629618],[139.7861311,35.662933],[139.7861138,35.6629016],[139.7861163,35.6628405],[139.7860252,35.6627383],[139.7859812,35.6626889],[139.7859163,35.6626147],[139.7856595,35.6623211],[139.7853668,35.6619862],[139.7850995,35.6616869],[139.7845486,35.6610572],[139.7844246,35.6609825],[139.7843992,35.6609718],[139.7843397,35.6609504],[139.7842901,35.6609976],[139.7842525,35.6609668],[139.7843283,35.6608944],[139.7849321,35.660282],[139.784998,35.6602152],[139.7850641,35.6601484],[139.7849871,35.6600974]]},"properties":{"routeId":"osm_route_03_022","originId":"route_origin_hatchobori_tsukiji_001","originName":"Hatchobori Tsukiji controlled route test origin","shelterId":"chuo_official_emergency_022","shelterName":"晴海中学校","plateauBuildingId":"13102-bldg-1478","routeDistanceMeters":1569.962,"estimatedTravelTimeSeconds":1308.302,"routeSource":"OSM","routeType":"estimated_pedestrian_route","isOfficialEvacuationRoute":false}},{"type":"Feature","geometry":{"type":"LineString","coordinates":[[139.7777048,35.6686587],[139.7783964,35.6684828],[139.7780892,35.6677513],[139.7780797,35.667728],[139.7780581,35.6676749],[139.7780389,35.6676278],[139.7780467,35.6675951],[139.7780509,35.6675777],[139.7780147,35.66749],[139.7781205,35.66746],[139.7778565,35.6668217],[139.7777947,35.6666681],[139.7777568,35.666579],[139.777721,35.6665067],[139.7776743,35.6664279],[139.7776196,35.666348],[139.7775507,35.6662605],[139.7774708,35.6661641],[139.7773745,35.66607],[139.7769849,35.6657118],[139.7769144,35.6656471],[139.7768493,35.6656024],[139.7767876,35.6655719],[139.776704,35.6655407],[139.7766622,35.6655283],[139.7765488,35.6654992],[139.7764383,35.6654656],[139.7763631,35.665446],[139.7763149,35.6654188],[139.7757951,35.6650229],[139.7756847,35.6649392],[139.7754755,35.6647806],[139.7751468,35.6645316],[139.775089,35.664486],[139.7750337,35.664445],[139.774791,35.6642623],[139.7745675,35.664094],[139.7742218,35.6638277],[139.7738855,35.6635826],[139.7738178,35.6635401],[139.7740722,35.663223],[139.77412,35.6631705],[139.77575,35.6613915],[139.7767447,35.6603739],[139.7766257,35.6602968],[139.7766982,35.660213],[139.7767796,35.6601287],[139.7767203,35.6600896],[139.7773275,35.6594576],[139.7773897,35.6593832],[139.7774079,35.6593264],[139.7774511,35.6592251],[139.7770604,35.6589573],[139.7766597,35.6586827],[139.7765573,35.6586125],[139.7764388,35.6585313],[139.7756533,35.6579929],[139.7755378,35.6579137],[139.7754244,35.657836],[139.7754887,35.6577723],[139.7751737,35.6575599],[139.775023,35.6574561],[139.7746888,35.6572085],[139.774595,35.6571426],[139.7745105,35.6570806],[139.7739918,35.6567079],[139.7738407,35.656607],[139.7737419,35.6565411],[139.7735901,35.6564653],[139.7734748,35.6563886],[139.7735301,35.6563357],[139.7726562,35.6557176],[139.7739514,35.6544786]]},"properties":{"routeId":"osm_route_03_023","originId":"route_origin_hatchobori_tsukiji_001","originName":"Hatchobori Tsukiji controlled route test origin","shelterId":"chuo_official_emergency_023","shelterName":"豊海小学校","plateauBuildingId":"13102-bldg-2954","routeDistanceMeters":2174.985,"estimatedTravelTimeSeconds":1812.488,"routeSource":"OSM","routeType":"estimated_pedestrian_route","isOfficialEvacuationRoute":false}},{"type":"Feature","geometry":{"type":"LineString","coordinates":[[139.7777048,35.6686587],[139.7777766,35.6688335],[139.7777792,35.6688405],[139.7778278,35.668972],[139.7779471,35.6692942],[139.7779676,35.6693418],[139.7773313,35.6695071],[139.7772501,35.6695606],[139.7757969,35.669959],[139.7752207,35.6701164],[139.7750147,35.6701725],[139.7749171,35.6702526],[139.7748315,35.6702847],[139.7747946,35.6702433],[139.774512,35.6699373],[139.7741202,35.6701162],[139.7738215,35.6702459],[139.7733402,35.6704476],[139.7730885,35.670553],[139.7729984,35.6705902],[139.7729218,35.6706221],[139.7725824,35.6707663],[139.7725472,35.670724],[139.7723298,35.6704633]]},"properties":{"routeId":"osm_route_03_024","originId":"route_origin_hatchobori_tsukiji_001","originName":"Hatchobori Tsukiji controlled route test origin","shelterId":"chuo_official_emergency_024","shelterName":"中央区役所","plateauBuildingId":"13102-bldg-10473","routeDistanceMeters":669.632,"estimatedTravelTimeSeconds":558.027,"routeSource":"OSM","routeType":"estimated_pedestrian_route","isOfficialEvacuationRoute":false}},{"type":"Feature","geometry":{"type":"LineString","coordinates":[[139.7777048,35.6686587],[139.7777766,35.6688335],[139.7777792,35.6688405],[139.7778278,35.668972],[139.7779471,35.6692942],[139.7779676,35.6693418],[139.7773313,35.6695071],[139.7772501,35.6695606],[139.7772874,35.6696444],[139.7773056,35.6696873],[139.7773304,35.6697474],[139.7774543,35.6700639],[139.7775642,35.6703445],[139.7776755,35.6706288],[139.7778333,35.6710318],[139.777852,35.6710795],[139.7778727,35.6711322],[139.7779455,35.671318],[139.7780354,35.671547],[139.7781332,35.6717964],[139.7782079,35.6719867],[139.7782265,35.6720342],[139.7782475,35.6720909],[139.7783591,35.6723916],[139.7783881,35.6724712],[139.7784985,35.6727775],[139.7785196,35.6728245],[139.7785499,35.6729166],[139.7785625,35.6730674],[139.7785796,35.6732683],[139.7785878,35.6734638],[139.7786043,35.6740727],[139.7786053,35.6741097],[139.778606,35.674155],[139.7786114,35.6744822],[139.778605,35.674551],[139.7785968,35.6746259],[139.7785917,35.674685],[139.7785805,35.6748703],[139.7785635,35.6751279],[139.7783895,35.6757501],[139.7783529,35.6757854],[139.7785082,35.6760686],[139.7784938,35.6761099],[139.7786331,35.6763704],[139.7786208,35.6763971],[139.7786054,35.6764305],[139.7782673,35.676516],[139.7783124,35.6765974],[139.7783639,35.6766906],[139.7783478,35.6767712],[139.7784829,35.6769869],[139.7786143,35.6771966],[139.7787872,35.6774726],[139.7788972,35.6776483],[139.7790136,35.6778341],[139.7790881,35.6779529],[139.7791194,35.6779819],[139.7791354,35.6779967],[139.7792054,35.6780485],[139.7792351,35.6781049],[139.7792081,35.6781658],[139.7793657,35.6784101],[139.7794568,35.6785505],[139.7796038,35.6787768],[139.7800289,35.6794487],[139.7801879,35.6797144],[139.7802088,35.6797176],[139.780284,35.6797294],[139.7803229,35.6797946],[139.7803725,35.6798777],[139.7804299,35.679974],[139.7804127,35.6800395],[139.7804059,35.6800655],[139.780659,35.6805218],[139.780713,35.6805866],[139.7808789,35.6808429],[139.7811522,35.6812778],[139.7812523,35.6814401],[139.7812961,35.6814328],[139.7813208,35.6814763],[139.7816545,35.6812552],[139.782018,35.6809911],[139.7824107,35.6812111],[139.7827478,35.6813929],[139.7832447,35.681663],[139.7836695,35.6818939],[139.7838422,35.6819878],[139.7840441,35.6820975],[139.7840974,35.6821265],[139.7841521,35.6821519],[139.7844547,35.6822923]]},"properties":{"routeId":"osm_route_03_025","originId":"route_origin_hatchobori_tsukiji_001","originName":"Hatchobori Tsukiji controlled route test origin","shelterId":"chuo_official_emergency_025","shelterName":"日本橋区民センター","plateauBuildingId":"13102-bldg-12306","routeDistanceMeters":1949.551,"estimatedTravelTimeSeconds":1624.626,"routeSource":"OSM","routeType":"estimated_pedestrian_route","isOfficialEvacuationRoute":false}},{"type":"Feature","geometry":{"type":"LineString","coordinates":[[139.7777048,35.6686587],[139.7783964,35.6684828],[139.7785268,35.668793],[139.7786458,35.6687644],[139.7787654,35.669043],[139.7788551,35.6690223],[139.7788716,35.6690184],[139.778888,35.6690736],[139.7796212,35.6688639],[139.7799966,35.6686296],[139.780128,35.6685334],[139.7801175,35.66851],[139.7800778,35.6684218],[139.7801612,35.6683983],[139.7801956,35.6684749],[139.7802156,35.6684632],[139.7818062,35.6670121],[139.7818127,35.6670062],[139.7819849,35.6668179],[139.7819757,35.6667926],[139.7821266,35.6666566],[139.7821004,35.6666381],[139.7827831,35.6660512],[139.7827475,35.6660128],[139.7826268,35.6658817],[139.7825733,35.6658241],[139.782514,35.6657788],[139.7823168,35.6656301],[139.7821708,35.6655247],[139.7821959,35.6655004],[139.7825931,35.6651153],[139.7822826,35.6648925],[139.7827301,35.6644744],[139.7824631,35.6642839],[139.7828949,35.6638829],[139.783308,35.6634989],[139.7832337,35.6634517],[139.7832409,35.6634207],[139.783231,35.6634144],[139.7832901,35.6633606],[139.7831188,35.6632384],[139.7823851,35.6627148],[139.7824721,35.6626273],[139.782377,35.6625591],[139.7824257,35.6625173],[139.7823944,35.6624944],[139.7815708,35.6618902]]},"properties":{"routeId":"osm_route_03_026","originId":"route_origin_hatchobori_tsukiji_001","originName":"Hatchobori Tsukiji controlled route test origin","shelterId":"chuo_official_emergency_026","shelterName":"月島区民センター","plateauBuildingId":"13102-bldg-3852","routeDistanceMeters":1334.694,"estimatedTravelTimeSeconds":1112.245,"routeSource":"OSM","routeType":"estimated_pedestrian_route","isOfficialEvacuationRoute":false}},{"type":"Feature","geometry":{"type":"LineString","coordinates":[[139.7777048,35.6686587],[139.7783964,35.6684828],[139.7780892,35.6677513],[139.7780797,35.667728],[139.7780581,35.6676749],[139.7780389,35.6676278],[139.7780467,35.6675951],[139.7780509,35.6675777],[139.7780147,35.66749],[139.7781205,35.66746],[139.7778565,35.6668217],[139.7777947,35.6666681],[139.7777568,35.666579],[139.777721,35.6665067],[139.7776743,35.6664279],[139.7776196,35.666348],[139.7775507,35.6662605],[139.7774708,35.6661641],[139.7773745,35.66607],[139.7769849,35.6657118],[139.7769144,35.6656471],[139.7768493,35.6656024],[139.7767876,35.6655719],[139.776704,35.6655407],[139.7766622,35.6655283],[139.7765488,35.6654992],[139.7764383,35.6654656],[139.7763631,35.665446],[139.7763149,35.6654188],[139.7757951,35.6650229],[139.7756847,35.6649392],[139.7754755,35.6647806],[139.7751468,35.6645316],[139.775089,35.664486],[139.7750337,35.664445],[139.774791,35.6642623],[139.7745675,35.664094],[139.7742218,35.6638277],[139.7738855,35.6635826],[139.7738178,35.6635401],[139.7740722,35.663223],[139.77412,35.6631705],[139.77575,35.6613915],[139.7767447,35.6603739],[139.7768183,35.6602952],[139.7769041,35.6602083],[139.7775772,35.6595072],[139.7776881,35.6593962],[139.7777629,35.6593214],[139.7778697,35.6592138],[139.778239,35.6588502],[139.7785781,35.658516],[139.7786572,35.6584381],[139.77857,35.6583741],[139.7786531,35.65829],[139.7790026,35.6579362],[139.7789151,35.6578768],[139.778943,35.6578515],[139.7792528,35.6575412],[139.779941,35.6568659],[139.7799791,35.6568242],[139.7800328,35.6567655],[139.7801013,35.6566986],[139.7799842,35.656679],[139.7799273,35.6566412],[139.7798943,35.6566157],[139.779871,35.6565851],[139.7798539,35.6565532],[139.7798426,35.6565261],[139.7798309,35.6564855],[139.7798292,35.6564332],[139.7798416,35.6563706],[139.7798557,35.6563379],[139.7798718,35.656315],[139.7799057,35.656279],[139.7799265,35.6562526],[139.7799553,35.6561929],[139.7799546,35.6561363],[139.7799387,35.656074],[139.7799261,35.6560559],[139.779905,35.6560306],[139.7798735,35.6560017],[139.7798441,35.6559808],[139.7797926,35.6559601],[139.7797447,35.6559499],[139.7796898,35.6559341],[139.7796495,35.6559173],[139.7796216,35.6558964],[139.7795833,35.6558522],[139.7795583,35.6558099],[139.7795416,35.6557478],[139.7795118,35.6556642],[139.7794253,35.6556084],[139.7789208,35.655261],[139.7787161,35.6551238],[139.7781562,35.6547483],[139.7780959,35.6547082],[139.7779329,35.6545998],[139.7779863,35.6545441],[139.7780382,35.6544901],[139.7774927,35.6541183],[139.7772507,35.6539534],[139.7771468,35.6538826],[139.7770986,35.6538497],[139.776715,35.6535904],[139.7759097,35.6530648],[139.7751903,35.6525921],[139.7744539,35.6521539]]},"properties":{"routeId":"osm_route_03_027","originId":"route_origin_hatchobori_tsukiji_001","originName":"Hatchobori Tsukiji controlled route test origin","shelterId":"chuo_official_emergency_027","shelterName":"(旧)ほっとプラザはるみ","plateauBuildingId":"13102-bldg-525","routeDistanceMeters":2527.711,"estimatedTravelTimeSeconds":2106.426,"routeSource":"OSM","routeType":"estimated_pedestrian_route","isOfficialEvacuationRoute":false}},{"type":"Feature","geometry":{"type":"LineString","coordinates":[[139.776876,35.6586848],[139.7768879,35.6586733],[139.7769173,35.6586944],[139.7769467,35.6587156],[139.7768947,35.6587721],[139.7768882,35.6587791],[139.7768695,35.6587995],[139.7770919,35.6589561],[139.7771843,35.6590211],[139.7772766,35.6590862],[139.7772031,35.6591529],[139.7772254,35.6591656],[139.7772403,35.6591758],[139.777266,35.6591929],[139.7772511,35.6592058],[139.7773085,35.6592424],[139.7774079,35.6593264],[139.7773897,35.6593832],[139.7773275,35.6594576],[139.7767203,35.6600896],[139.7767796,35.6601287],[139.7766982,35.660213],[139.7766257,35.6602968],[139.7763032,35.6606541],[139.7756774,35.6613478],[139.7740456,35.6631346],[139.7736655,35.6634805],[139.7735808,35.6635602],[139.7728662,35.6642321],[139.7726256,35.6644588],[139.772548,35.6645313],[139.772472,35.6646098],[139.7722273,35.664857],[139.7720045,35.6650833],[139.7717835,35.665308],[139.7715288,35.6655662],[139.7712088,35.6658912],[139.7708996,35.6662051],[139.7707636,35.6663432],[139.770727,35.6663792],[139.7706459,35.6664627],[139.770556,35.6665409],[139.7704561,35.6666279],[139.7697431,35.6672474],[139.7696483,35.6673314],[139.7697278,35.6674097],[139.7696267,35.6674919],[139.7696773,35.6675326],[139.769703,35.6675608],[139.7693708,35.6678303],[139.7691916,35.6679757],[139.768913,35.6682017],[139.7688943,35.6682612],[139.7688612,35.6682773],[139.7688209,35.6682997],[139.768788,35.6683181],[139.7686237,35.668452],[139.7684845,35.6685654],[139.7684553,35.6685903],[139.7684171,35.6686228],[139.7683991,35.6686581],[139.7683594,35.6686641],[139.7683335,35.6686798],[139.7682114,35.6687764],[139.7681921,35.6687931],[139.7681679,35.6688174],[139.7680212,35.6689339],[139.768004,35.6689663],[139.7679907,35.6689833],[139.7679513,35.6690153],[139.7679256,35.6690362],[139.7679038,35.6690675],[139.7678849,35.6690736],[139.7677686,35.6691761],[139.7675546,35.6693646],[139.7673926,35.6695074],[139.7673836,35.6695217],[139.7673686,35.6695455],[139.767355,35.6695896],[139.7673571,35.6696201],[139.7673718,35.6696422],[139.7673512,35.6696561],[139.7673033,35.6697014],[139.7671425,35.6698524],[139.7671058,35.6698882],[139.7670768,35.6699195],[139.7670588,35.6699082],[139.7670066,35.6698946],[139.7669722,35.6698955],[139.7669336,35.6699184],[139.7668231,35.670015],[139.7667824,35.6700446],[139.7667709,35.670065],[139.7667457,35.6700762],[139.7667179,35.6700973],[139.7666838,35.670125],[139.7666664,35.6701388],[139.7666261,35.6701708],[139.766603,35.6701875],[139.7665832,35.6702022],[139.7665605,35.670221],[139.7662809,35.6704529],[139.766237,35.6704894],[139.7662177,35.6705054],[139.7661879,35.6705335],[139.7661497,35.6705709],[139.7660855,35.6706244],[139.7657793,35.6708584],[139.7657416,35.6708885],[139.7657333,35.670894],[139.7657006,35.6709208],[139.7656772,35.6709356],[139.7656712,35.6709394],[139.7653872,35.671158],[139.7653191,35.6712105],[139.7652979,35.6712359],[139.7652831,35.6713226],[139.765259,35.6713419],[139.7652342,35.6713606],[139.7652753,35.6713998],[139.7658687,35.6719656],[139.7658183,35.6720033],[139.7657802,35.6720319],[139.7657558,35.6720502],[139.7657477,35.6720921],[139.7654698,35.6722847],[139.7654604,35.6722916],[139.7654285,35.6723131],[139.7654097,35.6723266],[139.7653896,35.6723411],[139.7652691,35.6724257],[139.7651321,35.6725159],[139.7651221,35.6725233],[139.765099,35.6725403],[139.7650702,35.6725616],[139.7650619,35.6725678],[139.764939,35.6726572],[139.7647787,35.6727748],[139.7647617,35.6727842],[139.7647741,35.672796],[139.764799,35.6728181],[139.7647511,35.6728511],[139.7647067,35.6728837],[139.7647356,35.6729115],[139.7647466,35.672931],[139.7644232,35.6731716],[139.7644145,35.6731919],[139.76442,35.6732113],[139.7650646,35.6740673],[139.7650852,35.6740946],[139.7651036,35.6740999],[139.7651217,35.6741229],[139.7651388,35.6741462],[139.7651607,35.674176],[139.7651777,35.6742052],[139.7651775,35.6742335],[139.7651966,35.6742705],[139.7656257,35.6748426],[139.7657771,35.6750444],[139.7657917,35.6750638],[139.7658371,35.675098],[139.7658584,35.6751258],[139.7658857,35.6751553],[139.7659094,35.675183],[139.7659237,35.6751993],[139.7659163,35.67521],[139.7659176,35.6752285],[139.7659236,35.675237],[139.7659352,35.6752533],[139.7659941,35.6753364],[139.7660036,35.6753489],[139.7660115,35.6753593],[139.7660972,35.6754652],[139.7661263,35.6754717],[139.7661588,35.675526],[139.766179,35.6755605],[139.7662044,35.6756039],[139.7662174,35.6756312],[139.7662299,35.6756604],[139.7663717,35.6758621],[139.7663901,35.6758887],[139.7664834,35.6760207],[139.7667634,35.6764154],[139.7669785,35.6767701],[139.7671194,35.6769922],[139.7671891,35.6770508],[139.7672645,35.6770888],[139.7672992,35.6771443],[139.7673663,35.6772499],[139.7674105,35.67732],[139.7673718,35.6774025],[139.7675971,35.6777419],[139.7678455,35.6781226],[139.7679984,35.6783719],[139.768011,35.6783915],[139.7680953,35.6785222],[139.768242,35.6787493],[139.7682656,35.6787853],[139.768291,35.6788243],[139.768312,35.6788566],[139.7687159,35.6794886],[139.7689789,35.6793855],[139.7691166,35.6795958],[139.7691723,35.6795739],[139.7688519,35.6790668],[139.7688061,35.6790859],[139.7689475,35.679319],[139.7690351,35.6792853]]},"properties":{"routeId":"osm_route_04_001","originId":"route_origin_tsukishima_kachidoki_001","originName":"Tsukishima Kachidoki controlled route test origin","shelterId":"chuo_official_emergency_001","shelterName":"城東小学校","plateauBuildingId":"13102-bldg-3742","routeDistanceMeters":3145.273,"estimatedTravelTimeSeconds":2621.061,"routeSource":"OSM","routeType":"estimated_pedestrian_route","isOfficialEvacuationRoute":false}},{"type":"Feature","geometry":{"type":"LineString","coordinates":[[139.776876,35.6586848],[139.7768879,35.6586733],[139.7769173,35.6586944],[139.7769467,35.6587156],[139.7768947,35.6587721],[139.7768882,35.6587791],[139.7768695,35.6587995],[139.7770919,35.6589561],[139.7771843,35.6590211],[139.7772766,35.6590862],[139.7772031,35.6591529],[139.7772254,35.6591656],[139.7772403,35.6591758],[139.777266,35.6591929],[139.7772511,35.6592058],[139.7773085,35.6592424],[139.7774079,35.6593264],[139.7773897,35.6593832],[139.7773275,35.6594576],[139.7767203,35.6600896],[139.7767796,35.6601287],[139.7766982,35.660213],[139.7766257,35.6602968],[139.7763032,35.6606541],[139.7756774,35.6613478],[139.7740456,35.6631346],[139.7736655,35.6634805],[139.7735808,35.6635602],[139.7728662,35.6642321],[139.7726256,35.6644588],[139.772548,35.6645313],[139.772472,35.6646098],[139.7722273,35.664857],[139.7720045,35.6650833],[139.7717835,35.665308],[139.7715288,35.6655662],[139.7712088,35.6658912],[139.7708996,35.6662051],[139.7707636,35.6663432],[139.770727,35.6663792],[139.7706459,35.6664627],[139.770556,35.6665409],[139.7704561,35.6666279],[139.7697431,35.6672474],[139.7696483,35.6673314],[139.7697278,35.6674097],[139.7696267,35.6674919],[139.7696773,35.6675326],[139.769703,35.6675608],[139.7693708,35.6678303],[139.7691916,35.6679757],[139.768913,35.6682017],[139.7688943,35.6682612],[139.7688612,35.6682773],[139.7688209,35.6682997],[139.768788,35.6683181],[139.7686237,35.668452],[139.7684845,35.6685654],[139.7684553,35.6685903],[139.7685123,35.6686383],[139.7694662,35.6694424],[139.7695107,35.66948],[139.7695669,35.6695242],[139.7697399,35.6696652],[139.77005,35.6699294],[139.7705505,35.6703339],[139.7705957,35.6703701],[139.7706597,35.6704283],[139.7711585,35.6708826],[139.7715166,35.6712253],[139.7715408,35.6713167],[139.7715631,35.6714007],[139.7715649,35.6714798],[139.7716563,35.6717832],[139.7718268,35.6723198],[139.7719039,35.6725709],[139.7719144,35.6726051],[139.7719298,35.6726512],[139.7718982,35.672672],[139.7718888,35.6726971],[139.7719063,35.6727069],[139.7720503,35.6731575],[139.7719803,35.6731709]]},"properties":{"routeId":"osm_route_04_002","originId":"route_origin_tsukishima_kachidoki_001","originName":"Tsukishima Kachidoki controlled route test origin","shelterId":"chuo_official_emergency_002","shelterName":"京橋プラザ","plateauBuildingId":"13102-bldg-8069","routeDistanceMeters":2078.42,"estimatedTravelTimeSeconds":1732.017,"routeSource":"OSM","routeType":"estimated_pedestrian_route","isOfficialEvacuationRoute":false}},{"type":"Feature","geometry":{"type":"LineString","coordinates":[[139.776876,35.6586848],[139.7768879,35.6586733],[139.7769173,35.6586944],[139.7769467,35.6587156],[139.7768947,35.6587721],[139.7768882,35.6587791],[139.7768695,35.6587995],[139.7770919,35.6589561],[139.7771843,35.6590211],[139.7772766,35.6590862],[139.7772031,35.6591529],[139.7772254,35.6591656],[139.7772403,35.6591758],[139.777266,35.6591929],[139.7772511,35.6592058],[139.7773085,35.6592424],[139.7774079,35.6593264],[139.7773897,35.6593832],[139.7773275,35.6594576],[139.7767203,35.6600896],[139.776675,35.6601337],[139.7766569,35.6601356],[139.7766287,35.6601654],[139.7765967,35.6601987],[139.7765957,35.6602229],[139.7765627,35.6602559],[139.7762368,35.6605751],[139.7762155,35.660597],[139.7761952,35.6606178],[139.7758322,35.6610402],[139.775658,35.6612282],[139.7756481,35.6612773],[139.7756231,35.6613079],[139.7739874,35.663083],[139.7736641,35.6633815],[139.7735886,35.6634449],[139.7735138,35.6635108],[139.7725819,35.6643771],[139.7725516,35.6644052],[139.7725076,35.6644078],[139.7724512,35.6644582],[139.7723935,35.6645098],[139.7723993,35.6645227],[139.7724005,35.6645383],[139.7723977,35.6645545],[139.7723918,35.6645682],[139.7723798,35.6645833],[139.7721578,35.6648048],[139.7719253,35.665025],[139.7717314,35.6652059],[139.771687,35.6652473],[139.7714571,35.6654822],[139.7714431,35.6655002],[139.7714232,35.665524],[139.7711641,35.665781],[139.7711215,35.6658233],[139.771089,35.6658548],[139.7708043,35.666131],[139.7706641,35.6662643],[139.7706455,35.6662753],[139.7706245,35.6662825],[139.7705972,35.6662854],[139.7705699,35.6662836],[139.7705405,35.6663251],[139.7705077,35.6663577],[139.7704252,35.6664401],[139.7703876,35.6664776],[139.770355,35.6664903],[139.7703818,35.6665328],[139.7703818,35.6665589],[139.7703737,35.6665905],[139.7703429,35.6666254],[139.7696655,35.6671875],[139.7696418,35.6672058],[139.7696071,35.6672326],[139.7695727,35.6672602],[139.7695454,35.6672821],[139.7695226,35.6673102],[139.7694636,35.6673601],[139.7691625,35.667615],[139.7691338,35.6676262],[139.7691122,35.6676422],[139.7690844,35.6676628],[139.7690706,35.6676853],[139.7686924,35.6679991],[139.7686703,35.6680065],[139.7686176,35.6680241],[139.7685928,35.6680557],[139.7685655,35.6680942],[139.7685398,35.6681271],[139.7682528,35.6683695],[139.7682427,35.6683771],[139.7682071,35.6683996],[139.7681522,35.6684338],[139.768117,35.6684453],[139.7681157,35.6684686],[139.7681043,35.6685051],[139.7677335,35.6688119],[139.7677135,35.6688368],[139.7676928,35.6688558],[139.7676637,35.6688818],[139.7676397,35.6689142],[139.7674317,35.6690972],[139.7674122,35.6691147],[139.767382,35.6691419],[139.767189,35.669314],[139.7671553,35.6693225],[139.7671286,35.6693293],[139.7670709,35.6693304],[139.7670374,35.6693228],[139.767015,35.6693413],[139.7669926,35.6693599],[139.766817,35.6695049],[139.7667613,35.6695474],[139.7667391,35.6695643],[139.7667525,35.6695948],[139.7667525,35.6696362],[139.7667491,35.6696483],[139.7667391,35.6696842],[139.7665556,35.6698375],[139.76655,35.6698422],[139.7665124,35.6698741],[139.7664841,35.6698978],[139.7664615,35.6698801],[139.7664315,35.6698783],[139.7664063,35.6698832],[139.7663265,35.6699547],[139.7662605,35.669968],[139.7660245,35.6700155],[139.7653191,35.6694954],[139.7652703,35.6694588],[139.76508,35.6695999],[139.7650265,35.6696399],[139.7649606,35.6696862],[139.7645762,35.6699456],[139.7641677,35.6702429],[139.7641027,35.6702856],[139.7640459,35.6703246],[139.7639713,35.6703769],[139.7639285,35.6704079],[139.7636402,35.6706166],[139.7633034,35.6708462],[139.762963,35.671084],[139.762918,35.6711155],[139.7628749,35.6711457],[139.7625609,35.6713659],[139.762379,35.671501],[139.7622976,35.6715614],[139.7622676,35.6715825],[139.7622324,35.6716066],[139.762143,35.6716654],[139.7618293,35.6718817],[139.7617555,35.6719138],[139.7613478,35.6719571]]},"properties":{"routeId":"osm_route_04_003","originId":"route_origin_tsukishima_kachidoki_001","originName":"Tsukishima Kachidoki controlled route test origin","shelterId":"chuo_official_emergency_003","shelterName":"泰明小学校","plateauBuildingId":"13102-bldg-5702","routeDistanceMeters":2262.584,"estimatedTravelTimeSeconds":1885.487,"routeSource":"OSM","routeType":"estimated_pedestrian_route","isOfficialEvacuationRoute":false}},{"type":"Feature","geometry":{"type":"LineString","coordinates":[[139.776876,35.6586848],[139.7768879,35.6586733],[139.7769173,35.6586944],[139.7769467,35.6587156],[139.7768947,35.6587721],[139.7768882,35.6587791],[139.7768695,35.6587995],[139.7770919,35.6589561],[139.7771843,35.6590211],[139.7772766,35.6590862],[139.7772031,35.6591529],[139.7772254,35.6591656],[139.7772403,35.6591758],[139.777266,35.6591929],[139.7772511,35.6592058],[139.7773085,35.6592424],[139.7774079,35.6593264],[139.7773897,35.6593832],[139.7773275,35.6594576],[139.7767203,35.6600896],[139.776675,35.6601337],[139.7766569,35.6601356],[139.7766287,35.6601654],[139.7765967,35.6601987],[139.7765957,35.6602229],[139.7765627,35.6602559],[139.7762368,35.6605751],[139.7762155,35.660597],[139.7761952,35.6606178],[139.7758322,35.6610402],[139.775658,35.6612282],[139.7756481,35.6612773],[139.7756231,35.6613079],[139.7739874,35.663083],[139.7736641,35.6633815],[139.7735886,35.6634449],[139.7735138,35.6635108],[139.7725819,35.6643771],[139.7725516,35.6644052],[139.7725076,35.6644078],[139.7724512,35.6644582],[139.7721666,35.6642469],[139.7721117,35.6642951],[139.7718199,35.6645511],[139.7715741,35.6647668],[139.7712277,35.6645121],[139.7709036,35.6642738],[139.7708516,35.6643246],[139.7707309,35.6644292],[139.7707054,35.6644543],[139.770692,35.6644658],[139.7706476,35.6645027],[139.7704801,35.6646515],[139.7704426,35.6646864],[139.7704164,35.6647087],[139.7703813,35.6646819],[139.7700501,35.6649904],[139.7697262,35.6652922],[139.7696322,35.6653798],[139.769589,35.665356],[139.769553,35.6653355],[139.769492,35.6653121],[139.7694444,35.6653044],[139.769374,35.6653061],[139.7693364,35.6653175],[139.7693202,35.6653288],[139.768936,35.6649804],[139.768218,35.664326],[139.7681122,35.6642296],[139.7680481,35.6642721],[139.7679379,35.6643453],[139.7678552,35.6644002],[139.7677653,35.6643931],[139.7677036,35.6644062],[139.7676553,35.6643622],[139.7675954,35.6643076],[139.7665551,35.6650961],[139.7665001,35.6651388],[139.7661664,35.6654071],[139.7659087,35.665607],[139.7657427,35.665746],[139.7656951,35.665707],[139.7656688,35.665729],[139.7653349,35.6660144],[139.7653135,35.6660227],[139.7652934,35.6660224],[139.7652696,35.6660396],[139.7652391,35.6660628],[139.765019,35.6658831],[139.764987,35.6659096],[139.764969,35.6658947],[139.7647666,35.6657447]]},"properties":{"routeId":"osm_route_04_004","originId":"route_origin_tsukishima_kachidoki_001","originName":"Tsukishima Kachidoki controlled route test origin","shelterId":"chuo_official_emergency_004","shelterName":"銀座中学校","plateauBuildingId":"13102-bldg-3140","routeDistanceMeters":1813.64,"estimatedTravelTimeSeconds":1511.367,"routeSource":"OSM","routeType":"estimated_pedestrian_route","isOfficialEvacuationRoute":false}},{"type":"Feature","geometry":{"type":"LineString","coordinates":[[139.776876,35.6586848],[139.7768879,35.6586733],[139.7769173,35.6586944],[139.7769467,35.6587156],[139.7768947,35.6587721],[139.7768882,35.6587791],[139.7768695,35.6587995],[139.7770919,35.6589561],[139.7771843,35.6590211],[139.7772766,35.6590862],[139.7772031,35.6591529],[139.7772254,35.6591656],[139.7772403,35.6591758],[139.777266,35.6591929],[139.7772511,35.6592058],[139.7773085,35.6592424],[139.7774079,35.6593264],[139.7773897,35.6593832],[139.7773275,35.6594576],[139.7767203,35.6600896],[139.7767796,35.6601287],[139.7766982,35.660213],[139.7766257,35.6602968],[139.7767447,35.6603739],[139.77575,35.6613915],[139.77412,35.6631705],[139.7740722,35.663223],[139.7738178,35.6635401],[139.7738855,35.6635826],[139.7742218,35.6638277],[139.7745675,35.664094],[139.774791,35.6642623],[139.7750337,35.664445],[139.775089,35.664486],[139.7751468,35.6645316],[139.7754755,35.6647806],[139.7756847,35.6649392],[139.7757951,35.6650229],[139.7763149,35.6654188],[139.7763631,35.665446],[139.7764383,35.6654656],[139.7765488,35.6654992],[139.7766622,35.6655283],[139.776704,35.6655407],[139.7767876,35.6655719],[139.7768493,35.6656024],[139.7769144,35.6656471],[139.7769849,35.6657118],[139.7773745,35.66607],[139.7774708,35.6661641],[139.7775507,35.6662605],[139.7776196,35.666348],[139.7776743,35.6664279],[139.777721,35.6665067],[139.7777568,35.666579],[139.7777947,35.6666681],[139.7778565,35.6668217],[139.7781205,35.66746],[139.778161,35.667563],[139.7781921,35.6676388],[139.778224,35.6677154],[139.7784092,35.668166],[139.7785221,35.6684518],[139.7786458,35.6687644],[139.7787654,35.669043],[139.7787763,35.6690881],[139.7787745,35.6691305],[139.7787605,35.6693304],[139.7787682,35.6693936],[139.7787832,35.6694604],[139.7788773,35.669711],[139.7789845,35.6699889],[139.7790919,35.6702572],[139.7790985,35.6702762],[139.7791631,35.6704544],[139.7792425,35.6706553],[139.7792771,35.6707287],[139.7793803,35.6709019],[139.7794105,35.6709541],[139.7794387,35.6710029],[139.7795349,35.6711733],[139.7792442,35.6712496],[139.7792515,35.6714964],[139.779259,35.6717468],[139.7792601,35.6717886],[139.7792678,35.6722732],[139.7792688,35.6723073],[139.7789091,35.6723783]]},"properties":{"routeId":"osm_route_04_005","originId":"route_origin_tsukishima_kachidoki_001","originName":"Tsukishima Kachidoki controlled route test origin","shelterId":"chuo_official_emergency_005","shelterName":"中央小学校","plateauBuildingId":"13102-bldg-3228","routeDistanceMeters":1911.871,"estimatedTravelTimeSeconds":1593.226,"routeSource":"OSM","routeType":"estimated_pedestrian_route","isOfficialEvacuationRoute":false}},{"type":"Feature","geometry":{"type":"LineString","coordinates":[[139.776876,35.6586848],[139.7768879,35.6586733],[139.7769173,35.6586944],[139.7769467,35.6587156],[139.7768947,35.6587721],[139.7768882,35.6587791],[139.7768695,35.6587995],[139.7770919,35.6589561],[139.7771843,35.6590211],[139.7772766,35.6590862],[139.7772031,35.6591529],[139.7772254,35.6591656],[139.7772403,35.6591758],[139.777266,35.6591929],[139.7772511,35.6592058],[139.7773085,35.6592424],[139.7774079,35.6593264],[139.7773897,35.6593832],[139.7773275,35.6594576],[139.7767203,35.6600896],[139.7767796,35.6601287],[139.7766982,35.660213],[139.7766257,35.6602968],[139.7767447,35.6603739],[139.77575,35.6613915],[139.77412,35.6631705],[139.7740722,35.663223],[139.7738178,35.6635401],[139.7738855,35.6635826],[139.7738518,35.6636347],[139.7741701,35.6638747],[139.7745184,35.66414],[139.7747379,35.6643062],[139.7749815,35.6644905],[139.7749999,35.6645172],[139.7750257,35.6645414],[139.7747905,35.6647578],[139.7745849,35.6649502],[139.7745336,35.6649984],[139.7745834,35.6650362],[139.7746309,35.6650724],[139.7748999,35.6652768],[139.775227,35.6655254],[139.77588,35.6660217],[139.7759082,35.6660432],[139.775857,35.6660868],[139.775654,35.6662593],[139.7754232,35.6664554],[139.7753814,35.6664909],[139.77561,35.6666416],[139.7757891,35.6667596],[139.7758308,35.6667871],[139.7760863,35.6669055],[139.7761901,35.6669505],[139.776227,35.667036],[139.7764527,35.6676053],[139.7764713,35.6676507],[139.7766058,35.667992],[139.7766328,35.6680596],[139.7766606,35.6681275],[139.7768523,35.6685957]]},"properties":{"routeId":"osm_route_04_006","originId":"route_origin_tsukishima_kachidoki_001","originName":"Tsukishima Kachidoki controlled route test origin","shelterId":"chuo_official_emergency_006","shelterName":"明石小学校","plateauBuildingId":"13102-bldg-3751","routeDistanceMeters":1447.039,"estimatedTravelTimeSeconds":1205.866,"routeSource":"OSM","routeType":"estimated_pedestrian_route","isOfficialEvacuationRoute":false}},{"type":"Feature","geometry":{"type":"LineString","coordinates":[[139.776876,35.6586848],[139.7768879,35.6586733],[139.7769173,35.6586944],[139.7769467,35.6587156],[139.7768947,35.6587721],[139.7768882,35.6587791],[139.7768695,35.6587995],[139.7770919,35.6589561],[139.7771843,35.6590211],[139.7772766,35.6590862],[139.7772031,35.6591529],[139.7772254,35.6591656],[139.7772403,35.6591758],[139.777266,35.6591929],[139.7772511,35.6592058],[139.7773085,35.6592424],[139.7774079,35.6593264],[139.7773897,35.6593832],[139.7773275,35.6594576],[139.7767203,35.6600896],[139.7767796,35.6601287],[139.7766982,35.660213],[139.7766257,35.6602968],[139.7763032,35.6606541],[139.7756774,35.6613478],[139.7740456,35.6631346],[139.7736655,35.6634805],[139.7735808,35.6635602],[139.7728662,35.6642321],[139.7726256,35.6644588],[139.772548,35.6645313],[139.7726565,35.6646132],[139.7725875,35.6646871],[139.7726481,35.6647288],[139.7721648,35.6652162],[139.772026,35.6653568],[139.7719628,35.6654206],[139.7717246,35.665661],[139.7717049,35.6656809],[139.7713805,35.6660088],[139.7715821,35.6661565],[139.7717129,35.6662523],[139.7717672,35.6663613],[139.7718227,35.6664073],[139.7719015,35.666469],[139.7718972,35.6668087],[139.7718178,35.6668782],[139.771694,35.6669833],[139.7715896,35.667072],[139.7715701,35.6670886],[139.7715109,35.667143],[139.7720092,35.6675355],[139.7719316,35.6676099],[139.7718625,35.6676761],[139.7718812,35.6676916],[139.7718811,35.6677362],[139.7718664,35.667758],[139.7710363,35.6683387]]},"properties":{"routeId":"osm_route_04_007","originId":"route_origin_tsukishima_kachidoki_001","originName":"Tsukishima Kachidoki controlled route test origin","shelterId":"chuo_official_emergency_007","shelterName":"京橋築地小学校","plateauBuildingId":"13102-bldg-2853","routeDistanceMeters":1407.106,"estimatedTravelTimeSeconds":1172.588,"routeSource":"OSM","routeType":"estimated_pedestrian_route","isOfficialEvacuationRoute":false}},{"type":"Feature","geometry":{"type":"LineString","coordinates":[[139.776876,35.6586848],[139.7768879,35.6586733],[139.7769173,35.6586944],[139.7769467,35.6587156],[139.7768947,35.6587721],[139.7768882,35.6587791],[139.7768695,35.6587995],[139.7770919,35.6589561],[139.7771843,35.6590211],[139.7772766,35.6590862],[139.7772031,35.6591529],[139.7772254,35.6591656],[139.7772403,35.6591758],[139.777266,35.6591929],[139.7772511,35.6592058],[139.7773085,35.6592424],[139.7774079,35.6593264],[139.7773897,35.6593832],[139.7773275,35.6594576],[139.7767203,35.6600896],[139.7767796,35.6601287],[139.7766982,35.660213],[139.7766257,35.6602968],[139.7763032,35.6606541],[139.7756774,35.6613478],[139.7740456,35.6631346],[139.7736655,35.6634805],[139.7735808,35.6635602],[139.7728662,35.6642321],[139.7726256,35.6644588],[139.772548,35.6645313],[139.7726565,35.6646132],[139.7725875,35.6646871],[139.7726481,35.6647288],[139.7721648,35.6652162],[139.7723598,35.6653702],[139.7724822,35.6654669],[139.7726355,35.665588],[139.772818,35.6657321],[139.7733,35.6661129],[139.7735182,35.6662852],[139.7735749,35.66633],[139.77397,35.6666375],[139.7742337,35.6668385],[139.7745308,35.6670247],[139.7746453,35.667163],[139.7747534,35.6673208],[139.7747919,35.6673698],[139.7748404,35.6674398],[139.7747851,35.6674668],[139.774973,35.6677959],[139.7750622,35.6681256],[139.7751458,35.668435],[139.7754214,35.669203],[139.7755246,35.6694905],[139.775674,35.6698561],[139.77569,35.6698923],[139.7753376,35.6700043],[139.7751929,35.6700568],[139.7752207,35.6701164],[139.775249,35.6701803],[139.7752826,35.6702526],[139.7752705,35.6702961],[139.7755048,35.6708602],[139.7756945,35.6713525],[139.7756997,35.671366],[139.7757203,35.671424],[139.7756411,35.6714439],[139.775516,35.6714781],[139.7755411,35.6715449],[139.7757253,35.6720364],[139.7758903,35.6724537],[139.7760545,35.6728664],[139.7760988,35.6729807],[139.7761428,35.6730877],[139.7761862,35.6731917],[139.7762763,35.6734059],[139.7765656,35.6740763],[139.7765023,35.6741418],[139.7763014,35.6741479],[139.7758486,35.6741559],[139.7758242,35.6741903],[139.775834,35.6745089],[139.7758361,35.6745574],[139.7757643,35.6745593],[139.7757653,35.6745919],[139.7757663,35.6746598],[139.7757689,35.6747124]]},"properties":{"routeId":"osm_route_04_008","originId":"route_origin_tsukishima_kachidoki_001","originName":"Tsukishima Kachidoki controlled route test origin","shelterId":"chuo_official_emergency_008","shelterName":"京華スクエア","plateauBuildingId":"13102-bldg-8277","routeDistanceMeters":2247.519,"estimatedTravelTimeSeconds":1872.932,"routeSource":"OSM","routeType":"estimated_pedestrian_route","isOfficialEvacuationRoute":false}},{"type":"Feature","geometry":{"type":"LineString","coordinates":[[139.776876,35.6586848],[139.7768879,35.6586733],[139.7769173,35.6586944],[139.7769467,35.6587156],[139.7768947,35.6587721],[139.7768882,35.6587791],[139.7768695,35.6587995],[139.7770919,35.6589561],[139.7771843,35.6590211],[139.7772766,35.6590862],[139.7772031,35.6591529],[139.7772254,35.6591656],[139.7772403,35.6591758],[139.777266,35.6591929],[139.7772511,35.6592058],[139.7773085,35.6592424],[139.7774079,35.6593264],[139.7773897,35.6593832],[139.7773275,35.6594576],[139.7767203,35.6600896],[139.7767796,35.6601287],[139.7766982,35.660213],[139.7766257,35.6602968],[139.7767447,35.6603739],[139.77575,35.6613915],[139.77412,35.6631705],[139.7740722,35.663223],[139.7738178,35.6635401],[139.7738855,35.6635826],[139.7742218,35.6638277],[139.7745675,35.664094],[139.774791,35.6642623],[139.7750337,35.664445],[139.775089,35.664486],[139.7751468,35.6645316],[139.7754755,35.6647806],[139.7756847,35.6649392],[139.7757951,35.6650229],[139.7763149,35.6654188],[139.7763631,35.665446],[139.7764383,35.6654656],[139.7765488,35.6654992],[139.7766622,35.6655283],[139.776704,35.6655407],[139.7767876,35.6655719],[139.7768493,35.6656024],[139.7769144,35.6656471],[139.7769849,35.6657118],[139.7773745,35.66607],[139.7774708,35.6661641],[139.7775507,35.6662605],[139.7776196,35.666348],[139.7776743,35.6664279],[139.777721,35.6665067],[139.7777568,35.666579],[139.7777947,35.6666681],[139.7778565,35.6668217],[139.7781205,35.66746],[139.778161,35.667563],[139.7781921,35.6676388],[139.778224,35.6677154],[139.7784092,35.668166],[139.7785221,35.6684518],[139.7786458,35.6687644],[139.7787654,35.669043],[139.7787763,35.6690881],[139.7787745,35.6691305],[139.7787605,35.6693304],[139.7787682,35.6693936],[139.7787832,35.6694604],[139.7788773,35.669711],[139.7789845,35.6699889],[139.7790919,35.6702572],[139.7790985,35.6702762],[139.7791631,35.6704544],[139.7792425,35.6706553],[139.7792771,35.6707287],[139.7793803,35.6709019],[139.7794105,35.6709541],[139.7794387,35.6710029],[139.7795349,35.6711733],[139.7796203,35.6713247],[139.7797127,35.6714883],[139.7798406,35.671715],[139.7801524,35.6722604],[139.7801534,35.6724215],[139.7801611,35.6726875],[139.780164,35.672765],[139.7801673,35.6728503],[139.7801704,35.6729914],[139.7801688,35.6731856],[139.7801635,35.6735837],[139.7801655,35.6740707],[139.7801677,35.6741524],[139.7801618,35.6741893],[139.780144,35.6742253],[139.7799854,35.674476],[139.7799422,35.6745286],[139.7798631,35.6746016],[139.7799733,35.6746042],[139.7803603,35.6746911],[139.7804311,35.6747056],[139.7806093,35.674742],[139.7807378,35.6747735],[139.7809569,35.6748379],[139.7809643,35.6748995],[139.7812189,35.6749732],[139.7812998,35.6749966],[139.7813181,35.6750155],[139.7813185,35.6750461],[139.7814408,35.6750788],[139.7815633,35.6751115],[139.7816317,35.6751126],[139.7819923,35.6752452],[139.7820557,35.6752685],[139.7821318,35.6752942],[139.7821413,35.6753512],[139.7822057,35.675447],[139.7825785,35.6757964],[139.7826087,35.6758247],[139.7824315,35.6759555],[139.7821252,35.6761817]]},"properties":{"routeId":"osm_route_04_009","originId":"route_origin_tsukishima_kachidoki_001","originName":"Tsukishima Kachidoki controlled route test origin","shelterId":"chuo_official_emergency_009","shelterName":"明正小学校","plateauBuildingId":"13102-bldg-11364","routeDistanceMeters":2494.169,"estimatedTravelTimeSeconds":2078.474,"routeSource":"OSM","routeType":"estimated_pedestrian_route","isOfficialEvacuationRoute":false}},{"type":"Feature","geometry":{"type":"LineString","coordinates":[[139.776876,35.6586848],[139.7768879,35.6586733],[139.7769173,35.6586944],[139.7769467,35.6587156],[139.7768947,35.6587721],[139.7768882,35.6587791],[139.7768695,35.6587995],[139.7770919,35.6589561],[139.7771843,35.6590211],[139.7772766,35.6590862],[139.7772031,35.6591529],[139.7772254,35.6591656],[139.7772403,35.6591758],[139.777266,35.6591929],[139.7772511,35.6592058],[139.7773085,35.6592424],[139.7774079,35.6593264],[139.7773897,35.6593832],[139.7773275,35.6594576],[139.7767203,35.6600896],[139.7767796,35.6601287],[139.7766982,35.660213],[139.7766257,35.6602968],[139.7763032,35.6606541],[139.7756774,35.6613478],[139.7740456,35.6631346],[139.7736655,35.6634805],[139.7735808,35.6635602],[139.7728662,35.6642321],[139.7726256,35.6644588],[139.772548,35.6645313],[139.772472,35.6646098],[139.7722273,35.664857],[139.7720045,35.6650833],[139.7717835,35.665308],[139.7715288,35.6655662],[139.7712088,35.6658912],[139.7708996,35.6662051],[139.7707636,35.6663432],[139.770727,35.6663792],[139.7706459,35.6664627],[139.770556,35.6665409],[139.7704561,35.6666279],[139.7697431,35.6672474],[139.7696483,35.6673314],[139.7697278,35.6674097],[139.7696267,35.6674919],[139.7696773,35.6675326],[139.769703,35.6675608],[139.7693708,35.6678303],[139.7691916,35.6679757],[139.768913,35.6682017],[139.7688943,35.6682612],[139.7688612,35.6682773],[139.7688209,35.6682997],[139.768788,35.6683181],[139.7686237,35.668452],[139.7684845,35.6685654],[139.7684553,35.6685903],[139.7684171,35.6686228],[139.7683991,35.6686581],[139.7683594,35.6686641],[139.7683335,35.6686798],[139.7682114,35.6687764],[139.7681921,35.6687931],[139.7681679,35.6688174],[139.7680212,35.6689339],[139.768004,35.6689663],[139.7679907,35.6689833],[139.7679513,35.6690153],[139.7679256,35.6690362],[139.7679038,35.6690675],[139.7678849,35.6690736],[139.7677686,35.6691761],[139.7675546,35.6693646],[139.7673926,35.6695074],[139.7673836,35.6695217],[139.7673686,35.6695455],[139.767355,35.6695896],[139.7673571,35.6696201],[139.7673718,35.6696422],[139.7673512,35.6696561],[139.7673033,35.6697014],[139.7671425,35.6698524],[139.7671058,35.6698882],[139.7670768,35.6699195],[139.7670588,35.6699082],[139.7670066,35.6698946],[139.7669722,35.6698955],[139.7669336,35.6699184],[139.7668231,35.670015],[139.7667824,35.6700446],[139.7667709,35.670065],[139.7667457,35.6700762],[139.7667179,35.6700973],[139.7666838,35.670125],[139.7666664,35.6701388],[139.7666261,35.6701708],[139.766603,35.6701875],[139.7665832,35.6702022],[139.7665605,35.670221],[139.7662809,35.6704529],[139.766237,35.6704894],[139.7662177,35.6705054],[139.7661879,35.6705335],[139.7661497,35.6705709],[139.7660855,35.6706244],[139.7657793,35.6708584],[139.7657416,35.6708885],[139.7657333,35.670894],[139.7657006,35.6709208],[139.7656772,35.6709356],[139.7656712,35.6709394],[139.7653872,35.671158],[139.7653191,35.6712105],[139.7652979,35.6712359],[139.7652831,35.6713226],[139.765259,35.6713419],[139.7652342,35.6713606],[139.7652753,35.6713998],[139.7658687,35.6719656],[139.7658183,35.6720033],[139.7657802,35.6720319],[139.7657558,35.6720502],[139.7657477,35.6720921],[139.7654698,35.6722847],[139.7654604,35.6722916],[139.7654285,35.6723131],[139.7654097,35.6723266],[139.7653896,35.6723411],[139.7652691,35.6724257],[139.7651321,35.6725159],[139.7651221,35.6725233],[139.765099,35.6725403],[139.7650702,35.6725616],[139.7650619,35.6725678],[139.764939,35.6726572],[139.7647787,35.6727748],[139.7647617,35.6727842],[139.7647741,35.672796],[139.764799,35.6728181],[139.7647511,35.6728511],[139.7647067,35.6728837],[139.7647356,35.6729115],[139.7647466,35.672931],[139.7644232,35.6731716],[139.7644145,35.6731919],[139.76442,35.6732113],[139.7650646,35.6740673],[139.7650852,35.6740946],[139.7651036,35.6740999],[139.7651217,35.6741229],[139.7651388,35.6741462],[139.7651607,35.674176],[139.7651777,35.6742052],[139.7651775,35.6742335],[139.7651966,35.6742705],[139.7656257,35.6748426],[139.7657771,35.6750444],[139.7657917,35.6750638],[139.7658371,35.675098],[139.7658584,35.6751258],[139.7658857,35.6751553],[139.7659094,35.675183],[139.7659237,35.6751993],[139.7659163,35.67521],[139.7659176,35.6752285],[139.7659236,35.675237],[139.7659352,35.6752533],[139.7659941,35.6753364],[139.7660036,35.6753489],[139.7660115,35.6753593],[139.7660972,35.6754652],[139.7661263,35.6754717],[139.7661588,35.675526],[139.766179,35.6755605],[139.7662044,35.6756039],[139.7662174,35.6756312],[139.7662299,35.6756604],[139.7663717,35.6758621],[139.7663901,35.6758887],[139.7664834,35.6760207],[139.7667634,35.6764154],[139.7669785,35.6767701],[139.7671194,35.6769922],[139.7671891,35.6770508],[139.7672645,35.6770888],[139.7672992,35.6771443],[139.7673663,35.6772499],[139.7674105,35.67732],[139.7673718,35.6774025],[139.7675971,35.6777419],[139.7678455,35.6781226],[139.7679984,35.6783719],[139.768011,35.6783915],[139.7680953,35.6785222],[139.768242,35.6787493],[139.7682656,35.6787853],[139.768291,35.6788243],[139.768312,35.6788566],[139.7687159,35.6794886],[139.7687571,35.679553],[139.7690615,35.6797207],[139.7692429,35.6800285],[139.7691925,35.6800897],[139.7691709,35.6801173],[139.7691512,35.6801425],[139.7691369,35.6801637],[139.7692022,35.6802],[139.7692237,35.6802349],[139.7693075,35.6803705],[139.7693457,35.6804323],[139.7693717,35.6804788],[139.7694045,35.680469],[139.7694369,35.6804603],[139.7694325,35.6805211],[139.7694608,35.6807025],[139.7695673,35.6810732],[139.7697911,35.6814131],[139.7698302,35.6814671],[139.7700163,35.6817247],[139.7700972,35.6818363],[139.7701337,35.6818939],[139.7701692,35.6819507],[139.7704709,35.6824329],[139.7707363,35.6829392],[139.7709496,35.6833816],[139.7710246,35.6835235],[139.7710756,35.6836276],[139.7711315,35.6837449],[139.7713147,35.6842015],[139.7714011,35.6841819],[139.7714286,35.6842696],[139.7715024,35.684793],[139.7715137,35.6848847],[139.7715195,35.6849675],[139.7715222,35.6850164],[139.7715283,35.6850529],[139.7715339,35.6850741],[139.7715869,35.685094],[139.771553,35.6851902],[139.7715264,35.6852688],[139.7714379,35.6853014],[139.7713824,35.6854287],[139.7714109,35.6854525],[139.7713833,35.6855135],[139.7713624,35.6855615],[139.7712991,35.685601],[139.7708277,35.6865791],[139.770557,35.686975],[139.7704864,35.6870782],[139.7704381,35.6871488],[139.7703125,35.6873467],[139.7702611,35.6874276],[139.7703644,35.6876576],[139.7705223,35.687709],[139.7704767,35.6878028]]},"properties":{"routeId":"osm_route_04_010","originId":"route_origin_tsukishima_kachidoki_001","originName":"Tsukishima Kachidoki controlled route test origin","shelterId":"chuo_official_emergency_010","shelterName":"常盤小学校","plateauBuildingId":"13102-bldg-2872","routeDistanceMeters":4037.663,"estimatedTravelTimeSeconds":3364.719,"routeSource":"OSM","routeType":"estimated_pedestrian_route","isOfficialEvacuationRoute":false}},{"type":"Feature","geometry":{"type":"LineString","coordinates":[[139.776876,35.6586848],[139.7768879,35.6586733],[139.7769173,35.6586944],[139.7769467,35.6587156],[139.7768947,35.6587721],[139.7768882,35.6587791],[139.7768695,35.6587995],[139.7770919,35.6589561],[139.7771843,35.6590211],[139.7772766,35.6590862],[139.7772031,35.6591529],[139.7772254,35.6591656],[139.7772403,35.6591758],[139.777266,35.6591929],[139.7772511,35.6592058],[139.7773085,35.6592424],[139.7774079,35.6593264],[139.7773897,35.6593832],[139.7773275,35.6594576],[139.7767203,35.6600896],[139.7767796,35.6601287],[139.7766982,35.660213],[139.7766257,35.6602968],[139.7767447,35.6603739],[139.77575,35.6613915],[139.77412,35.6631705],[139.7740722,35.663223],[139.7738178,35.6635401],[139.7738855,35.6635826],[139.7738518,35.6636347],[139.7741701,35.6638747],[139.7745184,35.66414],[139.7747379,35.6643062],[139.7749815,35.6644905],[139.7749999,35.6645172],[139.7750257,35.6645414],[139.7747905,35.6647578],[139.7745849,35.6649502],[139.7745336,35.6649984],[139.7745834,35.6650362],[139.7746309,35.6650724],[139.7748999,35.6652768],[139.775227,35.6655254],[139.77588,35.6660217],[139.7759082,35.6660432],[139.775857,35.6660868],[139.775654,35.6662593],[139.7754232,35.6664554],[139.7753814,35.6664909],[139.77561,35.6666416],[139.7757891,35.6667596],[139.7758308,35.6667871],[139.7760863,35.6669055],[139.7761901,35.6669505],[139.776227,35.667036],[139.7764527,35.6676053],[139.7764713,35.6676507],[139.7766058,35.667992],[139.7766328,35.6680596],[139.7766606,35.6681275],[139.7768523,35.6685957],[139.7768758,35.668653],[139.7772017,35.669449],[139.7772501,35.6695606],[139.7772874,35.6696444],[139.7773056,35.6696873],[139.7773304,35.6697474],[139.7774543,35.6700639],[139.7775642,35.6703445],[139.7776755,35.6706288],[139.7778333,35.6710318],[139.777852,35.6710795],[139.7778727,35.6711322],[139.7779455,35.671318],[139.7780354,35.671547],[139.7781332,35.6717964],[139.7782079,35.6719867],[139.7782265,35.6720342],[139.7782475,35.6720909],[139.7783591,35.6723916],[139.7783881,35.6724712],[139.7784985,35.6727775],[139.7785196,35.6728245],[139.7785499,35.6729166],[139.7785625,35.6730674],[139.7785796,35.6732683],[139.7785878,35.6734638],[139.7786043,35.6740727],[139.7786053,35.6741097],[139.778606,35.674155],[139.7786114,35.6744822],[139.778605,35.674551],[139.7785968,35.6746259],[139.7785917,35.674685],[139.7785805,35.6748703],[139.7785635,35.6751279],[139.7783895,35.6757501],[139.7783529,35.6757854],[139.7785082,35.6760686],[139.7784938,35.6761099],[139.7786331,35.6763704],[139.7786208,35.6763971],[139.7786054,35.6764305],[139.7782673,35.676516],[139.7783124,35.6765974],[139.7783639,35.6766906],[139.7783478,35.6767712],[139.7784829,35.6769869],[139.7786143,35.6771966],[139.7785401,35.6772289],[139.7787079,35.6775044],[139.7788159,35.6776816],[139.77893,35.6778688],[139.7790219,35.6780196],[139.7790722,35.6781022],[139.7791297,35.6781966],[139.7792812,35.6784453],[139.779507,35.6788159],[139.7799467,35.6794826],[139.7801145,35.6797594],[139.7801805,35.6798673],[139.7802297,35.6799503],[139.7801158,35.6800057],[139.7801954,35.6801328],[139.7802551,35.6802282],[139.7803067,35.6803107],[139.7802437,35.6803676],[139.7805254,35.6808318],[139.7806128,35.680969],[139.7809251,35.6814537],[139.7810008,35.6815903],[139.7810258,35.6816491],[139.7805858,35.6822478],[139.7805237,35.682364],[139.7805028,35.6824946],[139.780485,35.682723],[139.7804807,35.68278],[139.7803254,35.6835726],[139.7803395,35.6836361],[139.7803677,35.6837217],[139.7804105,35.6838198],[139.7803167,35.683881],[139.7801104,35.6840077],[139.7798573,35.6841607],[139.7799529,35.6842637],[139.7796087,35.6850691],[139.7795704,35.6851587],[139.7795343,35.6852414],[139.7791093,35.6862136],[139.7788483,35.6868152],[139.7785216,35.6875932],[139.7785005,35.6876393],[139.7784805,35.6876919],[139.778469,35.6877189],[139.7781642,35.6884326],[139.7781454,35.6884771],[139.7779634,35.6884126],[139.7779004,35.6883903],[139.7778732,35.6884401],[139.7777546,35.6886577],[139.7776625,35.6888602],[139.7776378,35.6889145],[139.7776139,35.6889817],[139.7774886,35.6893265],[139.7773684,35.6895754],[139.7772539,35.6898532],[139.7772397,35.6898886],[139.7772154,35.6899155],[139.7771889,35.6899269],[139.777148,35.6899343],[139.7771182,35.6900121],[139.7771621,35.6900425],[139.7771767,35.6900741],[139.7771737,35.6901147],[139.7770352,35.6904118],[139.7770285,35.6904659],[139.7768979,35.6907975]]},"properties":{"routeId":"osm_route_04_011","originId":"route_origin_tsukishima_kachidoki_001","originName":"Tsukishima Kachidoki controlled route test origin","shelterId":"chuo_official_emergency_011","shelterName":"十思スクエア","plateauBuildingId":"13102-bldg-15570","routeDistanceMeters":4174.522,"estimatedTravelTimeSeconds":3478.768,"routeSource":"OSM","routeType":"estimated_pedestrian_route","isOfficialEvacuationRoute":false}},{"type":"Feature","geometry":{"type":"LineString","coordinates":[[139.776876,35.6586848],[139.7768879,35.6586733],[139.7769173,35.6586944],[139.7769467,35.6587156],[139.7768947,35.6587721],[139.7768882,35.6587791],[139.7768695,35.6587995],[139.7770919,35.6589561],[139.7771843,35.6590211],[139.7772766,35.6590862],[139.7772031,35.6591529],[139.7772254,35.6591656],[139.7772403,35.6591758],[139.777266,35.6591929],[139.7772511,35.6592058],[139.7773085,35.6592424],[139.7774079,35.6593264],[139.7773897,35.6593832],[139.7773275,35.6594576],[139.7767203,35.6600896],[139.7767796,35.6601287],[139.7766982,35.660213],[139.7766257,35.6602968],[139.7767447,35.6603739],[139.77575,35.6613915],[139.77412,35.6631705],[139.7740722,35.663223],[139.7738178,35.6635401],[139.7738855,35.6635826],[139.7738518,35.6636347],[139.7741701,35.6638747],[139.7745184,35.66414],[139.7747379,35.6643062],[139.7749815,35.6644905],[139.7749999,35.6645172],[139.7750257,35.6645414],[139.7747905,35.6647578],[139.7745849,35.6649502],[139.7745336,35.6649984],[139.7745834,35.6650362],[139.7746309,35.6650724],[139.7748999,35.6652768],[139.775227,35.6655254],[139.77588,35.6660217],[139.7759082,35.6660432],[139.775857,35.6660868],[139.775654,35.6662593],[139.7754232,35.6664554],[139.7753814,35.6664909],[139.77561,35.6666416],[139.7757891,35.6667596],[139.7758308,35.6667871],[139.7760863,35.6669055],[139.7761901,35.6669505],[139.776227,35.667036],[139.7764527,35.6676053],[139.7764713,35.6676507],[139.7766058,35.667992],[139.7766328,35.6680596],[139.7766606,35.6681275],[139.7768523,35.6685957],[139.7768758,35.668653],[139.7772017,35.669449],[139.7772501,35.6695606],[139.7772874,35.6696444],[139.7773056,35.6696873],[139.7773304,35.6697474],[139.7774543,35.6700639],[139.7775642,35.6703445],[139.7776755,35.6706288],[139.7778333,35.6710318],[139.777852,35.6710795],[139.7778727,35.6711322],[139.7779455,35.671318],[139.7780354,35.671547],[139.7781332,35.6717964],[139.7782079,35.6719867],[139.7782265,35.6720342],[139.7782475,35.6720909],[139.7783591,35.6723916],[139.7783881,35.6724712],[139.7784985,35.6727775],[139.7785196,35.6728245],[139.7785499,35.6729166],[139.7785625,35.6730674],[139.7785796,35.6732683],[139.7785878,35.6734638],[139.7786043,35.6740727],[139.7786053,35.6741097],[139.778606,35.674155],[139.7786114,35.6744822],[139.778605,35.674551],[139.7785968,35.6746259],[139.7785917,35.674685],[139.7785805,35.6748703],[139.7785635,35.6751279],[139.7783895,35.6757501],[139.7783529,35.6757854],[139.7785082,35.6760686],[139.7784938,35.6761099],[139.7786331,35.6763704],[139.7786208,35.6763971],[139.7786054,35.6764305],[139.7782673,35.676516],[139.7783124,35.6765974],[139.7783639,35.6766906],[139.7783478,35.6767712],[139.7784829,35.6769869],[139.7786143,35.6771966],[139.7785401,35.6772289],[139.7787079,35.6775044],[139.7788159,35.6776816],[139.77893,35.6778688],[139.7790219,35.6780196],[139.7790722,35.6781022],[139.7791297,35.6781966],[139.7792812,35.6784453],[139.779507,35.6788159],[139.7799467,35.6794826],[139.7801145,35.6797594],[139.7801805,35.6798673],[139.7802297,35.6799503],[139.7801158,35.6800057],[139.7801954,35.6801328],[139.7802551,35.6802282],[139.7803067,35.6803107],[139.7802437,35.6803676],[139.7805254,35.6808318],[139.7806128,35.680969],[139.7809251,35.6814537],[139.7810008,35.6815903],[139.7810258,35.6816491],[139.7805858,35.6822478],[139.7805237,35.682364],[139.7805028,35.6824946],[139.780485,35.682723],[139.7804807,35.68278],[139.7803254,35.6835726],[139.7803395,35.6836361],[139.7803677,35.6837217],[139.7804105,35.6838198],[139.7806475,35.6841451],[139.781043,35.684367]]},"properties":{"routeId":"osm_route_04_012","originId":"route_origin_tsukishima_kachidoki_001","originName":"Tsukishima Kachidoki controlled route test origin","shelterId":"chuo_official_emergency_012","shelterName":"日本橋小学校","plateauBuildingId":"13102-bldg-12810","routeDistanceMeters":3372.629,"estimatedTravelTimeSeconds":2810.524,"routeSource":"OSM","routeType":"estimated_pedestrian_route","isOfficialEvacuationRoute":false}},{"type":"Feature","geometry":{"type":"LineString","coordinates":[[139.776876,35.6586848],[139.7768879,35.6586733],[139.7769173,35.6586944],[139.7769467,35.6587156],[139.7768947,35.6587721],[139.7768882,35.6587791],[139.7768695,35.6587995],[139.7770919,35.6589561],[139.7771843,35.6590211],[139.7772766,35.6590862],[139.7772031,35.6591529],[139.7772254,35.6591656],[139.7772403,35.6591758],[139.777266,35.6591929],[139.7772511,35.6592058],[139.7773085,35.6592424],[139.7774079,35.6593264],[139.7773897,35.6593832],[139.7773275,35.6594576],[139.7767203,35.6600896],[139.7767796,35.6601287],[139.7769041,35.6602083],[139.7769872,35.6602614],[139.7769414,35.6603166],[139.7772927,35.6605623],[139.7773505,35.6606048],[139.7774126,35.6606506],[139.7779121,35.6609999],[139.7778861,35.6610256],[139.7778513,35.6610597],[139.7778665,35.6610698],[139.7781962,35.6613027],[139.7783487,35.661417],[139.778368,35.6614578],[139.7784072,35.6614821],[139.7784394,35.6615021],[139.7776709,35.662224],[139.7785789,35.6628867],[139.7786222,35.6629165],[139.7785798,35.6629554],[139.778638,35.6629968],[139.7787642,35.6630867],[139.7789327,35.6632067],[139.7790128,35.6632637],[139.7791586,35.6633676],[139.779313,35.6634774],[139.7794641,35.663585],[139.7795251,35.6636285],[139.7795861,35.6636719],[139.7796689,35.6637315],[139.7800163,35.6639813],[139.7805352,35.6643538],[139.7805825,35.6643878],[139.7806265,35.6644195],[139.780853,35.6645825],[139.7809956,35.6646848],[139.7811466,35.664793],[139.7813056,35.6649071],[139.7815244,35.6650641],[139.7815801,35.665104],[139.7816216,35.6651336],[139.7818505,35.6652966],[139.7821708,35.6655247],[139.7823168,35.6656301],[139.782514,35.6657788],[139.7825733,35.6658241],[139.7826268,35.6658817],[139.7827475,35.6660128],[139.7827831,35.6660512],[139.782896,35.6661731],[139.7830121,35.6662985],[139.7831485,35.6664055],[139.7832019,35.6664705],[139.7832702,35.6665982],[139.7833865,35.6668467],[139.7834583,35.6669877],[139.7834827,35.6670403],[139.7834929,35.6671059],[139.7835169,35.6671745],[139.7835284,35.6672251],[139.7835407,35.6672726],[139.7836489,35.6674513],[139.7837148,35.6675733],[139.7838678,35.6678537],[139.7838633,35.6679928],[139.7838606,35.6681628],[139.7838614,35.668214],[139.7838633,35.6683241],[139.783823,35.6686117],[139.7839585,35.6687762],[139.7840872,35.6687544],[139.7843608,35.6688045],[139.7844386,35.6688394],[139.7844171,35.6689658],[139.7844869,35.6690747],[139.7847337,35.6692338],[139.7849424,35.6692699],[139.7847966,35.6698615],[139.7848647,35.6698724],[139.7849436,35.669885],[139.7850082,35.6698954],[139.7849571,35.6700951],[139.7847766,35.6707776],[139.7847576,35.6708444],[139.7845356,35.6717126],[139.7844451,35.6719626],[139.7843818,35.6721047],[139.7842943,35.6722469],[139.7841525,35.6724306],[139.7839406,35.6726316],[139.7840355,35.6726789],[139.7842309,35.6727841],[139.7843823,35.6729087],[139.784419,35.6728867],[139.784689,35.6731125],[139.7849782,35.673378],[139.7850505,35.6734028],[139.785777,35.6742971],[139.7861577,35.6747656],[139.7861678,35.674778],[139.7862536,35.6749131],[139.786622,35.6761815],[139.7866901,35.676416],[139.7867237,35.6765316],[139.7867605,35.6766583],[139.7867029,35.6766692],[139.7866975,35.6766485],[139.7866734,35.6766529],[139.7866666,35.6766234],[139.7865848,35.6766387],[139.7865376,35.6767422],[139.7865461,35.6767703],[139.7866534,35.6770901],[139.7866686,35.6771255],[139.786497,35.6771898],[139.7864863,35.6772159],[139.7865118,35.6772585],[139.7867961,35.6776375],[139.7868577,35.6777073],[139.7869167,35.6777627],[139.7869305,35.6777552],[139.7870435,35.6777073],[139.7871328,35.6778408],[139.7874221,35.678273],[139.7878253,35.6788978],[139.78783,35.6789074],[139.7878321,35.6789116],[139.7879091,35.6789927],[139.7879602,35.6790282],[139.7879818,35.6790442],[139.788016,35.67906],[139.7880546,35.6790897],[139.7881025,35.6791691],[139.7878719,35.6793547],[139.7878773,35.679388],[139.7877638,35.6794953],[139.7875413,35.6797806],[139.7875618,35.6798186],[139.7874322,35.6799927],[139.7872017,35.6803004],[139.7872124,35.6804324],[139.7872889,35.6805146],[139.7869499,35.6810324],[139.7870045,35.6810664],[139.7868538,35.6812583],[139.7868045,35.681321],[139.7867534,35.6813861],[139.7867271,35.6814195],[139.786579,35.6816081],[139.7864752,35.6817402],[139.7864342,35.6817923],[139.7874887,35.6823338],[139.788235,35.6827457],[139.7884493,35.682864],[139.7884089,35.6829],[139.7884304,35.6829534],[139.788297,35.6831206]]},"properties":{"routeId":"osm_route_04_013","originId":"route_origin_tsukishima_kachidoki_001","originName":"Tsukishima Kachidoki controlled route test origin","shelterId":"chuo_official_emergency_013","shelterName":"有馬小学校","plateauBuildingId":"13102-bldg-12391","routeDistanceMeters":3560.096,"estimatedTravelTimeSeconds":2966.747,"routeSource":"OSM","routeType":"estimated_pedestrian_route","isOfficialEvacuationRoute":false}},{"type":"Feature","geometry":{"type":"LineString","coordinates":[[139.776876,35.6586848],[139.7768879,35.6586733],[139.7769173,35.6586944],[139.7769467,35.6587156],[139.7768947,35.6587721],[139.7768882,35.6587791],[139.7768695,35.6587995],[139.7770919,35.6589561],[139.7771843,35.6590211],[139.7772766,35.6590862],[139.7772031,35.6591529],[139.7772254,35.6591656],[139.7772403,35.6591758],[139.777266,35.6591929],[139.7772511,35.6592058],[139.7773085,35.6592424],[139.7774079,35.6593264],[139.7773897,35.6593832],[139.7773275,35.6594576],[139.7767203,35.6600896],[139.7767796,35.6601287],[139.7766982,35.660213],[139.7766257,35.6602968],[139.7767447,35.6603739],[139.77575,35.6613915],[139.77412,35.6631705],[139.7740722,35.663223],[139.7738178,35.6635401],[139.7738855,35.6635826],[139.7738518,35.6636347],[139.7741701,35.6638747],[139.7745184,35.66414],[139.7747379,35.6643062],[139.7749815,35.6644905],[139.7749999,35.6645172],[139.7750257,35.6645414],[139.7747905,35.6647578],[139.7745849,35.6649502],[139.7745336,35.6649984],[139.7745834,35.6650362],[139.7746309,35.6650724],[139.7748999,35.6652768],[139.775227,35.6655254],[139.77588,35.6660217],[139.7759082,35.6660432],[139.775857,35.6660868],[139.775654,35.6662593],[139.7754232,35.6664554],[139.7753814,35.6664909],[139.77561,35.6666416],[139.7757891,35.6667596],[139.7758308,35.6667871],[139.7760863,35.6669055],[139.7761901,35.6669505],[139.776227,35.667036],[139.7764527,35.6676053],[139.7764713,35.6676507],[139.7766058,35.667992],[139.7766328,35.6680596],[139.7766606,35.6681275],[139.7768523,35.6685957],[139.7768758,35.668653],[139.7772017,35.669449],[139.7772501,35.6695606],[139.7772874,35.6696444],[139.7773056,35.6696873],[139.7773304,35.6697474],[139.7774543,35.6700639],[139.7775642,35.6703445],[139.7776755,35.6706288],[139.7778333,35.6710318],[139.777852,35.6710795],[139.7778727,35.6711322],[139.7779455,35.671318],[139.7780354,35.671547],[139.7781332,35.6717964],[139.7782079,35.6719867],[139.7782265,35.6720342],[139.7782475,35.6720909],[139.7783591,35.6723916],[139.7783881,35.6724712],[139.7784985,35.6727775],[139.7785196,35.6728245],[139.7785499,35.6729166],[139.7785625,35.6730674],[139.7785796,35.6732683],[139.7785878,35.6734638],[139.7786043,35.6740727],[139.7786053,35.6741097],[139.778606,35.674155],[139.7786114,35.6744822],[139.778605,35.674551],[139.7785968,35.6746259],[139.7785917,35.674685],[139.7785805,35.6748703],[139.7785635,35.6751279],[139.7783895,35.6757501],[139.7783529,35.6757854],[139.7785082,35.6760686],[139.7784938,35.6761099],[139.7786331,35.6763704],[139.7786208,35.6763971],[139.7786054,35.6764305],[139.7782673,35.676516],[139.7783124,35.6765974],[139.7783639,35.6766906],[139.7783478,35.6767712],[139.7784829,35.6769869],[139.7786143,35.6771966],[139.7785401,35.6772289],[139.7787079,35.6775044],[139.7788159,35.6776816],[139.77893,35.6778688],[139.7790219,35.6780196],[139.7790722,35.6781022],[139.7791297,35.6781966],[139.7792812,35.6784453],[139.779507,35.6788159],[139.7799467,35.6794826],[139.7801145,35.6797594],[139.7801805,35.6798673],[139.7802297,35.6799503],[139.7801158,35.6800057],[139.7801954,35.6801328],[139.7802551,35.6802282],[139.7803067,35.6803107],[139.7802437,35.6803676],[139.7805254,35.6808318],[139.7806128,35.680969],[139.7809251,35.6814537],[139.7810008,35.6815903],[139.7810258,35.6816491],[139.7805858,35.6822478],[139.7805237,35.682364],[139.7805028,35.6824946],[139.780485,35.682723],[139.7804807,35.68278],[139.7803254,35.6835726],[139.7803395,35.6836361],[139.7803677,35.6837217],[139.7804105,35.6838198],[139.7806475,35.6841451],[139.7805224,35.6846873],[139.7805414,35.6847228],[139.7806661,35.6848138],[139.780339,35.6852932],[139.7802845,35.6853731],[139.7802294,35.6854549],[139.7801247,35.6856994],[139.7800176,35.6859137],[139.7800928,35.6859526],[139.7805889,35.6862536],[139.7803193,35.6865857],[139.7805956,35.6867788],[139.7809284,35.6869925],[139.7813388,35.6872418],[139.781439,35.6872934],[139.7815137,35.6873427],[139.7819408,35.6876249],[139.782472,35.6879659],[139.7825233,35.6879989],[139.782575,35.6880336],[139.7832385,35.6884785],[139.7836912,35.6887696],[139.7838016,35.6888424],[139.7839248,35.6889163],[139.7843519,35.689202]]},"properties":{"routeId":"osm_route_04_014","originId":"route_origin_tsukishima_kachidoki_001","originName":"Tsukishima Kachidoki controlled route test origin","shelterId":"chuo_official_emergency_014","shelterName":"久松小学校","plateauBuildingId":"13102-bldg-14859","routeDistanceMeters":4120.45,"estimatedTravelTimeSeconds":3433.708,"routeSource":"OSM","routeType":"estimated_pedestrian_route","isOfficialEvacuationRoute":false}},{"type":"Feature","geometry":{"type":"LineString","coordinates":[[139.776876,35.6586848],[139.7768879,35.6586733],[139.7769173,35.6586944],[139.7769467,35.6587156],[139.7768947,35.6587721],[139.7768882,35.6587791],[139.7768695,35.6587995],[139.7770919,35.6589561],[139.7771843,35.6590211],[139.7772766,35.6590862],[139.7772031,35.6591529],[139.7772254,35.6591656],[139.7772403,35.6591758],[139.777266,35.6591929],[139.7772511,35.6592058],[139.7773085,35.6592424],[139.7774079,35.6593264],[139.7773897,35.6593832],[139.7773275,35.6594576],[139.7767203,35.6600896],[139.7767796,35.6601287],[139.7766982,35.660213],[139.7766257,35.6602968],[139.7767447,35.6603739],[139.77575,35.6613915],[139.77412,35.6631705],[139.7740722,35.663223],[139.7738178,35.6635401],[139.7738855,35.6635826],[139.7738518,35.6636347],[139.7741701,35.6638747],[139.7745184,35.66414],[139.7747379,35.6643062],[139.7749815,35.6644905],[139.7749999,35.6645172],[139.7750257,35.6645414],[139.7747905,35.6647578],[139.7745849,35.6649502],[139.7745336,35.6649984],[139.7745834,35.6650362],[139.7746309,35.6650724],[139.7748999,35.6652768],[139.775227,35.6655254],[139.77588,35.6660217],[139.7759082,35.6660432],[139.775857,35.6660868],[139.775654,35.6662593],[139.7754232,35.6664554],[139.7753814,35.6664909],[139.77561,35.6666416],[139.7757891,35.6667596],[139.7758308,35.6667871],[139.7760863,35.6669055],[139.7761901,35.6669505],[139.776227,35.667036],[139.7764527,35.6676053],[139.7764713,35.6676507],[139.7766058,35.667992],[139.7766328,35.6680596],[139.7766606,35.6681275],[139.7768523,35.6685957],[139.7768758,35.668653],[139.7772017,35.669449],[139.7772501,35.6695606],[139.7772874,35.6696444],[139.7773056,35.6696873],[139.7773304,35.6697474],[139.7774543,35.6700639],[139.7775642,35.6703445],[139.7776755,35.6706288],[139.7778333,35.6710318],[139.777852,35.6710795],[139.7778727,35.6711322],[139.7779455,35.671318],[139.7780354,35.671547],[139.7781332,35.6717964],[139.7782079,35.6719867],[139.7782265,35.6720342],[139.7782475,35.6720909],[139.7783591,35.6723916],[139.7783881,35.6724712],[139.7784985,35.6727775],[139.7785196,35.6728245],[139.7785499,35.6729166],[139.7785625,35.6730674],[139.7785796,35.6732683],[139.7785878,35.6734638],[139.7786043,35.6740727],[139.7786053,35.6741097],[139.778606,35.674155],[139.7786114,35.6744822],[139.778605,35.674551],[139.7785968,35.6746259],[139.7785917,35.674685],[139.7785805,35.6748703],[139.7785635,35.6751279],[139.7783895,35.6757501],[139.7783529,35.6757854],[139.7785082,35.6760686],[139.7784938,35.6761099],[139.7786331,35.6763704],[139.7786208,35.6763971],[139.7786054,35.6764305],[139.7782673,35.676516],[139.7783124,35.6765974],[139.7783639,35.6766906],[139.7783478,35.6767712],[139.7784829,35.6769869],[139.7786143,35.6771966],[139.7785401,35.6772289],[139.7787079,35.6775044],[139.7788159,35.6776816],[139.77893,35.6778688],[139.7790219,35.6780196],[139.7790722,35.6781022],[139.7791297,35.6781966],[139.7792812,35.6784453],[139.779507,35.6788159],[139.7799467,35.6794826],[139.7801145,35.6797594],[139.7801805,35.6798673],[139.7802297,35.6799503],[139.7801158,35.6800057],[139.7801954,35.6801328],[139.7802551,35.6802282],[139.7803067,35.6803107],[139.7802437,35.6803676],[139.7805254,35.6808318],[139.7806128,35.680969],[139.7809251,35.6814537],[139.7810008,35.6815903],[139.7810258,35.6816491],[139.7805858,35.6822478],[139.7805237,35.682364],[139.7805028,35.6824946],[139.780485,35.682723],[139.7804807,35.68278],[139.7803254,35.6835726],[139.7803395,35.6836361],[139.7803677,35.6837217],[139.7804105,35.6838198],[139.7806475,35.6841451],[139.7805224,35.6846873],[139.7805414,35.6847228],[139.7806661,35.6848138],[139.7811055,35.6850846],[139.781423,35.6852693],[139.7821075,35.6857173],[139.7824687,35.6859391],[139.7822771,35.6861591],[139.7823757,35.6862163],[139.782477,35.6862737],[139.7825121,35.6863572],[139.7826406,35.6864428],[139.7828183,35.6865612],[139.7833621,35.6869209],[139.7833025,35.6869891],[139.7833692,35.6870353],[139.7834298,35.6870753],[139.7844793,35.6877678],[139.7845355,35.6878048],[139.7847704,35.6879587],[139.7848511,35.6880123],[139.7853017,35.6883116],[139.7852495,35.6883931],[139.7854445,35.6885279],[139.7855425,35.6885956],[139.7856256,35.6886531],[139.7856275,35.6886956],[139.7856856,35.6887363],[139.7857863,35.6888066],[139.7858602,35.6888583],[139.7855683,35.6893235],[139.7852924,35.6897633],[139.7856504,35.689997],[139.7856289,35.6900375],[139.7856074,35.6900781],[139.7856414,35.6901002],[139.7856828,35.6901272],[139.7858514,35.690237],[139.7855405,35.6907278],[139.7857009,35.6908349],[139.7858358,35.6909231],[139.7858891,35.690958],[139.7859403,35.6909914],[139.7862815,35.6912146],[139.7865642,35.6913986],[139.7866157,35.6914321],[139.7866707,35.6914705],[139.7868317,35.6915827],[139.7869838,35.6916888],[139.7870218,35.6917152],[139.7870517,35.6917361],[139.7870176,35.6917845]]},"properties":{"routeId":"osm_route_04_015","originId":"route_origin_tsukishima_kachidoki_001","originName":"Tsukishima Kachidoki controlled route test origin","shelterId":"chuo_official_emergency_015","shelterName":"日本橋中学校","plateauBuildingId":"13102-bldg-15963","routeDistanceMeters":4542.506,"estimatedTravelTimeSeconds":3785.422,"routeSource":"OSM","routeType":"estimated_pedestrian_route","isOfficialEvacuationRoute":false}},{"type":"Feature","geometry":{"type":"LineString","coordinates":[[139.776876,35.6586848],[139.7768879,35.6586733],[139.7769173,35.6586944],[139.7769467,35.6587156],[139.7768947,35.6587721],[139.7768882,35.6587791],[139.7768695,35.6587995],[139.7770919,35.6589561],[139.7771843,35.6590211],[139.7772766,35.6590862],[139.7772031,35.6591529],[139.7772254,35.6591656],[139.7772403,35.6591758],[139.777266,35.6591929],[139.7772511,35.6592058],[139.7773085,35.6592424],[139.7774079,35.6593264],[139.7773897,35.6593832],[139.7773275,35.6594576],[139.7767203,35.6600896],[139.7767796,35.6601287],[139.7766982,35.660213],[139.7766257,35.6602968],[139.7763032,35.6606541],[139.7756774,35.6613478],[139.7740456,35.6631346],[139.7736655,35.6634805],[139.7735808,35.6635602],[139.7728662,35.6642321],[139.7726256,35.6644588],[139.772548,35.6645313],[139.7726565,35.6646132],[139.7725875,35.6646871],[139.7726481,35.6647288],[139.7721648,35.6652162],[139.772026,35.6653568],[139.7719628,35.6654206],[139.7717246,35.665661],[139.7717049,35.6656809],[139.7713805,35.6660088],[139.7715821,35.6661565],[139.7717129,35.6662523],[139.7717672,35.6663613],[139.7718227,35.6664073],[139.7719015,35.666469],[139.7718972,35.6668087],[139.7718178,35.6668782],[139.771694,35.6669833],[139.7715896,35.667072],[139.7715701,35.6670886],[139.7715109,35.667143],[139.7720092,35.6675355],[139.7719316,35.6676099],[139.7720205,35.6676803],[139.7719571,35.6677397],[139.7720015,35.667778],[139.7720432,35.6678141],[139.7720515,35.6678209],[139.7721974,35.6679402],[139.7726374,35.6683002],[139.7729191,35.6685306],[139.7729367,35.668545],[139.7729306,35.6685838],[139.7726646,35.6687903],[139.7721254,35.669209],[139.7721713,35.669251],[139.772198,35.6692754],[139.7721957,35.669338],[139.7721814,35.6693505],[139.7721286,35.6693945],[139.7723193,35.6696459],[139.7725449,35.6699478],[139.7726056,35.6700314],[139.7727603,35.6702492],[139.7729578,35.6705315],[139.7729984,35.6705902],[139.7730229,35.6706276],[139.7731935,35.6708973],[139.7732135,35.6709289],[139.7732335,35.6709605],[139.7732807,35.6710599],[139.7733333,35.6711706],[139.7735205,35.671565],[139.7736586,35.6718736],[139.7736938,35.6719524],[139.7737343,35.672043],[139.7738339,35.67227],[139.7739423,35.6725279],[139.7740764,35.6728521],[139.7741422,35.6730112],[139.7741611,35.6730595],[139.7741728,35.6730989],[139.7741844,35.6731827],[139.7741923,35.673281],[139.7742031,35.6734672],[139.7742499,35.6741915],[139.774259,35.674241],[139.774275,35.6742917],[139.7743112,35.6744003],[139.7743588,35.6745429],[139.7743943,35.6746233],[139.7744278,35.6746907],[139.7744769,35.6747712],[139.7745614,35.6749096],[139.7744895,35.6749393],[139.7746567,35.6752165],[139.7747971,35.6754493],[139.7749835,35.6757582],[139.7751672,35.6760627],[139.7751996,35.6761136],[139.7752446,35.6761844],[139.7754688,35.6765319],[139.7756661,35.6768379],[139.7756981,35.6768876],[139.775841,35.6771091],[139.7759904,35.6773394],[139.7759652,35.6773909],[139.77601,35.6774593],[139.7760628,35.67754],[139.7761047,35.677604],[139.775718,35.6777633],[139.7758682,35.6779999],[139.7760505,35.678297],[139.7761854,35.678517],[139.7761419,35.678535],[139.7762414,35.6786898],[139.7763235,35.6788175],[139.7763907,35.678922],[139.7764924,35.6790837],[139.7765168,35.6791234]]},"properties":{"routeId":"osm_route_04_016","originId":"route_origin_tsukishima_kachidoki_001","originName":"Tsukishima Kachidoki controlled route test origin","shelterId":"chuo_official_emergency_016","shelterName":"阪本小学校","plateauBuildingId":"13102-bldg-10474","routeDistanceMeters":2775.586,"estimatedTravelTimeSeconds":2312.988,"routeSource":"OSM","routeType":"estimated_pedestrian_route","isOfficialEvacuationRoute":false}},{"type":"Feature","geometry":{"type":"LineString","coordinates":[[139.776876,35.6586848],[139.7768879,35.6586733],[139.7769173,35.6586944],[139.7769467,35.6587156],[139.7768947,35.6587721],[139.7768882,35.6587791],[139.7768695,35.6587995],[139.7770919,35.6589561],[139.7771843,35.6590211],[139.7772766,35.6590862],[139.7772031,35.6591529],[139.7772254,35.6591656],[139.7772403,35.6591758],[139.777266,35.6591929],[139.7772511,35.6592058],[139.7773085,35.6592424],[139.7774079,35.6593264],[139.7773897,35.6593832],[139.7773275,35.6594576],[139.7767203,35.6600896],[139.7767796,35.6601287],[139.7769041,35.6602083],[139.7769872,35.6602614],[139.7769414,35.6603166],[139.7772927,35.6605623],[139.7773505,35.6606048],[139.7774126,35.6606506],[139.7779121,35.6609999],[139.7778861,35.6610256],[139.7778513,35.6610597],[139.7778665,35.6610698],[139.7781962,35.6613027],[139.7783487,35.661417],[139.778368,35.6614578],[139.7784072,35.6614821],[139.7784394,35.6615021],[139.7776709,35.662224],[139.7785789,35.6628867],[139.7786222,35.6629165],[139.7785798,35.6629554],[139.778638,35.6629968],[139.7787642,35.6630867],[139.7789327,35.6632067],[139.7790128,35.6632637],[139.7791586,35.6633676],[139.779313,35.6634774],[139.7794641,35.663585],[139.7795251,35.6636285],[139.7795861,35.6636719],[139.7796689,35.6637315],[139.7800163,35.6639813],[139.7805352,35.6643538],[139.7805825,35.6643878],[139.7806265,35.6644195],[139.780853,35.6645825],[139.7809956,35.6646848],[139.7811466,35.664793],[139.7813056,35.6649071],[139.7815244,35.6650641],[139.7815801,35.665104],[139.7816216,35.6651336],[139.7818505,35.6652966],[139.7821708,35.6655247],[139.7823168,35.6656301],[139.782514,35.6657788],[139.7825733,35.6658241],[139.7826268,35.6658817],[139.7827475,35.6660128],[139.7827831,35.6660512],[139.782896,35.6661731],[139.7830121,35.6662985],[139.7831485,35.6664055],[139.7832019,35.6664705],[139.7832702,35.6665982],[139.7833865,35.6668467],[139.7834583,35.6669877],[139.7834827,35.6670403],[139.7834929,35.6671059],[139.7835169,35.6671745],[139.7835284,35.6672251],[139.7835407,35.6672726],[139.7836489,35.6674513],[139.7837148,35.6675733],[139.7838678,35.6678537],[139.7838633,35.6679928],[139.7838606,35.6681628],[139.7838614,35.668214],[139.7838633,35.6683241],[139.783823,35.6686117],[139.7839585,35.6687762],[139.7840872,35.6687544],[139.7843608,35.6688045],[139.7844386,35.6688394]]},"properties":{"routeId":"osm_route_04_017","originId":"route_origin_tsukishima_kachidoki_001","originName":"Tsukishima Kachidoki controlled route test origin","shelterId":"chuo_official_emergency_017","shelterName":"佃島小学校","plateauBuildingId":"13102-bldg-8511","routeDistanceMeters":1567.42,"estimatedTravelTimeSeconds":1306.183,"routeSource":"OSM","routeType":"estimated_pedestrian_route","isOfficialEvacuationRoute":false}},{"type":"Feature","geometry":{"type":"LineString","coordinates":[[139.776876,35.6586848],[139.7768879,35.6586733],[139.7769173,35.6586944],[139.7769467,35.6587156],[139.7768947,35.6587721],[139.7768882,35.6587791],[139.7768695,35.6587995],[139.7770919,35.6589561],[139.7771843,35.6590211],[139.7772766,35.6590862],[139.7772031,35.6591529],[139.7772254,35.6591656],[139.7772403,35.6591758],[139.777266,35.6591929],[139.7772511,35.6592058],[139.7773085,35.6592424],[139.7774079,35.6593264],[139.7773897,35.6593832],[139.7773275,35.6594576],[139.7767203,35.6600896],[139.7767796,35.6601287],[139.7769041,35.6602083],[139.7769872,35.6602614],[139.7769414,35.6603166],[139.7772927,35.6605623],[139.7773505,35.6606048],[139.7774126,35.6606506],[139.7779121,35.6609999],[139.7779254,35.6610089],[139.7782644,35.6612463],[139.7782921,35.6612657],[139.7782666,35.66129],[139.7783955,35.6613829],[139.7784042,35.6613892],[139.778463,35.66143],[139.7785067,35.6614612],[139.7794184,35.6621114],[139.77946,35.6621411],[139.7795074,35.6621749],[139.7797302,35.6623338],[139.7798917,35.6624491],[139.7800377,35.6625533],[139.7801887,35.662661],[139.7802597,35.6627117],[139.7804644,35.6628577],[139.7807378,35.6630528],[139.7808841,35.6631572],[139.7810314,35.6632624],[139.7811877,35.6633739],[139.7814632,35.6635704],[139.7816532,35.663706],[139.7817332,35.6637631],[139.781872,35.6638621],[139.7820331,35.6639771],[139.7821901,35.6640891],[139.7824631,35.6642839],[139.7827301,35.6644744],[139.7834602,35.6649954],[139.7836153,35.6651182],[139.7836424,35.6651397],[139.7837777,35.6652399],[139.7839507,35.6653677],[139.7840716,35.6654722],[139.7840248,35.6655111],[139.7841743,35.6656298],[139.7841856,35.665643],[139.7841771,35.6656592],[139.7835479,35.666195],[139.7835723,35.6662288],[139.783543,35.6662557],[139.7835641,35.6663032],[139.7835761,35.6663284],[139.783608,35.6663959],[139.7836416,35.6664601],[139.7836931,35.6665683],[139.783743,35.66667],[139.7837884,35.6667209],[139.7838999,35.6668078],[139.7839304,35.6668296],[139.7840868,35.6669452],[139.7841735,35.6670193],[139.7842975,35.6671168],[139.7843423,35.6671513],[139.7843909,35.6671919],[139.7845345,35.6673],[139.7847256,35.6674449]]},"properties":{"routeId":"osm_route_04_018","originId":"route_origin_tsukishima_kachidoki_001","originName":"Tsukishima Kachidoki controlled route test origin","shelterId":"chuo_official_emergency_018","shelterName":"佃中学校","plateauBuildingId":"13102-bldg-8511","routeDistanceMeters":1410.25,"estimatedTravelTimeSeconds":1175.208,"routeSource":"OSM","routeType":"estimated_pedestrian_route","isOfficialEvacuationRoute":false}},{"type":"Feature","geometry":{"type":"LineString","coordinates":[[139.776876,35.6586848],[139.7768879,35.6586733],[139.7769173,35.6586944],[139.7769467,35.6587156],[139.7768947,35.6587721],[139.7768882,35.6587791],[139.7768695,35.6587995],[139.7770919,35.6589561],[139.7771843,35.6590211],[139.7772766,35.6590862],[139.7772031,35.6591529],[139.7772254,35.6591656],[139.7772403,35.6591758],[139.777266,35.6591929],[139.7772511,35.6592058],[139.7773085,35.6592424],[139.7774079,35.6593264],[139.7773897,35.6593832],[139.7774597,35.6594303],[139.7775772,35.6595072],[139.7776637,35.6595676],[139.7777184,35.6595658],[139.777804,35.6596045],[139.7778478,35.6596243],[139.7781444,35.6598235],[139.7782008,35.6597648],[139.7786114,35.660048],[139.7787743,35.6601665],[139.7791457,35.6604243],[139.7793734,35.6605809],[139.7796455,35.6607693],[139.7797983,35.6608751],[139.7799551,35.6609837]]},"properties":{"routeId":"osm_route_04_019","originId":"route_origin_tsukishima_kachidoki_001","originName":"Tsukishima Kachidoki controlled route test origin","shelterId":"chuo_official_emergency_019","shelterName":"月島第一小学校","plateauBuildingId":"13102-bldg-5099","routeDistanceMeters":416.372,"estimatedTravelTimeSeconds":346.977,"routeSource":"OSM","routeType":"estimated_pedestrian_route","isOfficialEvacuationRoute":false}},{"type":"Feature","geometry":{"type":"LineString","coordinates":[[139.776876,35.6586848],[139.7768879,35.6586733],[139.7769173,35.6586944],[139.7769467,35.6587156],[139.7768947,35.6587721],[139.7768882,35.6587791],[139.7768695,35.6587995],[139.7770919,35.6589561],[139.7771843,35.6590211],[139.7768396,35.6593217],[139.776855,35.6593878],[139.7768525,35.6593035],[139.776823,35.6593058],[139.7763735,35.6593399],[139.7763564,35.6593562],[139.7760065,35.6596893],[139.7759756,35.6597187]]},"properties":{"routeId":"osm_route_04_020","originId":"route_origin_tsukishima_kachidoki_001","originName":"Tsukishima Kachidoki controlled route test origin","shelterId":"chuo_official_emergency_020","shelterName":"月島第二小学校","plateauBuildingId":"13102-bldg-9813","routeDistanceMeters":219.427,"estimatedTravelTimeSeconds":182.856,"routeSource":"OSM","routeType":"estimated_pedestrian_route","isOfficialEvacuationRoute":false}},{"type":"Feature","geometry":{"type":"LineString","coordinates":[[139.776876,35.6586848],[139.7768879,35.6586733],[139.7769173,35.6586944],[139.7769467,35.6587156],[139.7768947,35.6587721],[139.7768882,35.6587791],[139.7768695,35.6587995],[139.7770919,35.6589561],[139.7771843,35.6590211],[139.7772766,35.6590862],[139.777895,35.6595216],[139.7780005,35.6595936],[139.7781152,35.6594865],[139.778071,35.6594591],[139.7780517,35.6594466],[139.7780772,35.659423],[139.7782179,35.6595183],[139.7787388,35.6598709],[139.7789396,35.6600044],[139.7793224,35.6602661],[139.7795194,35.6604059],[139.7795479,35.6604266],[139.7799593,35.6600407],[139.7803674,35.6596605],[139.7804028,35.6596275],[139.7804326,35.6596],[139.7808479,35.6592178],[139.7814193,35.6596272],[139.7815775,35.6597405],[139.7818452,35.6599323],[139.7820235,35.6597668],[139.7822393,35.6595666],[139.7829521,35.6589193],[139.7829707,35.6589007],[139.7840523,35.6596391],[139.7840894,35.6596491],[139.7841245,35.6596478],[139.784165,35.6596291],[139.7849888,35.6588271],[139.7850332,35.6588564],[139.7856711,35.6592764],[139.7857193,35.6592328],[139.7857475,35.6592075]]},"properties":{"routeId":"osm_route_04_021","originId":"route_origin_tsukishima_kachidoki_001","originName":"Tsukishima Kachidoki controlled route test origin","shelterId":"chuo_official_emergency_021","shelterName":"月島第三小学校","plateauBuildingId":"13102-bldg-7675","routeDistanceMeters":1151.801,"estimatedTravelTimeSeconds":959.834,"routeSource":"OSM","routeType":"estimated_pedestrian_route","isOfficialEvacuationRoute":false}},{"type":"Feature","geometry":{"type":"LineString","coordinates":[[139.776876,35.6586848],[139.7768879,35.6586733],[139.7769173,35.6586944],[139.7769467,35.6587156],[139.7768947,35.6587721],[139.7768882,35.6587791],[139.7768695,35.6587995],[139.7770919,35.6589561],[139.7771843,35.6590211],[139.7772766,35.6590862],[139.777895,35.6595216],[139.7780005,35.6595936],[139.7781152,35.6594865],[139.778071,35.6594591],[139.7780517,35.6594466],[139.7780772,35.659423],[139.7782179,35.6595183],[139.7787388,35.6598709],[139.7789396,35.6600044],[139.7793224,35.6602661],[139.7795194,35.6604059],[139.7795479,35.6604266],[139.7799593,35.6600407],[139.7803674,35.6596605],[139.7804028,35.6596275],[139.7804326,35.6596],[139.7808479,35.6592178],[139.7814193,35.6596272],[139.7815775,35.6597405],[139.7818452,35.6599323],[139.7820235,35.6597668],[139.7822393,35.6595666],[139.7829521,35.6589193],[139.7829707,35.6589007],[139.7840523,35.6596391],[139.784767,35.6601221],[139.7848608,35.6601208],[139.7849061,35.660152],[139.7849871,35.6600974]]},"properties":{"routeId":"osm_route_04_022","originId":"route_origin_tsukishima_kachidoki_001","originName":"Tsukishima Kachidoki controlled route test origin","shelterId":"chuo_official_emergency_022","shelterName":"晴海中学校","plateauBuildingId":"13102-bldg-1478","routeDistanceMeters":1042.408,"estimatedTravelTimeSeconds":868.673,"routeSource":"OSM","routeType":"estimated_pedestrian_route","isOfficialEvacuationRoute":false}},{"type":"Feature","geometry":{"type":"LineString","coordinates":[[139.776876,35.6586848],[139.7768879,35.6586733],[139.7769173,35.6586944],[139.7769467,35.6587156],[139.7768947,35.6587721],[139.7768882,35.6587791],[139.7768695,35.6587995],[139.7770919,35.6589561],[139.7771934,35.6588468],[139.7770942,35.6587846],[139.7770682,35.658768],[139.7770833,35.6587531],[139.7769682,35.658677],[139.7767879,35.6585626],[139.7767415,35.6584991],[139.7766988,35.6584718],[139.7766604,35.6584473],[139.7765779,35.6583911],[139.7757943,35.6578573],[139.775738,35.6578189],[139.7756779,35.6577757],[139.7756384,35.6577473],[139.775564,35.657698],[139.7753949,35.6575846],[139.7752464,35.6574851],[139.7750923,35.657385],[139.774932,35.6572787],[139.7747413,35.6571523],[139.7747159,35.6570947],[139.7746648,35.6570734],[139.7746187,35.6570394],[139.7745884,35.6570437],[139.7745635,35.657021],[139.7740525,35.6566397],[139.77394,35.6565628],[139.7739098,35.6565388],[139.7738842,35.6564721],[139.7738409,35.6564424],[139.7737073,35.6563499],[139.7736565,35.6563141],[139.7735301,35.6563357],[139.7726562,35.6557176],[139.7739514,35.6544786]]},"properties":{"routeId":"osm_route_04_023","originId":"route_origin_tsukishima_kachidoki_001","originName":"Tsukishima Kachidoki controlled route test origin","shelterId":"chuo_official_emergency_023","shelterName":"豊海小学校","plateauBuildingId":"13102-bldg-2954","routeDistanceMeters":791.179,"estimatedTravelTimeSeconds":659.316,"routeSource":"OSM","routeType":"estimated_pedestrian_route","isOfficialEvacuationRoute":false}},{"type":"Feature","geometry":{"type":"LineString","coordinates":[[139.776876,35.6586848],[139.7768879,35.6586733],[139.7769173,35.6586944],[139.7769467,35.6587156],[139.7768947,35.6587721],[139.7768882,35.6587791],[139.7768695,35.6587995],[139.7770919,35.6589561],[139.7771843,35.6590211],[139.7772766,35.6590862],[139.7772031,35.6591529],[139.7772254,35.6591656],[139.7772403,35.6591758],[139.777266,35.6591929],[139.7772511,35.6592058],[139.7773085,35.6592424],[139.7774079,35.6593264],[139.7773897,35.6593832],[139.7773275,35.6594576],[139.7767203,35.6600896],[139.7767796,35.6601287],[139.7766982,35.660213],[139.7766257,35.6602968],[139.7763032,35.6606541],[139.7756774,35.6613478],[139.7740456,35.6631346],[139.7736655,35.6634805],[139.7735808,35.6635602],[139.7728662,35.6642321],[139.7726256,35.6644588],[139.772548,35.6645313],[139.7726565,35.6646132],[139.7725875,35.6646871],[139.7726481,35.6647288],[139.7721648,35.6652162],[139.772026,35.6653568],[139.7719628,35.6654206],[139.7717246,35.665661],[139.7717049,35.6656809],[139.7713805,35.6660088],[139.7715821,35.6661565],[139.7717129,35.6662523],[139.7717672,35.6663613],[139.7718227,35.6664073],[139.7719015,35.666469],[139.7718972,35.6668087],[139.7718178,35.6668782],[139.771694,35.6669833],[139.7715896,35.667072],[139.7715701,35.6670886],[139.7715109,35.667143],[139.7720092,35.6675355],[139.7719316,35.6676099],[139.7720205,35.6676803],[139.7719571,35.6677397],[139.7720015,35.667778],[139.7720432,35.6678141],[139.7720515,35.6678209],[139.7721974,35.6679402],[139.7713392,35.6686181],[139.7720511,35.6692169],[139.7719903,35.6692639],[139.7719275,35.6693124],[139.7719342,35.669332],[139.7719262,35.6693604],[139.7716419,35.669587],[139.7716055,35.6696143],[139.7716424,35.6696459],[139.7716892,35.6697013],[139.7719271,35.6699829],[139.7720942,35.6701807],[139.7723298,35.6704633]]},"properties":{"routeId":"osm_route_04_024","originId":"route_origin_tsukishima_kachidoki_001","originName":"Tsukishima Kachidoki controlled route test origin","shelterId":"chuo_official_emergency_024","shelterName":"中央区役所","plateauBuildingId":"13102-bldg-10473","routeDistanceMeters":1716.422,"estimatedTravelTimeSeconds":1430.352,"routeSource":"OSM","routeType":"estimated_pedestrian_route","isOfficialEvacuationRoute":false}},{"type":"Feature","geometry":{"type":"LineString","coordinates":[[139.776876,35.6586848],[139.7768879,35.6586733],[139.7769173,35.6586944],[139.7769467,35.6587156],[139.7768947,35.6587721],[139.7768882,35.6587791],[139.7768695,35.6587995],[139.7770919,35.6589561],[139.7771843,35.6590211],[139.7772766,35.6590862],[139.7772031,35.6591529],[139.7772254,35.6591656],[139.7772403,35.6591758],[139.777266,35.6591929],[139.7772511,35.6592058],[139.7773085,35.6592424],[139.7774079,35.6593264],[139.7773897,35.6593832],[139.7773275,35.6594576],[139.7767203,35.6600896],[139.7767796,35.6601287],[139.7766982,35.660213],[139.7766257,35.6602968],[139.7767447,35.6603739],[139.77575,35.6613915],[139.77412,35.6631705],[139.7740722,35.663223],[139.7738178,35.6635401],[139.7738855,35.6635826],[139.7738518,35.6636347],[139.7741701,35.6638747],[139.7745184,35.66414],[139.7747379,35.6643062],[139.7749815,35.6644905],[139.7749999,35.6645172],[139.7750257,35.6645414],[139.7747905,35.6647578],[139.7745849,35.6649502],[139.7745336,35.6649984],[139.7745834,35.6650362],[139.7746309,35.6650724],[139.7748999,35.6652768],[139.775227,35.6655254],[139.77588,35.6660217],[139.7759082,35.6660432],[139.775857,35.6660868],[139.775654,35.6662593],[139.7754232,35.6664554],[139.7753814,35.6664909],[139.77561,35.6666416],[139.7757891,35.6667596],[139.7758308,35.6667871],[139.7760863,35.6669055],[139.7761901,35.6669505],[139.776227,35.667036],[139.7764527,35.6676053],[139.7764713,35.6676507],[139.7766058,35.667992],[139.7766328,35.6680596],[139.7766606,35.6681275],[139.7768523,35.6685957],[139.7768758,35.668653],[139.7772017,35.669449],[139.7772501,35.6695606],[139.7772874,35.6696444],[139.7773056,35.6696873],[139.7773304,35.6697474],[139.7774543,35.6700639],[139.7775642,35.6703445],[139.7776755,35.6706288],[139.7778333,35.6710318],[139.777852,35.6710795],[139.7778727,35.6711322],[139.7779455,35.671318],[139.7780354,35.671547],[139.7781332,35.6717964],[139.7782079,35.6719867],[139.7782265,35.6720342],[139.7782475,35.6720909],[139.7783591,35.6723916],[139.7783881,35.6724712],[139.7784985,35.6727775],[139.7785196,35.6728245],[139.7785499,35.6729166],[139.7785625,35.6730674],[139.7785796,35.6732683],[139.7785878,35.6734638],[139.7786043,35.6740727],[139.7786053,35.6741097],[139.778606,35.674155],[139.7786114,35.6744822],[139.778605,35.674551],[139.7785968,35.6746259],[139.7785917,35.674685],[139.7785805,35.6748703],[139.7785635,35.6751279],[139.7783895,35.6757501],[139.7783529,35.6757854],[139.7785082,35.6760686],[139.7784938,35.6761099],[139.7786331,35.6763704],[139.7786208,35.6763971],[139.7786054,35.6764305],[139.7782673,35.676516],[139.7783124,35.6765974],[139.7783639,35.6766906],[139.7783478,35.6767712],[139.7784829,35.6769869],[139.7786143,35.6771966],[139.7787872,35.6774726],[139.7788972,35.6776483],[139.7790136,35.6778341],[139.7790881,35.6779529],[139.7791194,35.6779819],[139.7791354,35.6779967],[139.7792054,35.6780485],[139.7792351,35.6781049],[139.7792081,35.6781658],[139.7793657,35.6784101],[139.7794568,35.6785505],[139.7796038,35.6787768],[139.7800289,35.6794487],[139.7801879,35.6797144],[139.7802088,35.6797176],[139.780284,35.6797294],[139.7803229,35.6797946],[139.7803725,35.6798777],[139.7804299,35.679974],[139.7804127,35.6800395],[139.7804059,35.6800655],[139.780659,35.6805218],[139.780713,35.6805866],[139.7808789,35.6808429],[139.7811522,35.6812778],[139.7812523,35.6814401],[139.7812961,35.6814328],[139.7813208,35.6814763],[139.7816545,35.6812552],[139.782018,35.6809911],[139.7824107,35.6812111],[139.7827478,35.6813929],[139.7832447,35.681663],[139.7836695,35.6818939],[139.7838422,35.6819878],[139.7840441,35.6820975],[139.7840974,35.6821265],[139.7841521,35.6821519],[139.7844547,35.6822923]]},"properties":{"routeId":"osm_route_04_025","originId":"route_origin_tsukishima_kachidoki_001","originName":"Tsukishima Kachidoki controlled route test origin","shelterId":"chuo_official_emergency_025","shelterName":"日本橋区民センター","plateauBuildingId":"13102-bldg-12306","routeDistanceMeters":3360.36,"estimatedTravelTimeSeconds":2800.3,"routeSource":"OSM","routeType":"estimated_pedestrian_route","isOfficialEvacuationRoute":false}},{"type":"Feature","geometry":{"type":"LineString","coordinates":[[139.776876,35.6586848],[139.7768879,35.6586733],[139.7769173,35.6586944],[139.7769467,35.6587156],[139.7768947,35.6587721],[139.7768882,35.6587791],[139.7768695,35.6587995],[139.7770919,35.6589561],[139.7771843,35.6590211],[139.7772766,35.6590862],[139.777895,35.6595216],[139.7780005,35.6595936],[139.7781152,35.6594865],[139.778071,35.6594591],[139.7780517,35.6594466],[139.7780772,35.659423],[139.7782179,35.6595183],[139.7787388,35.6598709],[139.7789396,35.6600044],[139.7793224,35.6602661],[139.7795194,35.6604059],[139.7795479,35.6604266],[139.7795857,35.6604541],[139.7799006,35.6607003],[139.7804392,35.6610768],[139.780493,35.6611144],[139.780536,35.6611465],[139.7805826,35.6611813],[139.7806499,35.6612114],[139.7808246,35.6613386],[139.7809673,35.6614424],[139.7815036,35.6618341],[139.7815334,35.6618592],[139.7815708,35.6618902]]},"properties":{"routeId":"osm_route_04_026","originId":"route_origin_tsukishima_kachidoki_001","originName":"Tsukishima Kachidoki controlled route test origin","shelterId":"chuo_official_emergency_026","shelterName":"月島区民センター","plateauBuildingId":"13102-bldg-3852","routeDistanceMeters":600.474,"estimatedTravelTimeSeconds":500.395,"routeSource":"OSM","routeType":"estimated_pedestrian_route","isOfficialEvacuationRoute":false}},{"type":"Feature","geometry":{"type":"LineString","coordinates":[[139.776876,35.6586848],[139.7768879,35.6586733],[139.7769173,35.6586944],[139.7769467,35.6587156],[139.7768947,35.6587721],[139.7768882,35.6587791],[139.7768695,35.6587995],[139.7770919,35.6589561],[139.7771934,35.6588468],[139.7770942,35.6587846],[139.7770682,35.658768],[139.7770833,35.6587531],[139.7769682,35.658677],[139.7767879,35.6585626],[139.7767415,35.6584991],[139.7771418,35.6580954],[139.7771068,35.6580713],[139.777532,35.6576539],[139.7779606,35.6572333],[139.7781658,35.6570408],[139.7782055,35.6569617],[139.7781921,35.6569335],[139.7782705,35.6568907],[139.7781222,35.6567868],[139.7788161,35.656111],[139.7787556,35.6560612],[139.7781801,35.6556685],[139.7781574,35.6556514],[139.7766169,35.6546231],[139.7767398,35.6545026],[139.7769129,35.6543329],[139.7770658,35.6541324],[139.7771286,35.6540648],[139.7770362,35.6540054],[139.7769579,35.653955],[139.7765839,35.6537202],[139.7754653,35.6529945],[139.7743449,35.6522694],[139.7743862,35.6522203],[139.7744539,35.6521539]]},"properties":{"routeId":"osm_route_04_027","originId":"route_origin_tsukishima_kachidoki_001","originName":"Tsukishima Kachidoki controlled route test origin","shelterId":"chuo_official_emergency_027","shelterName":"(旧)ほっとプラザはるみ","plateauBuildingId":"13102-bldg-525","routeDistanceMeters":1142.479,"estimatedTravelTimeSeconds":952.066,"routeSource":"OSM","routeType":"estimated_pedestrian_route","isOfficialEvacuationRoute":false}},{"type":"Feature","geometry":{"type":"LineString","coordinates":[[139.7906705,35.6501133],[139.791068,35.6503791],[139.7910997,35.6503561],[139.7911267,35.6504472],[139.7910519,35.6504888],[139.7911847,35.6506743],[139.79119,35.6507001],[139.7911758,35.6507174],[139.7910352,35.6508093],[139.7910023,35.6508386],[139.7911143,35.6508996],[139.7911431,35.6509165],[139.7911485,35.6509334],[139.7911485,35.6509601],[139.7911632,35.6509786],[139.7912014,35.6510015],[139.7912289,35.651008],[139.7912665,35.6510238],[139.7913262,35.6510711],[139.7912501,35.6511287],[139.791105,35.6513113],[139.7910502,35.6513314],[139.7909245,35.6514464],[139.7908974,35.6514825],[139.7907946,35.6516637],[139.7907571,35.6517275],[139.790951,35.6518568],[139.7910743,35.6519468],[139.7910483,35.6519812],[139.7915769,35.6523366],[139.7916527,35.6523849],[139.7919313,35.6525786],[139.792428,35.6528795],[139.7925025,35.6529325],[139.7924473,35.6529837],[139.7922094,35.6532161],[139.7922596,35.6532566],[139.792025,35.6535356],[139.7919627,35.653591],[139.7919018,35.653651],[139.7918664,35.6536915],[139.7918674,35.6537234],[139.7913726,35.6542786],[139.7913818,35.6542845],[139.7913986,35.6542931],[139.7913589,35.6543302],[139.7912329,35.6544566],[139.7912136,35.6544781],[139.7911796,35.6545146],[139.7912114,35.654536],[139.7912437,35.6545572],[139.7912491,35.6545771],[139.7912839,35.6546005],[139.791303,35.6546147],[139.7912677,35.6546616],[139.7912317,35.6547119],[139.7909996,35.6550259],[139.7909674,35.6550692],[139.7911397,35.6551536],[139.7910937,35.6552132],[139.7910093,35.6552156],[139.7909148,35.6553478],[139.7909148,35.6554807],[139.7909148,35.6555394],[139.7908132,35.655674],[139.7907183,35.6563653],[139.7905328,35.6577178],[139.7904256,35.6584999],[139.7904637,35.6585032],[139.7904627,35.6585598],[139.788394,35.658384],[139.7883359,35.6583794],[139.7883009,35.6585925],[139.7880625,35.6585657],[139.7880489,35.6586495],[139.7880174,35.6588425],[139.7880059,35.658913],[139.7880302,35.6589155],[139.7880398,35.6589584],[139.7878587,35.6604318],[139.787852,35.6604861],[139.7878447,35.6605268],[139.7878413,35.6605457],[139.7878572,35.6605777],[139.7878275,35.6607671],[139.7877299,35.6613894],[139.7876285,35.6616101],[139.787558,35.6617037],[139.7875029,35.6617806],[139.7874066,35.6619021],[139.7849296,35.6641357],[139.7848419,35.6641633],[139.7847386,35.6642492],[139.7846413,35.6643299],[139.7845479,35.6644075],[139.7845454,35.6644292],[139.783821,35.6650962],[139.7838862,35.6651432],[139.7837777,35.6652399],[139.7839507,35.6653677],[139.7838898,35.6655106],[139.7838243,35.6655694],[139.7831271,35.6661953],[139.7830121,35.6662985],[139.7821296,35.6671239],[139.7820797,35.6671043],[139.7819398,35.6671996],[139.7818611,35.6672604],[139.7802997,35.6687027],[139.7803501,35.6688117],[139.780357,35.6689015],[139.7802954,35.6689225],[139.7802561,35.6689376],[139.780426,35.6693078],[139.780604,35.6696899],[139.7808317,35.67018],[139.78084,35.6702372],[139.7808799,35.6705151],[139.7809108,35.6707188],[139.7809318,35.6708572],[139.7809379,35.6708978],[139.7809475,35.6709609],[139.7809967,35.6712857],[139.7810056,35.6713442],[139.7810018,35.671452],[139.7809934,35.6716871],[139.7809918,35.6717319],[139.7809745,35.6722177],[139.780965,35.6724839],[139.7808706,35.672693],[139.7808488,35.6727411],[139.780818,35.6728075],[139.7806777,35.6731098],[139.7806169,35.6731456],[139.7801688,35.6731856],[139.7801635,35.6735837],[139.7801655,35.6740707],[139.7801677,35.6741524],[139.7801618,35.6741893],[139.780144,35.6742253],[139.7799854,35.674476],[139.7799422,35.6745286],[139.7798631,35.6746016],[139.7797951,35.6746616],[139.7791163,35.6752983],[139.7790503,35.6753481],[139.7787425,35.6758662],[139.7785693,35.6761701],[139.7786913,35.6763778],[139.7786208,35.6763971],[139.7786054,35.6764305],[139.7782673,35.676516],[139.7781953,35.676501],[139.7781777,35.6764754],[139.7780803,35.6765079],[139.7779562,35.6765493],[139.7778516,35.6765841],[139.7778299,35.6766246],[139.7773608,35.6768127],[139.7772827,35.676844],[139.7771808,35.6768861],[139.7765646,35.6771409],[139.7762015,35.6772935],[139.7761373,35.6772787],[139.7760628,35.6773088],[139.7759904,35.6773394],[139.7759652,35.6773909],[139.7755801,35.6775481],[139.7751669,35.677714],[139.7750974,35.677742],[139.7744664,35.6779957],[139.7743828,35.6780293],[139.7743503,35.6780424],[139.7743004,35.6780625],[139.7739471,35.6782045],[139.7738176,35.6781707],[139.773725,35.6782006],[139.7735117,35.6782785],[139.7734209,35.6783059],[139.7733457,35.6784122],[139.7730235,35.6785361],[139.7729539,35.678563],[139.7728977,35.6785872],[139.7725571,35.6787344],[139.7725236,35.6787488],[139.772493,35.6787621],[139.7718061,35.6790589],[139.7717293,35.6790637],[139.7716566,35.679031],[139.771624,35.6790437],[139.771586,35.6790584],[139.7714944,35.6790939],[139.7714692,35.6791037],[139.7714411,35.6791146],[139.7714249,35.6791671],[139.771393,35.6792102],[139.7713465,35.6792295],[139.7710121,35.679368],[139.770408,35.6796183],[139.7703114,35.6796566],[139.7702124,35.6796977],[139.769798,35.6798697],[139.7694137,35.6800292],[139.7693536,35.6800542],[139.7692883,35.6800482],[139.7692429,35.6800285],[139.7690615,35.6797207],[139.7687571,35.679553],[139.7687159,35.6794886],[139.7689789,35.6793855],[139.7691166,35.6795958],[139.7691723,35.6795739],[139.7688519,35.6790668],[139.7688061,35.6790859],[139.7689475,35.679319],[139.7690351,35.6792853]]},"properties":{"routeId":"osm_route_05_001","originId":"route_origin_harumi_waterfront_far_001","originName":"Harumi waterfront far controlled route test origin","shelterId":"chuo_official_emergency_001","shelterName":"城東小学校","plateauBuildingId":"13102-bldg-3742","routeDistanceMeters":4999.271,"estimatedTravelTimeSeconds":4166.059,"routeSource":"OSM","routeType":"estimated_pedestrian_route","isOfficialEvacuationRoute":false}},{"type":"Feature","geometry":{"type":"LineString","coordinates":[[139.7906705,35.6501133],[139.791068,35.6503791],[139.7910997,35.6503561],[139.7911267,35.6504472],[139.7910519,35.6504888],[139.7911847,35.6506743],[139.79119,35.6507001],[139.7911758,35.6507174],[139.7910352,35.6508093],[139.7910023,35.6508386],[139.7911143,35.6508996],[139.7911431,35.6509165],[139.7911485,35.6509334],[139.7911485,35.6509601],[139.7911632,35.6509786],[139.7912014,35.6510015],[139.7912289,35.651008],[139.7912665,35.6510238],[139.7913262,35.6510711],[139.7912501,35.6511287],[139.791105,35.6513113],[139.7910502,35.6513314],[139.7909245,35.6514464],[139.7908974,35.6514825],[139.7907946,35.6516637],[139.7907571,35.6517275],[139.790951,35.6518568],[139.7910743,35.6519468],[139.7910483,35.6519812],[139.7915769,35.6523366],[139.7916527,35.6523849],[139.7919313,35.6525786],[139.792428,35.6528795],[139.7925025,35.6529325],[139.7924473,35.6529837],[139.7922094,35.6532161],[139.7922596,35.6532566],[139.792025,35.6535356],[139.7919627,35.653591],[139.7919018,35.653651],[139.7918664,35.6536915],[139.7918674,35.6537234],[139.7913726,35.6542786],[139.7913818,35.6542845],[139.7913986,35.6542931],[139.7913589,35.6543302],[139.7912329,35.6544566],[139.7912136,35.6544781],[139.7911796,35.6545146],[139.7912114,35.654536],[139.7912437,35.6545572],[139.7912491,35.6545771],[139.7912839,35.6546005],[139.791303,35.6546147],[139.7912677,35.6546616],[139.7912317,35.6547119],[139.7909996,35.6550259],[139.7909674,35.6550692],[139.7911397,35.6551536],[139.7910937,35.6552132],[139.7910093,35.6552156],[139.7909148,35.6553478],[139.7909148,35.6554807],[139.7909148,35.6555394],[139.7908132,35.655674],[139.7907183,35.6563653],[139.7905328,35.6577178],[139.7904256,35.6584999],[139.7904637,35.6585032],[139.7904627,35.6585598],[139.788394,35.658384],[139.7883359,35.6583794],[139.7883009,35.6585925],[139.7880625,35.6585657],[139.7880489,35.6586495],[139.7880174,35.6588425],[139.7880059,35.658913],[139.7880302,35.6589155],[139.7880398,35.6589584],[139.7878587,35.6604318],[139.787852,35.6604861],[139.7878447,35.6605268],[139.7878413,35.6605457],[139.7878572,35.6605777],[139.7878275,35.6607671],[139.7877299,35.6613894],[139.7876285,35.6616101],[139.787558,35.6617037],[139.7875029,35.6617806],[139.7874066,35.6619021],[139.7849296,35.6641357],[139.7848419,35.6641633],[139.7847386,35.6642492],[139.7846413,35.6643299],[139.7845479,35.6644075],[139.7845454,35.6644292],[139.783821,35.6650962],[139.7838862,35.6651432],[139.7837777,35.6652399],[139.7836858,35.6652479],[139.7836214,35.6653051],[139.7836229,35.6653336],[139.7819924,35.6668098],[139.7819849,35.6668179],[139.7818127,35.6670062],[139.7818062,35.6670121],[139.7802156,35.6684632],[139.7801956,35.6684749],[139.7801612,35.6683983],[139.7800778,35.6684218],[139.7801175,35.66851],[139.780128,35.6685334],[139.7799966,35.6686296],[139.7796212,35.6688639],[139.778888,35.6690736],[139.7787745,35.6691305],[139.7786306,35.6691686],[139.7779676,35.6693418],[139.7773313,35.6695071],[139.7772501,35.6695606],[139.7757969,35.669959],[139.7752207,35.6701164],[139.7750147,35.6701725],[139.7749171,35.6702526],[139.7748315,35.6702847],[139.7747038,35.6703355],[139.7745089,35.6704114],[139.7742225,35.6705349],[139.7737385,35.6707429],[139.7733374,35.6709162],[139.7732335,35.6709605],[139.7731331,35.671],[139.7729376,35.671088],[139.7729246,35.6711544],[139.7726401,35.671268],[139.7726074,35.6712811],[139.7723676,35.6713768],[139.7722535,35.6714313],[139.7722578,35.671451],[139.7726317,35.6722283],[139.772598,35.672238],[139.7724222,35.6723223],[139.7720943,35.6724796],[139.7719039,35.6725709],[139.7719144,35.6726051],[139.7719298,35.6726512],[139.7718982,35.672672],[139.7718888,35.6726971],[139.7719063,35.6727069],[139.7720503,35.6731575],[139.7719803,35.6731709]]},"properties":{"routeId":"osm_route_05_002","originId":"route_origin_harumi_waterfront_far_001","originName":"Harumi waterfront far controlled route test origin","shelterId":"chuo_official_emergency_002","shelterName":"京橋プラザ","plateauBuildingId":"13102-bldg-8069","routeDistanceMeters":3854.324,"estimatedTravelTimeSeconds":3211.937,"routeSource":"OSM","routeType":"estimated_pedestrian_route","isOfficialEvacuationRoute":false}},{"type":"Feature","geometry":{"type":"LineString","coordinates":[[139.7906705,35.6501133],[139.791068,35.6503791],[139.7910997,35.6503561],[139.7911974,35.6502852],[139.7913437,35.6502026],[139.7914826,35.650149],[139.7915438,35.6501258],[139.7914228,35.6499646],[139.791114,35.6496445],[139.7908174,35.6493811],[139.7907976,35.6493645],[139.7899312,35.650071],[139.7893556,35.649702],[139.788466,35.6490806],[139.7883976,35.649057],[139.7883353,35.649116],[139.7876885,35.6497279],[139.7874134,35.6500102],[139.7866534,35.6508765],[139.7863783,35.6511615],[139.7851196,35.6524106],[139.7849133,35.6526342],[139.7842652,35.6533152],[139.784156,35.6534179],[139.7840699,35.6535063],[139.7840538,35.6535189],[139.7837665,35.6537447],[139.7832596,35.6542084],[139.7832087,35.6541859],[139.7831406,35.6542365],[139.7828125,35.6545219],[139.7824542,35.6548741],[139.7822204,35.6550778],[139.782103,35.6550966],[139.7820338,35.6551682],[139.7819363,35.6552624],[139.7817844,35.6554124],[139.7816743,35.6555235],[139.7812499,35.6559345],[139.7807632,35.65641],[139.7805659,35.6566028],[139.7801082,35.6570499],[139.7794593,35.657669],[139.7790988,35.6580131],[139.7787687,35.6583282],[139.7787434,35.6583531],[139.7786572,35.6584381],[139.7785781,35.658516],[139.7784838,35.6584569],[139.7781432,35.6587843],[139.7777647,35.6591437],[139.7776578,35.6592449],[139.7775802,35.6593169],[139.7774597,35.6594303],[139.7771006,35.6597937],[139.7767796,35.6601287],[139.7766982,35.660213],[139.7766257,35.6602968],[139.7763032,35.6606541],[139.7756774,35.6613478],[139.7740456,35.6631346],[139.7736655,35.6634805],[139.7735808,35.6635602],[139.7728662,35.6642321],[139.7726256,35.6644588],[139.772548,35.6645313],[139.772472,35.6646098],[139.7722273,35.664857],[139.7720045,35.6650833],[139.7717835,35.665308],[139.7715288,35.6655662],[139.7712088,35.6658912],[139.7708996,35.6662051],[139.7707636,35.6663432],[139.770727,35.6663792],[139.7706459,35.6664627],[139.770556,35.6665409],[139.7704561,35.6666279],[139.7704171,35.6665975],[139.7703737,35.6665905],[139.7703429,35.6666254],[139.7696655,35.6671875],[139.7696418,35.6672058],[139.7696071,35.6672326],[139.7695727,35.6672602],[139.7695454,35.6672821],[139.7695226,35.6673102],[139.7694636,35.6673601],[139.7691625,35.667615],[139.7691338,35.6676262],[139.7691122,35.6676422],[139.7690844,35.6676628],[139.7690706,35.6676853],[139.7686924,35.6679991],[139.7686703,35.6680065],[139.7686176,35.6680241],[139.7685928,35.6680557],[139.7685655,35.6680942],[139.7685398,35.6681271],[139.7682528,35.6683695],[139.7682427,35.6683771],[139.7682071,35.6683996],[139.7681522,35.6684338],[139.768117,35.6684453],[139.7681157,35.6684686],[139.7681043,35.6685051],[139.7677335,35.6688119],[139.7677135,35.6688368],[139.7676928,35.6688558],[139.7676637,35.6688818],[139.7676397,35.6689142],[139.7674317,35.6690972],[139.7674122,35.6691147],[139.767382,35.6691419],[139.767189,35.669314],[139.7671553,35.6693225],[139.7671286,35.6693293],[139.7670709,35.6693304],[139.7670374,35.6693228],[139.767015,35.6693413],[139.7669926,35.6693599],[139.766817,35.6695049],[139.7667613,35.6695474],[139.7667391,35.6695643],[139.7667525,35.6695948],[139.7667525,35.6696362],[139.7667491,35.6696483],[139.7667391,35.6696842],[139.7665556,35.6698375],[139.76655,35.6698422],[139.7665124,35.6698741],[139.7664841,35.6698978],[139.7664615,35.6698801],[139.7664315,35.6698783],[139.7664063,35.6698832],[139.7663265,35.6699547],[139.7662605,35.669968],[139.7660245,35.6700155],[139.7653191,35.6694954],[139.7652703,35.6694588],[139.76508,35.6695999],[139.7650265,35.6696399],[139.7649606,35.6696862],[139.7645762,35.6699456],[139.7641677,35.6702429],[139.7641027,35.6702856],[139.7640459,35.6703246],[139.7639713,35.6703769],[139.7639285,35.6704079],[139.7636402,35.6706166],[139.7633034,35.6708462],[139.762963,35.671084],[139.762918,35.6711155],[139.7628749,35.6711457],[139.7625609,35.6713659],[139.762379,35.671501],[139.7622976,35.6715614],[139.7622676,35.6715825],[139.7622324,35.6716066],[139.762143,35.6716654],[139.7618293,35.6718817],[139.7617555,35.6719138],[139.7613478,35.6719571]]},"properties":{"routeId":"osm_route_05_003","originId":"route_origin_harumi_waterfront_far_001","originName":"Harumi waterfront far controlled route test origin","shelterId":"chuo_official_emergency_003","shelterName":"泰明小学校","plateauBuildingId":"13102-bldg-5702","routeDistanceMeters":4177.698,"estimatedTravelTimeSeconds":3481.415,"routeSource":"OSM","routeType":"estimated_pedestrian_route","isOfficialEvacuationRoute":false}},{"type":"Feature","geometry":{"type":"LineString","coordinates":[[139.7906705,35.6501133],[139.791068,35.6503791],[139.7910997,35.6503561],[139.7911974,35.6502852],[139.7913437,35.6502026],[139.7914826,35.650149],[139.7915438,35.6501258],[139.7914228,35.6499646],[139.791114,35.6496445],[139.7908174,35.6493811],[139.7907976,35.6493645],[139.7899312,35.650071],[139.7893556,35.649702],[139.788466,35.6490806],[139.7883976,35.649057],[139.7883353,35.649116],[139.7876885,35.6497279],[139.7874134,35.6500102],[139.7866534,35.6508765],[139.7863783,35.6511615],[139.7851196,35.6524106],[139.7849133,35.6526342],[139.7842652,35.6533152],[139.784156,35.6534179],[139.7840699,35.6535063],[139.7840538,35.6535189],[139.7837665,35.6537447],[139.7832596,35.6542084],[139.7832087,35.6541859],[139.7831406,35.6542365],[139.7828125,35.6545219],[139.7824542,35.6548741],[139.7822204,35.6550778],[139.782103,35.6550966],[139.7820338,35.6551682],[139.7819363,35.6552624],[139.7817844,35.6554124],[139.7816743,35.6555235],[139.7812499,35.6559345],[139.7807632,35.65641],[139.7805659,35.6566028],[139.7801082,35.6570499],[139.7794593,35.657669],[139.7790988,35.6580131],[139.7787687,35.6583282],[139.7787434,35.6583531],[139.7786572,35.6584381],[139.7785781,35.658516],[139.7784838,35.6584569],[139.7781432,35.6587843],[139.7777647,35.6591437],[139.7776578,35.6592449],[139.7775802,35.6593169],[139.7774597,35.6594303],[139.7771006,35.6597937],[139.7767796,35.6601287],[139.7766982,35.660213],[139.7766257,35.6602968],[139.7765627,35.6602559],[139.7762368,35.6605751],[139.7762155,35.660597],[139.7761952,35.6606178],[139.7758322,35.6610402],[139.775658,35.6612282],[139.7756481,35.6612773],[139.7756231,35.6613079],[139.7739874,35.663083],[139.7736641,35.6633815],[139.7735886,35.6634449],[139.7735138,35.6635108],[139.7725819,35.6643771],[139.7725516,35.6644052],[139.7725076,35.6644078],[139.7724512,35.6644582],[139.7721666,35.6642469],[139.7721117,35.6642951],[139.7718199,35.6645511],[139.7715741,35.6647668],[139.7712277,35.6645121],[139.7709036,35.6642738],[139.7708516,35.6643246],[139.7707309,35.6644292],[139.7707054,35.6644543],[139.770692,35.6644658],[139.7706476,35.6645027],[139.7704801,35.6646515],[139.7704426,35.6646864],[139.7704164,35.6647087],[139.7703813,35.6646819],[139.7700501,35.6649904],[139.7697262,35.6652922],[139.7696322,35.6653798],[139.769589,35.665356],[139.769553,35.6653355],[139.769492,35.6653121],[139.7694444,35.6653044],[139.769374,35.6653061],[139.7693364,35.6653175],[139.7693202,35.6653288],[139.768936,35.6649804],[139.768218,35.664326],[139.7681122,35.6642296],[139.7680481,35.6642721],[139.7679379,35.6643453],[139.7678552,35.6644002],[139.7677653,35.6643931],[139.7677036,35.6644062],[139.7676553,35.6643622],[139.7675954,35.6643076],[139.7665551,35.6650961],[139.7665001,35.6651388],[139.7661664,35.6654071],[139.7659087,35.665607],[139.7657427,35.665746],[139.7656951,35.665707],[139.7656688,35.665729],[139.7653349,35.6660144],[139.7653135,35.6660227],[139.7652934,35.6660224],[139.7652696,35.6660396],[139.7652391,35.6660628],[139.765019,35.6658831],[139.764987,35.6659096],[139.764969,35.6658947],[139.7647666,35.6657447]]},"properties":{"routeId":"osm_route_05_004","originId":"route_origin_harumi_waterfront_far_001","originName":"Harumi waterfront far controlled route test origin","shelterId":"chuo_official_emergency_004","shelterName":"銀座中学校","plateauBuildingId":"13102-bldg-3140","routeDistanceMeters":3738.838,"estimatedTravelTimeSeconds":3115.698,"routeSource":"OSM","routeType":"estimated_pedestrian_route","isOfficialEvacuationRoute":false}},{"type":"Feature","geometry":{"type":"LineString","coordinates":[[139.7906705,35.6501133],[139.791068,35.6503791],[139.7910997,35.6503561],[139.7911267,35.6504472],[139.7910519,35.6504888],[139.7911847,35.6506743],[139.79119,35.6507001],[139.7911758,35.6507174],[139.7910352,35.6508093],[139.7910023,35.6508386],[139.7911143,35.6508996],[139.7911431,35.6509165],[139.7911485,35.6509334],[139.7911485,35.6509601],[139.7911632,35.6509786],[139.7912014,35.6510015],[139.7912289,35.651008],[139.7912665,35.6510238],[139.7913262,35.6510711],[139.7912501,35.6511287],[139.791105,35.6513113],[139.7910502,35.6513314],[139.7909245,35.6514464],[139.7908974,35.6514825],[139.7907946,35.6516637],[139.7907571,35.6517275],[139.790951,35.6518568],[139.7910743,35.6519468],[139.7910483,35.6519812],[139.7915769,35.6523366],[139.7916527,35.6523849],[139.7919313,35.6525786],[139.792428,35.6528795],[139.7925025,35.6529325],[139.7924473,35.6529837],[139.7922094,35.6532161],[139.7922596,35.6532566],[139.792025,35.6535356],[139.7919627,35.653591],[139.7919018,35.653651],[139.7918664,35.6536915],[139.7918674,35.6537234],[139.7913726,35.6542786],[139.7913818,35.6542845],[139.7913986,35.6542931],[139.7913589,35.6543302],[139.7912329,35.6544566],[139.7912136,35.6544781],[139.7911796,35.6545146],[139.7912114,35.654536],[139.7912437,35.6545572],[139.7912491,35.6545771],[139.7912839,35.6546005],[139.791303,35.6546147],[139.7912677,35.6546616],[139.7912317,35.6547119],[139.7909996,35.6550259],[139.7909674,35.6550692],[139.7911397,35.6551536],[139.7910937,35.6552132],[139.7910093,35.6552156],[139.7909148,35.6553478],[139.7909148,35.6554807],[139.7909148,35.6555394],[139.7908132,35.655674],[139.7907183,35.6563653],[139.7905328,35.6577178],[139.7904256,35.6584999],[139.7904637,35.6585032],[139.7904627,35.6585598],[139.788394,35.658384],[139.7883359,35.6583794],[139.7883009,35.6585925],[139.7880625,35.6585657],[139.7880489,35.6586495],[139.7880174,35.6588425],[139.7880059,35.658913],[139.7880302,35.6589155],[139.7880398,35.6589584],[139.7878587,35.6604318],[139.787852,35.6604861],[139.7878447,35.6605268],[139.7878413,35.6605457],[139.7878572,35.6605777],[139.7878275,35.6607671],[139.7877299,35.6613894],[139.7876285,35.6616101],[139.787558,35.6617037],[139.7875029,35.6617806],[139.7874066,35.6619021],[139.7849296,35.6641357],[139.7848419,35.6641633],[139.7847386,35.6642492],[139.7846413,35.6643299],[139.7845479,35.6644075],[139.7845454,35.6644292],[139.783821,35.6650962],[139.7838862,35.6651432],[139.7837777,35.6652399],[139.7836858,35.6652479],[139.7836214,35.6653051],[139.7836229,35.6653336],[139.7819924,35.6668098],[139.7819849,35.6668179],[139.7818127,35.6670062],[139.7818062,35.6670121],[139.7802156,35.6684632],[139.7801956,35.6684749],[139.7801612,35.6683983],[139.7800778,35.6684218],[139.7801175,35.66851],[139.780128,35.6685334],[139.7799966,35.6686296],[139.7796212,35.6688639],[139.778888,35.6690736],[139.7787745,35.6691305],[139.7787605,35.6693304],[139.7787682,35.6693936],[139.7787832,35.6694604],[139.7788773,35.669711],[139.7789845,35.6699889],[139.7790919,35.6702572],[139.7790985,35.6702762],[139.7791631,35.6704544],[139.7792425,35.6706553],[139.7792771,35.6707287],[139.7793803,35.6709019],[139.7794105,35.6709541],[139.7794387,35.6710029],[139.7795349,35.6711733],[139.7792442,35.6712496],[139.7792515,35.6714964],[139.779259,35.6717468],[139.7792601,35.6717886],[139.7792678,35.6722732],[139.7792688,35.6723073],[139.7789091,35.6723783]]},"properties":{"routeId":"osm_route_05_005","originId":"route_origin_harumi_waterfront_far_001","originName":"Harumi waterfront far controlled route test origin","shelterId":"chuo_official_emergency_005","shelterName":"中央小学校","plateauBuildingId":"13102-bldg-3228","routeDistanceMeters":3376.36,"estimatedTravelTimeSeconds":2813.633,"routeSource":"OSM","routeType":"estimated_pedestrian_route","isOfficialEvacuationRoute":false}},{"type":"Feature","geometry":{"type":"LineString","coordinates":[[139.7906705,35.6501133],[139.791068,35.6503791],[139.7910997,35.6503561],[139.7911267,35.6504472],[139.7910519,35.6504888],[139.7911847,35.6506743],[139.79119,35.6507001],[139.7911758,35.6507174],[139.7910352,35.6508093],[139.7910023,35.6508386],[139.7911143,35.6508996],[139.7911431,35.6509165],[139.7911485,35.6509334],[139.7911485,35.6509601],[139.7911632,35.6509786],[139.7912014,35.6510015],[139.7912289,35.651008],[139.7912665,35.6510238],[139.7913262,35.6510711],[139.7912501,35.6511287],[139.791105,35.6513113],[139.7910502,35.6513314],[139.7909245,35.6514464],[139.7908974,35.6514825],[139.7907946,35.6516637],[139.7907571,35.6517275],[139.790951,35.6518568],[139.7910743,35.6519468],[139.7910483,35.6519812],[139.7915769,35.6523366],[139.7916527,35.6523849],[139.7919313,35.6525786],[139.792428,35.6528795],[139.7925025,35.6529325],[139.7924473,35.6529837],[139.7922094,35.6532161],[139.7922596,35.6532566],[139.792025,35.6535356],[139.7919627,35.653591],[139.7919018,35.653651],[139.7918664,35.6536915],[139.7918674,35.6537234],[139.7913726,35.6542786],[139.7913818,35.6542845],[139.7913986,35.6542931],[139.7913589,35.6543302],[139.7912329,35.6544566],[139.7912136,35.6544781],[139.7911796,35.6545146],[139.7912114,35.654536],[139.7912437,35.6545572],[139.7912491,35.6545771],[139.7912839,35.6546005],[139.791303,35.6546147],[139.7912677,35.6546616],[139.7912317,35.6547119],[139.7909996,35.6550259],[139.7909674,35.6550692],[139.7911397,35.6551536],[139.7910937,35.6552132],[139.7910093,35.6552156],[139.7909148,35.6553478],[139.7909148,35.6554807],[139.7909148,35.6555394],[139.7908132,35.655674],[139.7907183,35.6563653],[139.7905328,35.6577178],[139.7904256,35.6584999],[139.7904637,35.6585032],[139.7904627,35.6585598],[139.788394,35.658384],[139.7883359,35.6583794],[139.7883009,35.6585925],[139.7880625,35.6585657],[139.7880489,35.6586495],[139.7880174,35.6588425],[139.7880059,35.658913],[139.7880302,35.6589155],[139.7880398,35.6589584],[139.7878587,35.6604318],[139.787852,35.6604861],[139.7878447,35.6605268],[139.7878413,35.6605457],[139.7878572,35.6605777],[139.7878275,35.6607671],[139.7877299,35.6613894],[139.7876285,35.6616101],[139.787558,35.6617037],[139.7875029,35.6617806],[139.7874066,35.6619021],[139.7849296,35.6641357],[139.7848419,35.6641633],[139.7847386,35.6642492],[139.7846413,35.6643299],[139.7845479,35.6644075],[139.7845454,35.6644292],[139.783821,35.6650962],[139.7838862,35.6651432],[139.7837777,35.6652399],[139.7836858,35.6652479],[139.7836214,35.6653051],[139.7836229,35.6653336],[139.7819924,35.6668098],[139.7819849,35.6668179],[139.7818127,35.6670062],[139.7818062,35.6670121],[139.7802156,35.6684632],[139.7801956,35.6684749],[139.7801612,35.6683983],[139.7800778,35.6684218],[139.7801175,35.66851],[139.780128,35.6685334],[139.7799966,35.6686296],[139.7796212,35.6688639],[139.778888,35.6690736],[139.7788716,35.6690184],[139.7788551,35.6690223],[139.7787654,35.669043],[139.7786458,35.6687644],[139.7785268,35.668793],[139.7783964,35.6684828],[139.7777048,35.6686587],[139.7776144,35.6684388],[139.7776007,35.6684282],[139.7774505,35.6684471],[139.7772622,35.6684939],[139.7769129,35.6685806],[139.7768523,35.6685957]]},"properties":{"routeId":"osm_route_05_006","originId":"route_origin_harumi_waterfront_far_001","originName":"Harumi waterfront far controlled route test origin","shelterId":"chuo_official_emergency_006","shelterName":"明石小学校","plateauBuildingId":"13102-bldg-3751","routeDistanceMeters":3206.128,"estimatedTravelTimeSeconds":2671.773,"routeSource":"OSM","routeType":"estimated_pedestrian_route","isOfficialEvacuationRoute":false}},{"type":"Feature","geometry":{"type":"LineString","coordinates":[[139.7906705,35.6501133],[139.791068,35.6503791],[139.7910997,35.6503561],[139.7911974,35.6502852],[139.7913437,35.6502026],[139.7914826,35.650149],[139.7915438,35.6501258],[139.7914228,35.6499646],[139.791114,35.6496445],[139.7908174,35.6493811],[139.7907976,35.6493645],[139.7899312,35.650071],[139.7893556,35.649702],[139.788466,35.6490806],[139.7883976,35.649057],[139.7883353,35.649116],[139.7876885,35.6497279],[139.7874134,35.6500102],[139.7866534,35.6508765],[139.7863783,35.6511615],[139.7851196,35.6524106],[139.7849133,35.6526342],[139.7842652,35.6533152],[139.784156,35.6534179],[139.7840699,35.6535063],[139.7840538,35.6535189],[139.7837665,35.6537447],[139.7832596,35.6542084],[139.7829609,35.6544816],[139.7829364,35.6545294],[139.7828881,35.6545729],[139.782802,35.6546503],[139.7827619,35.6546503],[139.7825055,35.6549096],[139.7821817,35.6551913],[139.7821643,35.6552443],[139.7821668,35.6552693],[139.7820747,35.6553605],[139.781925,35.6555089],[139.7818444,35.6555887],[139.7817684,35.655589],[139.7813589,35.6560045],[139.7811244,35.6562572],[139.7809267,35.6564512],[139.7806922,35.6566814],[139.7804277,35.6569306],[139.7802372,35.6570157],[139.7795695,35.657704],[139.7791764,35.6580675],[139.7788288,35.6584128],[139.778779,35.6584622],[139.7787418,35.6584966],[139.778699,35.658536],[139.7786522,35.6585625],[139.7783561,35.6588711],[139.7783222,35.6589061],[139.7782891,35.6589403],[139.7779629,35.659276],[139.7779605,35.659344],[139.7778868,35.6594142],[139.777808,35.6594852],[139.7777184,35.6595658],[139.7776637,35.6595676],[139.7769872,35.6602614],[139.7769414,35.6603166],[139.7769064,35.6603554],[139.7768688,35.6603921],[139.7768306,35.6604295],[139.7759147,35.6613254],[139.7758181,35.6614199],[139.7751894,35.6621137],[139.7747543,35.6625799],[139.7741869,35.6632034],[139.7741249,35.6632818],[139.7739297,35.6634784],[139.7739257,35.6634843],[139.7739235,35.6634901],[139.7739219,35.6634974],[139.7739217,35.6635043],[139.7739227,35.6635123],[139.7739258,35.6635198],[139.7738855,35.6635826],[139.7738518,35.6636347],[139.7738311,35.6636378],[139.7737667,35.6636972],[139.7735952,35.6638555],[139.7733821,35.6640527],[139.7733702,35.6640724],[139.7733461,35.6640958],[139.7733126,35.6641238],[139.7732881,35.6641344],[139.7730441,35.6643676],[139.7727937,35.6645815],[139.7727869,35.664621],[139.7727352,35.6646678],[139.7726887,35.6647186],[139.7726481,35.6647288],[139.7721648,35.6652162],[139.772026,35.6653568],[139.7719628,35.6654206],[139.7717246,35.665661],[139.7717049,35.6656809],[139.7713805,35.6660088],[139.7715821,35.6661565],[139.7717129,35.6662523],[139.7717672,35.6663613],[139.7718227,35.6664073],[139.7719015,35.666469],[139.7718972,35.6668087],[139.7718178,35.6668782],[139.771694,35.6669833],[139.7715896,35.667072],[139.7715701,35.6670886],[139.7715109,35.667143],[139.7720092,35.6675355],[139.7719316,35.6676099],[139.7718625,35.6676761],[139.7718812,35.6676916],[139.7718811,35.6677362],[139.7718664,35.667758],[139.7710363,35.6683387]]},"properties":{"routeId":"osm_route_05_007","originId":"route_origin_harumi_waterfront_far_001","originName":"Harumi waterfront far controlled route test origin","shelterId":"chuo_official_emergency_007","shelterName":"京橋築地小学校","plateauBuildingId":"13102-bldg-2853","routeDistanceMeters":3295.794,"estimatedTravelTimeSeconds":2746.495,"routeSource":"OSM","routeType":"estimated_pedestrian_route","isOfficialEvacuationRoute":false}},{"type":"Feature","geometry":{"type":"LineString","coordinates":[[139.7906705,35.6501133],[139.791068,35.6503791],[139.7910997,35.6503561],[139.7911267,35.6504472],[139.7910519,35.6504888],[139.7911847,35.6506743],[139.79119,35.6507001],[139.7911758,35.6507174],[139.7910352,35.6508093],[139.7910023,35.6508386],[139.7911143,35.6508996],[139.7911431,35.6509165],[139.7911485,35.6509334],[139.7911485,35.6509601],[139.7911632,35.6509786],[139.7912014,35.6510015],[139.7912289,35.651008],[139.7912665,35.6510238],[139.7913262,35.6510711],[139.7912501,35.6511287],[139.791105,35.6513113],[139.7910502,35.6513314],[139.7909245,35.6514464],[139.7908974,35.6514825],[139.7907946,35.6516637],[139.7907571,35.6517275],[139.790951,35.6518568],[139.7910743,35.6519468],[139.7910483,35.6519812],[139.7915769,35.6523366],[139.7916527,35.6523849],[139.7919313,35.6525786],[139.792428,35.6528795],[139.7925025,35.6529325],[139.7924473,35.6529837],[139.7922094,35.6532161],[139.7922596,35.6532566],[139.792025,35.6535356],[139.7919627,35.653591],[139.7919018,35.653651],[139.7918664,35.6536915],[139.7918674,35.6537234],[139.7913726,35.6542786],[139.7913818,35.6542845],[139.7913986,35.6542931],[139.7913589,35.6543302],[139.7912329,35.6544566],[139.7912136,35.6544781],[139.7911796,35.6545146],[139.7912114,35.654536],[139.7912437,35.6545572],[139.7912491,35.6545771],[139.7912839,35.6546005],[139.791303,35.6546147],[139.7912677,35.6546616],[139.7912317,35.6547119],[139.7909996,35.6550259],[139.7909674,35.6550692],[139.7911397,35.6551536],[139.7910937,35.6552132],[139.7910093,35.6552156],[139.7909148,35.6553478],[139.7909148,35.6554807],[139.7909148,35.6555394],[139.7908132,35.655674],[139.7907183,35.6563653],[139.7905328,35.6577178],[139.7904256,35.6584999],[139.7904637,35.6585032],[139.7904627,35.6585598],[139.788394,35.658384],[139.7883359,35.6583794],[139.7883009,35.6585925],[139.7880625,35.6585657],[139.7880489,35.6586495],[139.7880174,35.6588425],[139.7880059,35.658913],[139.7880302,35.6589155],[139.7880398,35.6589584],[139.7878587,35.6604318],[139.787852,35.6604861],[139.7878447,35.6605268],[139.7878413,35.6605457],[139.7878572,35.6605777],[139.7878275,35.6607671],[139.7877299,35.6613894],[139.7876285,35.6616101],[139.787558,35.6617037],[139.7875029,35.6617806],[139.7874066,35.6619021],[139.7849296,35.6641357],[139.7848419,35.6641633],[139.7847386,35.6642492],[139.7846413,35.6643299],[139.7845479,35.6644075],[139.7845454,35.6644292],[139.783821,35.6650962],[139.7838862,35.6651432],[139.7837777,35.6652399],[139.7836858,35.6652479],[139.7836214,35.6653051],[139.7836229,35.6653336],[139.7819924,35.6668098],[139.7819849,35.6668179],[139.7818127,35.6670062],[139.7818062,35.6670121],[139.7802156,35.6684632],[139.7801956,35.6684749],[139.7801612,35.6683983],[139.7800778,35.6684218],[139.7801175,35.66851],[139.780128,35.6685334],[139.7799966,35.6686296],[139.7796212,35.6688639],[139.778888,35.6690736],[139.7787745,35.6691305],[139.7787605,35.6693304],[139.7787682,35.6693936],[139.7787832,35.6694604],[139.7788773,35.669711],[139.7789845,35.6699889],[139.7790919,35.6702572],[139.7790985,35.6702762],[139.7791631,35.6704544],[139.7792425,35.6706553],[139.7792771,35.6707287],[139.7793803,35.6709019],[139.7794105,35.6709541],[139.7794387,35.6710029],[139.7795349,35.6711733],[139.7792442,35.6712496],[139.7792515,35.6714964],[139.779259,35.6717468],[139.7788212,35.6718687],[139.7783356,35.6720038],[139.7782704,35.672022],[139.7782265,35.6720342],[139.7781701,35.6720496],[139.7775386,35.6722228],[139.7767852,35.6724275],[139.7761945,35.6725934],[139.77622,35.6726483],[139.7762066,35.6726821],[139.7762592,35.67281],[139.7761866,35.6728302],[139.7760545,35.6728664],[139.7760988,35.6729807],[139.7761428,35.6730877],[139.7761862,35.6731917],[139.7762763,35.6734059],[139.7765656,35.6740763],[139.7765023,35.6741418],[139.7763014,35.6741479],[139.7758486,35.6741559],[139.7758242,35.6741903],[139.775834,35.6745089],[139.7758361,35.6745574],[139.7757643,35.6745593],[139.7757653,35.6745919],[139.7757663,35.6746598],[139.7757689,35.6747124]]},"properties":{"routeId":"osm_route_05_008","originId":"route_origin_harumi_waterfront_far_001","originName":"Harumi waterfront far controlled route test origin","shelterId":"chuo_official_emergency_008","shelterName":"京華スクエア","plateauBuildingId":"13102-bldg-8277","routeDistanceMeters":3897.316,"estimatedTravelTimeSeconds":3247.763,"routeSource":"OSM","routeType":"estimated_pedestrian_route","isOfficialEvacuationRoute":false}},{"type":"Feature","geometry":{"type":"LineString","coordinates":[[139.7906705,35.6501133],[139.791068,35.6503791],[139.7910997,35.6503561],[139.7911267,35.6504472],[139.7910519,35.6504888],[139.7911847,35.6506743],[139.79119,35.6507001],[139.7911758,35.6507174],[139.7910352,35.6508093],[139.7910023,35.6508386],[139.7911143,35.6508996],[139.7911431,35.6509165],[139.7911485,35.6509334],[139.7911485,35.6509601],[139.7911632,35.6509786],[139.7912014,35.6510015],[139.7912289,35.651008],[139.7912665,35.6510238],[139.7913262,35.6510711],[139.7912501,35.6511287],[139.791105,35.6513113],[139.7910502,35.6513314],[139.7909245,35.6514464],[139.7908974,35.6514825],[139.7907946,35.6516637],[139.7907571,35.6517275],[139.790951,35.6518568],[139.7910743,35.6519468],[139.7910483,35.6519812],[139.7915769,35.6523366],[139.7916527,35.6523849],[139.7919313,35.6525786],[139.792428,35.6528795],[139.7925025,35.6529325],[139.7924473,35.6529837],[139.7922094,35.6532161],[139.7922596,35.6532566],[139.792025,35.6535356],[139.7919627,35.653591],[139.7919018,35.653651],[139.7918664,35.6536915],[139.7918674,35.6537234],[139.7913726,35.6542786],[139.7913818,35.6542845],[139.7913986,35.6542931],[139.7913589,35.6543302],[139.7912329,35.6544566],[139.7912136,35.6544781],[139.7911796,35.6545146],[139.7912114,35.654536],[139.7912437,35.6545572],[139.7912491,35.6545771],[139.7912839,35.6546005],[139.791303,35.6546147],[139.7912677,35.6546616],[139.7912317,35.6547119],[139.7909996,35.6550259],[139.7909674,35.6550692],[139.7911397,35.6551536],[139.7910937,35.6552132],[139.7910093,35.6552156],[139.7909148,35.6553478],[139.7909148,35.6554807],[139.7909148,35.6555394],[139.7908132,35.655674],[139.7907183,35.6563653],[139.7905328,35.6577178],[139.7904256,35.6584999],[139.7904637,35.6585032],[139.7904627,35.6585598],[139.788394,35.658384],[139.7883359,35.6583794],[139.7883009,35.6585925],[139.7880625,35.6585657],[139.7880489,35.6586495],[139.7880174,35.6588425],[139.7880059,35.658913],[139.7880302,35.6589155],[139.7880398,35.6589584],[139.7878587,35.6604318],[139.787852,35.6604861],[139.7878447,35.6605268],[139.7878413,35.6605457],[139.7878572,35.6605777],[139.7878275,35.6607671],[139.7877299,35.6613894],[139.7876285,35.6616101],[139.787558,35.6617037],[139.7875029,35.6617806],[139.7874066,35.6619021],[139.7849296,35.6641357],[139.7848419,35.6641633],[139.7847386,35.6642492],[139.7846413,35.6643299],[139.7845479,35.6644075],[139.7845454,35.6644292],[139.783821,35.6650962],[139.7838862,35.6651432],[139.7837777,35.6652399],[139.7839507,35.6653677],[139.7838898,35.6655106],[139.7838243,35.6655694],[139.7831271,35.6661953],[139.7830121,35.6662985],[139.7831485,35.6664055],[139.7832019,35.6664705],[139.7832702,35.6665982],[139.7833865,35.6668467],[139.7834583,35.6669877],[139.7834827,35.6670403],[139.7834929,35.6671059],[139.7835169,35.6671745],[139.7835284,35.6672251],[139.7835407,35.6672726],[139.7836489,35.6674513],[139.7837148,35.6675733],[139.7838678,35.6678537],[139.7838633,35.6679928],[139.7838606,35.6681628],[139.7838614,35.668214],[139.7838633,35.6683241],[139.783823,35.6686117],[139.7839585,35.6687762],[139.7839136,35.669008],[139.7838534,35.6691932],[139.7838244,35.6692824],[139.7837815,35.6694142],[139.7837916,35.6695315],[139.7837957,35.6696818],[139.783814,35.6697462],[139.783816,35.6698073],[139.7837957,35.6699146],[139.7837808,35.6699618],[139.7836616,35.670086],[139.7837121,35.6701232],[139.7837326,35.670164],[139.7837331,35.6702205],[139.7839095,35.6703126],[139.7841047,35.6704133],[139.7843669,35.6705537],[139.7843766,35.6706299],[139.7845806,35.670742],[139.7843124,35.6717641],[139.784237,35.6719601],[139.7841495,35.6721194],[139.7840077,35.6723277],[139.783881,35.6724723],[139.7834881,35.6728781],[139.7832711,35.6731175],[139.7833408,35.6731577],[139.7831077,35.6734026],[139.7830226,35.6734912],[139.782891,35.6736314],[139.7828278,35.6737012],[139.7827723,35.6737599],[139.7826056,35.6739439],[139.7823842,35.674186],[139.7824466,35.6742347],[139.7824282,35.6742559],[139.7822023,35.6744976],[139.7820463,35.6746612],[139.7817966,35.674923],[139.7818342,35.6749884],[139.7817781,35.6750228],[139.7817021,35.6750694],[139.7821014,35.6752025],[139.7820557,35.6752685],[139.7821318,35.6752942],[139.7821413,35.6753512],[139.7822057,35.675447],[139.7825785,35.6757964],[139.7826087,35.6758247],[139.7824315,35.6759555],[139.7821252,35.6761817]]},"properties":{"routeId":"osm_route_05_009","originId":"route_origin_harumi_waterfront_far_001","originName":"Harumi waterfront far controlled route test origin","shelterId":"chuo_official_emergency_009","shelterName":"明正小学校","plateauBuildingId":"13102-bldg-11364","routeDistanceMeters":3783.504,"estimatedTravelTimeSeconds":3152.92,"routeSource":"OSM","routeType":"estimated_pedestrian_route","isOfficialEvacuationRoute":false}},{"type":"Feature","geometry":{"type":"LineString","coordinates":[[139.7906705,35.6501133],[139.791068,35.6503791],[139.7910997,35.6503561],[139.7911267,35.6504472],[139.7910519,35.6504888],[139.7911847,35.6506743],[139.79119,35.6507001],[139.7911758,35.6507174],[139.7910352,35.6508093],[139.7910023,35.6508386],[139.7911143,35.6508996],[139.7911431,35.6509165],[139.7911485,35.6509334],[139.7911485,35.6509601],[139.7911632,35.6509786],[139.7912014,35.6510015],[139.7912289,35.651008],[139.7912665,35.6510238],[139.7913262,35.6510711],[139.7912501,35.6511287],[139.791105,35.6513113],[139.7910502,35.6513314],[139.7909245,35.6514464],[139.7908974,35.6514825],[139.7907946,35.6516637],[139.7907571,35.6517275],[139.790951,35.6518568],[139.7910743,35.6519468],[139.7910483,35.6519812],[139.7915769,35.6523366],[139.7916527,35.6523849],[139.7919313,35.6525786],[139.792428,35.6528795],[139.7925025,35.6529325],[139.7924473,35.6529837],[139.7922094,35.6532161],[139.7922596,35.6532566],[139.792025,35.6535356],[139.7919627,35.653591],[139.7919018,35.653651],[139.7918664,35.6536915],[139.7918674,35.6537234],[139.7913726,35.6542786],[139.7913818,35.6542845],[139.7913986,35.6542931],[139.7913589,35.6543302],[139.7912329,35.6544566],[139.7912136,35.6544781],[139.7911796,35.6545146],[139.7912114,35.654536],[139.7912437,35.6545572],[139.7912491,35.6545771],[139.7912839,35.6546005],[139.791303,35.6546147],[139.7912677,35.6546616],[139.7912317,35.6547119],[139.7909996,35.6550259],[139.7909674,35.6550692],[139.7911397,35.6551536],[139.7910937,35.6552132],[139.7910093,35.6552156],[139.7909148,35.6553478],[139.7909148,35.6554807],[139.7909148,35.6555394],[139.7908132,35.655674],[139.7907183,35.6563653],[139.7905328,35.6577178],[139.7904256,35.6584999],[139.7904637,35.6585032],[139.7904627,35.6585598],[139.788394,35.658384],[139.7883359,35.6583794],[139.7883009,35.6585925],[139.7880625,35.6585657],[139.7880489,35.6586495],[139.7880174,35.6588425],[139.7880059,35.658913],[139.7880302,35.6589155],[139.7880398,35.6589584],[139.7878587,35.6604318],[139.787852,35.6604861],[139.7878447,35.6605268],[139.7878413,35.6605457],[139.7878572,35.6605777],[139.7878275,35.6607671],[139.7877299,35.6613894],[139.7876285,35.6616101],[139.787558,35.6617037],[139.7875029,35.6617806],[139.7874066,35.6619021],[139.7849296,35.6641357],[139.7848419,35.6641633],[139.7847386,35.6642492],[139.7846413,35.6643299],[139.7845479,35.6644075],[139.7845454,35.6644292],[139.783821,35.6650962],[139.7838862,35.6651432],[139.7837777,35.6652399],[139.7839507,35.6653677],[139.7838898,35.6655106],[139.7838243,35.6655694],[139.7831271,35.6661953],[139.7830121,35.6662985],[139.7821296,35.6671239],[139.7820797,35.6671043],[139.7819398,35.6671996],[139.7818611,35.6672604],[139.7802997,35.6687027],[139.7803501,35.6688117],[139.780357,35.6689015],[139.7802954,35.6689225],[139.7802561,35.6689376],[139.780426,35.6693078],[139.780604,35.6696899],[139.7808317,35.67018],[139.78084,35.6702372],[139.7808799,35.6705151],[139.7809108,35.6707188],[139.7809318,35.6708572],[139.7809379,35.6708978],[139.7809475,35.6709609],[139.7809967,35.6712857],[139.7810056,35.6713442],[139.7810018,35.671452],[139.7809934,35.6716871],[139.7809918,35.6717319],[139.7809745,35.6722177],[139.780965,35.6724839],[139.7808706,35.672693],[139.7808488,35.6727411],[139.780818,35.6728075],[139.7806777,35.6731098],[139.7806169,35.6731456],[139.7801688,35.6731856],[139.7801635,35.6735837],[139.7801655,35.6740707],[139.7801677,35.6741524],[139.7801618,35.6741893],[139.780144,35.6742253],[139.7799854,35.674476],[139.7799422,35.6745286],[139.7798631,35.6746016],[139.7797951,35.6746616],[139.7791163,35.6752983],[139.7790503,35.6753481],[139.7787425,35.6758662],[139.7785693,35.6761701],[139.7786913,35.6763778],[139.7786208,35.6763971],[139.7786054,35.6764305],[139.7782673,35.676516],[139.7783124,35.6765974],[139.7782899,35.6766035],[139.778162,35.6766422],[139.7780673,35.6767288],[139.7779249,35.6767853],[139.7774622,35.6769686],[139.7773881,35.676998],[139.7772854,35.6770398],[139.7766509,35.677298],[139.7763017,35.6774432],[139.7761817,35.6774931],[139.7762228,35.677559],[139.7761575,35.6775839],[139.7761047,35.677604],[139.775718,35.6777633],[139.7752965,35.6779364],[139.7752414,35.6779607],[139.7751658,35.6779915],[139.7745974,35.6782242],[139.7745481,35.6782444],[139.7745261,35.6782575],[139.7744586,35.6782846],[139.7740817,35.6784355],[139.7740591,35.6785748],[139.7739719,35.6786075],[139.773766,35.6786877],[139.7736706,35.6787441],[139.7737448,35.6788624],[139.7739334,35.6791631],[139.7739434,35.679179],[139.7735124,35.6793615],[139.7734739,35.6793778],[139.773506,35.6794314],[139.7734626,35.6794498],[139.773145,35.6795848],[139.7730367,35.6796308],[139.7729346,35.6796742],[139.7722314,35.6799729],[139.7724205,35.6802743],[139.7724401,35.6803056],[139.7726216,35.6805925],[139.7725935,35.6806142],[139.7725711,35.6806314],[139.772492,35.6806924],[139.7724562,35.68072],[139.7724372,35.6807345],[139.7724678,35.6807856],[139.772055,35.680957],[139.7719782,35.681046],[139.7717789,35.6811255],[139.7714147,35.6812767],[139.7714432,35.6813199],[139.7714158,35.6813657],[139.7713873,35.6813759],[139.771345,35.681395],[139.7714956,35.681633],[139.7716635,35.681892],[139.7716618,35.6819011],[139.771661,35.6819058],[139.7716599,35.6819117],[139.7705719,35.6823662],[139.7705833,35.6823841],[139.7706072,35.6824314],[139.7708391,35.682891],[139.7710571,35.6833548],[139.7710827,35.6833914],[139.7711161,35.68341],[139.7711409,35.6834079],[139.7711747,35.6834735],[139.771228,35.6835723],[139.7712621,35.6836423],[139.7712207,35.6837142],[139.7713491,35.6840732],[139.7713656,35.6840898],[139.7714011,35.6841819],[139.7714286,35.6842696],[139.7715024,35.684793],[139.7715137,35.6848847],[139.7715195,35.6849675],[139.7715222,35.6850164],[139.7715283,35.6850529],[139.7715339,35.6850741],[139.7715869,35.685094],[139.771553,35.6851902],[139.7715264,35.6852688],[139.7714379,35.6853014],[139.7713824,35.6854287],[139.7714109,35.6854525],[139.7713833,35.6855135],[139.7713624,35.6855615],[139.7712991,35.685601],[139.7708277,35.6865791],[139.770557,35.686975],[139.7704864,35.6870782],[139.7704381,35.6871488],[139.7703125,35.6873467],[139.7702611,35.6874276],[139.7703644,35.6876576],[139.7705223,35.687709],[139.7704767,35.6878028]]},"properties":{"routeId":"osm_route_05_010","originId":"route_origin_harumi_waterfront_far_001","originName":"Harumi waterfront far controlled route test origin","shelterId":"chuo_official_emergency_010","shelterName":"常盤小学校","plateauBuildingId":"13102-bldg-2872","routeDistanceMeters":5656.803,"estimatedTravelTimeSeconds":4714.003,"routeSource":"OSM","routeType":"estimated_pedestrian_route","isOfficialEvacuationRoute":false}},{"type":"Feature","geometry":{"type":"LineString","coordinates":[[139.7906705,35.6501133],[139.791068,35.6503791],[139.7910997,35.6503561],[139.7911267,35.6504472],[139.7910519,35.6504888],[139.7911847,35.6506743],[139.79119,35.6507001],[139.7911758,35.6507174],[139.7910352,35.6508093],[139.7910023,35.6508386],[139.7911143,35.6508996],[139.7911431,35.6509165],[139.7911485,35.6509334],[139.7911485,35.6509601],[139.7911632,35.6509786],[139.7912014,35.6510015],[139.7912289,35.651008],[139.7912665,35.6510238],[139.7913262,35.6510711],[139.7912501,35.6511287],[139.791105,35.6513113],[139.7910502,35.6513314],[139.7909245,35.6514464],[139.7908974,35.6514825],[139.7907946,35.6516637],[139.7907571,35.6517275],[139.790951,35.6518568],[139.7910743,35.6519468],[139.7910483,35.6519812],[139.7915769,35.6523366],[139.7916527,35.6523849],[139.7919313,35.6525786],[139.792428,35.6528795],[139.7925025,35.6529325],[139.7924473,35.6529837],[139.7922094,35.6532161],[139.7922596,35.6532566],[139.792025,35.6535356],[139.7919627,35.653591],[139.7919018,35.653651],[139.7918664,35.6536915],[139.7918674,35.6537234],[139.7913726,35.6542786],[139.7913818,35.6542845],[139.7913986,35.6542931],[139.7913589,35.6543302],[139.7912329,35.6544566],[139.7912136,35.6544781],[139.7911796,35.6545146],[139.7912114,35.654536],[139.7912437,35.6545572],[139.7912491,35.6545771],[139.7912839,35.6546005],[139.791303,35.6546147],[139.7912677,35.6546616],[139.7912317,35.6547119],[139.7909996,35.6550259],[139.7909674,35.6550692],[139.7911397,35.6551536],[139.7910937,35.6552132],[139.7910093,35.6552156],[139.7909148,35.6553478],[139.7909148,35.6554807],[139.7909148,35.6555394],[139.7908132,35.655674],[139.7907183,35.6563653],[139.7905328,35.6577178],[139.7904256,35.6584999],[139.7904637,35.6585032],[139.7904627,35.6585598],[139.788394,35.658384],[139.7883359,35.6583794],[139.7883009,35.6585925],[139.7880625,35.6585657],[139.7880489,35.6586495],[139.7880174,35.6588425],[139.7880059,35.658913],[139.7880302,35.6589155],[139.7880398,35.6589584],[139.7878587,35.6604318],[139.787852,35.6604861],[139.7878447,35.6605268],[139.7878413,35.6605457],[139.7878572,35.6605777],[139.7878275,35.6607671],[139.7877299,35.6613894],[139.7876285,35.6616101],[139.787558,35.6617037],[139.7875029,35.6617806],[139.7874066,35.6619021],[139.7849296,35.6641357],[139.7848419,35.6641633],[139.7847386,35.6642492],[139.7846413,35.6643299],[139.7845479,35.6644075],[139.7845454,35.6644292],[139.783821,35.6650962],[139.7838862,35.6651432],[139.7837777,35.6652399],[139.7839507,35.6653677],[139.7838898,35.6655106],[139.7838243,35.6655694],[139.7831271,35.6661953],[139.7830121,35.6662985],[139.7821296,35.6671239],[139.7820797,35.6671043],[139.7819398,35.6671996],[139.7818611,35.6672604],[139.7802997,35.6687027],[139.7803501,35.6688117],[139.780357,35.6689015],[139.7802954,35.6689225],[139.7802561,35.6689376],[139.780426,35.6693078],[139.780604,35.6696899],[139.7808317,35.67018],[139.78084,35.6702372],[139.7808799,35.6705151],[139.7809108,35.6707188],[139.7809318,35.6708572],[139.7809379,35.6708978],[139.7809475,35.6709609],[139.7809967,35.6712857],[139.7810056,35.6713442],[139.7810018,35.671452],[139.7809934,35.6716871],[139.7809918,35.6717319],[139.7809745,35.6722177],[139.780965,35.6724839],[139.7808706,35.672693],[139.7808488,35.6727411],[139.780818,35.6728075],[139.7806777,35.6731098],[139.7806169,35.6731456],[139.7801688,35.6731856],[139.7801635,35.6735837],[139.7801655,35.6740707],[139.7801677,35.6741524],[139.7801618,35.6741893],[139.780144,35.6742253],[139.7799854,35.674476],[139.7799422,35.6745286],[139.7798631,35.6746016],[139.7797951,35.6746616],[139.7791163,35.6752983],[139.7790503,35.6753481],[139.7787425,35.6758662],[139.7785693,35.6761701],[139.7786913,35.6763778],[139.7786208,35.6763971],[139.7786054,35.6764305],[139.7782673,35.676516],[139.7783124,35.6765974],[139.7783639,35.6766906],[139.7783478,35.6767712],[139.7784829,35.6769869],[139.7786143,35.6771966],[139.7785401,35.6772289],[139.7787079,35.6775044],[139.7788159,35.6776816],[139.77893,35.6778688],[139.7790219,35.6780196],[139.7790722,35.6781022],[139.7791297,35.6781966],[139.7792812,35.6784453],[139.779507,35.6788159],[139.7799467,35.6794826],[139.7801145,35.6797594],[139.7801805,35.6798673],[139.7802297,35.6799503],[139.7801158,35.6800057],[139.7801954,35.6801328],[139.7802551,35.6802282],[139.7803067,35.6803107],[139.7802437,35.6803676],[139.7805254,35.6808318],[139.7806128,35.680969],[139.7809251,35.6814537],[139.7810008,35.6815903],[139.7810258,35.6816491],[139.7805858,35.6822478],[139.7805237,35.682364],[139.7805028,35.6824946],[139.780485,35.682723],[139.7804807,35.68278],[139.7803254,35.6835726],[139.7803395,35.6836361],[139.7803677,35.6837217],[139.7804105,35.6838198],[139.7803167,35.683881],[139.7801104,35.6840077],[139.7798573,35.6841607],[139.7799529,35.6842637],[139.7796087,35.6850691],[139.7795704,35.6851587],[139.7795343,35.6852414],[139.7791093,35.6862136],[139.7788483,35.6868152],[139.7785216,35.6875932],[139.7785005,35.6876393],[139.7784805,35.6876919],[139.778469,35.6877189],[139.7781642,35.6884326],[139.7781454,35.6884771],[139.7779634,35.6884126],[139.7779004,35.6883903],[139.7778732,35.6884401],[139.7777546,35.6886577],[139.7776625,35.6888602],[139.7776378,35.6889145],[139.7776139,35.6889817],[139.7774886,35.6893265],[139.7773684,35.6895754],[139.7772539,35.6898532],[139.7772397,35.6898886],[139.7772154,35.6899155],[139.7771889,35.6899269],[139.777148,35.6899343],[139.7771182,35.6900121],[139.7771621,35.6900425],[139.7771767,35.6900741],[139.7771737,35.6901147],[139.7770352,35.6904118],[139.7770285,35.6904659],[139.7768979,35.6907975]]},"properties":{"routeId":"osm_route_05_011","originId":"route_origin_harumi_waterfront_far_001","originName":"Harumi waterfront far controlled route test origin","shelterId":"chuo_official_emergency_011","shelterName":"十思スクエア","plateauBuildingId":"13102-bldg-15570","routeDistanceMeters":5618.336,"estimatedTravelTimeSeconds":4681.947,"routeSource":"OSM","routeType":"estimated_pedestrian_route","isOfficialEvacuationRoute":false}},{"type":"Feature","geometry":{"type":"LineString","coordinates":[[139.7906705,35.6501133],[139.791068,35.6503791],[139.7910997,35.6503561],[139.7911267,35.6504472],[139.7910519,35.6504888],[139.7911847,35.6506743],[139.79119,35.6507001],[139.7911758,35.6507174],[139.7910352,35.6508093],[139.7910023,35.6508386],[139.7911143,35.6508996],[139.7911431,35.6509165],[139.7911485,35.6509334],[139.7911485,35.6509601],[139.7911632,35.6509786],[139.7912014,35.6510015],[139.7912289,35.651008],[139.7912665,35.6510238],[139.7913262,35.6510711],[139.7912501,35.6511287],[139.791105,35.6513113],[139.7910502,35.6513314],[139.7909245,35.6514464],[139.7908974,35.6514825],[139.7907946,35.6516637],[139.7907571,35.6517275],[139.790951,35.6518568],[139.7910743,35.6519468],[139.7910483,35.6519812],[139.7915769,35.6523366],[139.7916527,35.6523849],[139.7919313,35.6525786],[139.792428,35.6528795],[139.7925025,35.6529325],[139.7924473,35.6529837],[139.7922094,35.6532161],[139.7922596,35.6532566],[139.792025,35.6535356],[139.7919627,35.653591],[139.7919018,35.653651],[139.7918664,35.6536915],[139.7918674,35.6537234],[139.7913726,35.6542786],[139.7913818,35.6542845],[139.7913986,35.6542931],[139.7913589,35.6543302],[139.7912329,35.6544566],[139.7912136,35.6544781],[139.7911796,35.6545146],[139.7912114,35.654536],[139.7912437,35.6545572],[139.7912491,35.6545771],[139.7912839,35.6546005],[139.791303,35.6546147],[139.7912677,35.6546616],[139.7912317,35.6547119],[139.7909996,35.6550259],[139.7909674,35.6550692],[139.7911397,35.6551536],[139.7910937,35.6552132],[139.7910093,35.6552156],[139.7909148,35.6553478],[139.7909148,35.6554807],[139.7909148,35.6555394],[139.7908132,35.655674],[139.7907183,35.6563653],[139.7905328,35.6577178],[139.7904256,35.6584999],[139.7904637,35.6585032],[139.7904627,35.6585598],[139.788394,35.658384],[139.7883359,35.6583794],[139.7883009,35.6585925],[139.7880625,35.6585657],[139.7880489,35.6586495],[139.7880174,35.6588425],[139.7880059,35.658913],[139.7880302,35.6589155],[139.7880398,35.6589584],[139.7878587,35.6604318],[139.787852,35.6604861],[139.7878447,35.6605268],[139.7878413,35.6605457],[139.7878572,35.6605777],[139.7878275,35.6607671],[139.7877299,35.6613894],[139.7876285,35.6616101],[139.787558,35.6617037],[139.7875029,35.6617806],[139.7874066,35.6619021],[139.7849296,35.6641357],[139.7848419,35.6641633],[139.7847386,35.6642492],[139.7846413,35.6643299],[139.7845479,35.6644075],[139.7845454,35.6644292],[139.783821,35.6650962],[139.7838862,35.6651432],[139.7837777,35.6652399],[139.7839507,35.6653677],[139.7838898,35.6655106],[139.7838243,35.6655694],[139.7831271,35.6661953],[139.7830121,35.6662985],[139.7821296,35.6671239],[139.7820797,35.6671043],[139.7819398,35.6671996],[139.7818611,35.6672604],[139.7802997,35.6687027],[139.7803501,35.6688117],[139.780357,35.6689015],[139.7802954,35.6689225],[139.7802561,35.6689376],[139.780426,35.6693078],[139.780604,35.6696899],[139.7808317,35.67018],[139.78084,35.6702372],[139.7808799,35.6705151],[139.7809108,35.6707188],[139.7809318,35.6708572],[139.7809379,35.6708978],[139.7809475,35.6709609],[139.7809967,35.6712857],[139.7810056,35.6713442],[139.7810018,35.671452],[139.7809934,35.6716871],[139.7809918,35.6717319],[139.7809745,35.6722177],[139.780965,35.6724839],[139.7808706,35.672693],[139.7808488,35.6727411],[139.780818,35.6728075],[139.7806777,35.6731098],[139.7806169,35.6731456],[139.7801688,35.6731856],[139.7801635,35.6735837],[139.7801655,35.6740707],[139.7801677,35.6741524],[139.7801618,35.6741893],[139.780144,35.6742253],[139.7799854,35.674476],[139.7799422,35.6745286],[139.7798631,35.6746016],[139.7797951,35.6746616],[139.7791163,35.6752983],[139.7790503,35.6753481],[139.7787425,35.6758662],[139.7785693,35.6761701],[139.7786913,35.6763778],[139.7786208,35.6763971],[139.7786054,35.6764305],[139.7782673,35.676516],[139.7783124,35.6765974],[139.7783639,35.6766906],[139.7783478,35.6767712],[139.7784829,35.6769869],[139.7786143,35.6771966],[139.7785401,35.6772289],[139.7787079,35.6775044],[139.7788159,35.6776816],[139.77893,35.6778688],[139.7790219,35.6780196],[139.7790722,35.6781022],[139.7791297,35.6781966],[139.7792812,35.6784453],[139.779507,35.6788159],[139.7799467,35.6794826],[139.7801145,35.6797594],[139.7801805,35.6798673],[139.7802297,35.6799503],[139.7801158,35.6800057],[139.7801954,35.6801328],[139.7802551,35.6802282],[139.7803067,35.6803107],[139.7802437,35.6803676],[139.7805254,35.6808318],[139.7806128,35.680969],[139.7809251,35.6814537],[139.7810008,35.6815903],[139.7810258,35.6816491],[139.7805858,35.6822478],[139.7805237,35.682364],[139.7805028,35.6824946],[139.780485,35.682723],[139.7804807,35.68278],[139.7803254,35.6835726],[139.7803395,35.6836361],[139.7803677,35.6837217],[139.7804105,35.6838198],[139.7806475,35.6841451],[139.781043,35.684367]]},"properties":{"routeId":"osm_route_05_012","originId":"route_origin_harumi_waterfront_far_001","originName":"Harumi waterfront far controlled route test origin","shelterId":"chuo_official_emergency_012","shelterName":"日本橋小学校","plateauBuildingId":"13102-bldg-12810","routeDistanceMeters":4816.443,"estimatedTravelTimeSeconds":4013.703,"routeSource":"OSM","routeType":"estimated_pedestrian_route","isOfficialEvacuationRoute":false}},{"type":"Feature","geometry":{"type":"LineString","coordinates":[[139.7906705,35.6501133],[139.791068,35.6503791],[139.7910997,35.6503561],[139.7911267,35.6504472],[139.7910519,35.6504888],[139.7911847,35.6506743],[139.79119,35.6507001],[139.7911758,35.6507174],[139.7910352,35.6508093],[139.7910023,35.6508386],[139.7911143,35.6508996],[139.7911431,35.6509165],[139.7911485,35.6509334],[139.7911485,35.6509601],[139.7911632,35.6509786],[139.7912014,35.6510015],[139.7912289,35.651008],[139.7912665,35.6510238],[139.7913262,35.6510711],[139.7912501,35.6511287],[139.791105,35.6513113],[139.7910502,35.6513314],[139.7909245,35.6514464],[139.7908974,35.6514825],[139.7907946,35.6516637],[139.7907571,35.6517275],[139.790951,35.6518568],[139.7910743,35.6519468],[139.7910483,35.6519812],[139.7915769,35.6523366],[139.7916527,35.6523849],[139.7919313,35.6525786],[139.792428,35.6528795],[139.7925025,35.6529325],[139.7924473,35.6529837],[139.7922094,35.6532161],[139.7922596,35.6532566],[139.792025,35.6535356],[139.7919627,35.653591],[139.7919018,35.653651],[139.7918664,35.6536915],[139.7918674,35.6537234],[139.7913726,35.6542786],[139.7913818,35.6542845],[139.7913986,35.6542931],[139.7913589,35.6543302],[139.7912329,35.6544566],[139.7912136,35.6544781],[139.7911796,35.6545146],[139.7912114,35.654536],[139.7912437,35.6545572],[139.7912491,35.6545771],[139.7912839,35.6546005],[139.791303,35.6546147],[139.7912677,35.6546616],[139.7912317,35.6547119],[139.7909996,35.6550259],[139.7909674,35.6550692],[139.7911397,35.6551536],[139.7910937,35.6552132],[139.7910093,35.6552156],[139.7909148,35.6553478],[139.7909148,35.6554807],[139.7909148,35.6555394],[139.7908132,35.655674],[139.7907183,35.6563653],[139.7905328,35.6577178],[139.7904256,35.6584999],[139.7904637,35.6585032],[139.7904627,35.6585598],[139.788394,35.658384],[139.7883359,35.6583794],[139.7883009,35.6585925],[139.7880625,35.6585657],[139.7880489,35.6586495],[139.7880174,35.6588425],[139.7880059,35.658913],[139.7880302,35.6589155],[139.7880398,35.6589584],[139.7878587,35.6604318],[139.787852,35.6604861],[139.7878447,35.6605268],[139.7878413,35.6605457],[139.7878572,35.6605777],[139.7878275,35.6607671],[139.7877299,35.6613894],[139.7876285,35.6616101],[139.787558,35.6617037],[139.7875029,35.6617806],[139.7874066,35.6619021],[139.7849296,35.6641357],[139.7848419,35.6641633],[139.7847386,35.6642492],[139.7846413,35.6643299],[139.7845479,35.6644075],[139.7845454,35.6644292],[139.783821,35.6650962],[139.7838862,35.6651432],[139.7839869,35.6652158],[139.784061,35.6652692],[139.7841155,35.6653084],[139.7840965,35.6653487],[139.7841002,35.6653831],[139.784137,35.6654159],[139.78426,35.6655131],[139.7842777,35.6655362],[139.7843377,35.6655805],[139.784376,35.6656106],[139.7843615,35.6656289],[139.7844007,35.6656604],[139.7845767,35.6658018],[139.7847319,35.6659048],[139.7850197,35.6661407],[139.7851574,35.6662494],[139.7851296,35.6662765],[139.7852065,35.6663358],[139.7852567,35.6663746],[139.785304,35.6664125],[139.7853697,35.6664617],[139.7855181,35.6665768],[139.7856653,35.6666907],[139.7862027,35.6670932],[139.7861591,35.6671355],[139.7861064,35.6671866],[139.7861508,35.6672193],[139.7862111,35.6672674],[139.7862691,35.6673093],[139.7857512,35.6677645],[139.7856649,35.667853],[139.785563,35.6679978],[139.7854471,35.6682054],[139.7853779,35.6684208],[139.7852997,35.6687268],[139.7851797,35.6692119],[139.7850082,35.6698954],[139.7849571,35.6700951],[139.7847766,35.6707776],[139.7847576,35.6708444],[139.7845356,35.6717126],[139.7844451,35.6719626],[139.7843818,35.6721047],[139.7842943,35.6722469],[139.7841525,35.6724306],[139.7839406,35.6726316],[139.7840355,35.6726789],[139.7842309,35.6727841],[139.7843823,35.6729087],[139.784419,35.6728867],[139.784689,35.6731125],[139.7849782,35.673378],[139.7850505,35.6734028],[139.785777,35.6742971],[139.7861577,35.6747656],[139.7861678,35.674778],[139.7862536,35.6749131],[139.786622,35.6761815],[139.7866901,35.676416],[139.7867237,35.6765316],[139.7867605,35.6766583],[139.7867029,35.6766692],[139.7866975,35.6766485],[139.7866734,35.6766529],[139.7866666,35.6766234],[139.7865848,35.6766387],[139.7865376,35.6767422],[139.7865461,35.6767703],[139.7866534,35.6770901],[139.7866686,35.6771255],[139.786497,35.6771898],[139.7864863,35.6772159],[139.7865118,35.6772585],[139.7867961,35.6776375],[139.7868577,35.6777073],[139.7869167,35.6777627],[139.7869305,35.6777552],[139.7870435,35.6777073],[139.7871328,35.6778408],[139.7874221,35.678273],[139.7878253,35.6788978],[139.78783,35.6789074],[139.7878321,35.6789116],[139.7879091,35.6789927],[139.7879602,35.6790282],[139.7879818,35.6790442],[139.788016,35.67906],[139.7880546,35.6790897],[139.7881025,35.6791691],[139.7878719,35.6793547],[139.7878773,35.679388],[139.7877638,35.6794953],[139.7875413,35.6797806],[139.7875618,35.6798186],[139.7874322,35.6799927],[139.7872017,35.6803004],[139.7872124,35.6804324],[139.7872889,35.6805146],[139.7869499,35.6810324],[139.7870045,35.6810664],[139.7868538,35.6812583],[139.7868045,35.681321],[139.7867534,35.6813861],[139.7867271,35.6814195],[139.786579,35.6816081],[139.7864752,35.6817402],[139.7864342,35.6817923],[139.7874887,35.6823338],[139.788235,35.6827457],[139.7884493,35.682864],[139.7884089,35.6829],[139.7884304,35.6829534],[139.788297,35.6831206]]},"properties":{"routeId":"osm_route_05_013","originId":"route_origin_harumi_waterfront_far_001","originName":"Harumi waterfront far controlled route test origin","shelterId":"chuo_official_emergency_013","shelterName":"有馬小学校","plateauBuildingId":"13102-bldg-12391","routeDistanceMeters":4777.776,"estimatedTravelTimeSeconds":3981.48,"routeSource":"OSM","routeType":"estimated_pedestrian_route","isOfficialEvacuationRoute":false}},{"type":"Feature","geometry":{"type":"LineString","coordinates":[[139.7906705,35.6501133],[139.791068,35.6503791],[139.7910997,35.6503561],[139.7911267,35.6504472],[139.7910519,35.6504888],[139.7911847,35.6506743],[139.79119,35.6507001],[139.7911758,35.6507174],[139.7910352,35.6508093],[139.7910023,35.6508386],[139.7911143,35.6508996],[139.7911431,35.6509165],[139.7911485,35.6509334],[139.7911485,35.6509601],[139.7911632,35.6509786],[139.7912014,35.6510015],[139.7912289,35.651008],[139.7912665,35.6510238],[139.7913262,35.6510711],[139.7912501,35.6511287],[139.791105,35.6513113],[139.7910502,35.6513314],[139.7909245,35.6514464],[139.7908974,35.6514825],[139.7907946,35.6516637],[139.7907571,35.6517275],[139.790951,35.6518568],[139.7910743,35.6519468],[139.7910483,35.6519812],[139.7915769,35.6523366],[139.7916527,35.6523849],[139.7919313,35.6525786],[139.792428,35.6528795],[139.7925025,35.6529325],[139.7924473,35.6529837],[139.7922094,35.6532161],[139.7922596,35.6532566],[139.792025,35.6535356],[139.7919627,35.653591],[139.7919018,35.653651],[139.7918664,35.6536915],[139.7918674,35.6537234],[139.7913726,35.6542786],[139.7913818,35.6542845],[139.7913986,35.6542931],[139.7913589,35.6543302],[139.7912329,35.6544566],[139.7912136,35.6544781],[139.7911796,35.6545146],[139.7912114,35.654536],[139.7912437,35.6545572],[139.7912491,35.6545771],[139.7912839,35.6546005],[139.791303,35.6546147],[139.7912677,35.6546616],[139.7912317,35.6547119],[139.7909996,35.6550259],[139.7909674,35.6550692],[139.7911397,35.6551536],[139.7910937,35.6552132],[139.7910093,35.6552156],[139.7909148,35.6553478],[139.7909148,35.6554807],[139.7909148,35.6555394],[139.7908132,35.655674],[139.7907183,35.6563653],[139.7905328,35.6577178],[139.7904256,35.6584999],[139.7904637,35.6585032],[139.7904627,35.6585598],[139.788394,35.658384],[139.7883359,35.6583794],[139.7883009,35.6585925],[139.7880625,35.6585657],[139.7880489,35.6586495],[139.7880174,35.6588425],[139.7880059,35.658913],[139.7880302,35.6589155],[139.7880398,35.6589584],[139.7878587,35.6604318],[139.787852,35.6604861],[139.7878447,35.6605268],[139.7878413,35.6605457],[139.7878572,35.6605777],[139.7878275,35.6607671],[139.7877299,35.6613894],[139.7876285,35.6616101],[139.787558,35.6617037],[139.7875029,35.6617806],[139.7874066,35.6619021],[139.7849296,35.6641357],[139.7848419,35.6641633],[139.7847386,35.6642492],[139.7846413,35.6643299],[139.7845479,35.6644075],[139.7845454,35.6644292],[139.783821,35.6650962],[139.7838862,35.6651432],[139.7837777,35.6652399],[139.7839507,35.6653677],[139.7838898,35.6655106],[139.7838243,35.6655694],[139.7831271,35.6661953],[139.7830121,35.6662985],[139.7821296,35.6671239],[139.7820797,35.6671043],[139.7819398,35.6671996],[139.7818611,35.6672604],[139.7802997,35.6687027],[139.7803501,35.6688117],[139.780357,35.6689015],[139.7802954,35.6689225],[139.7802561,35.6689376],[139.780426,35.6693078],[139.780604,35.6696899],[139.7808317,35.67018],[139.78084,35.6702372],[139.7808799,35.6705151],[139.7809108,35.6707188],[139.7809318,35.6708572],[139.7809379,35.6708978],[139.7809475,35.6709609],[139.7809967,35.6712857],[139.7810056,35.6713442],[139.7810018,35.671452],[139.7809934,35.6716871],[139.7809918,35.6717319],[139.7809745,35.6722177],[139.780965,35.6724839],[139.7808706,35.672693],[139.7808488,35.6727411],[139.780818,35.6728075],[139.7806777,35.6731098],[139.7806169,35.6731456],[139.7801688,35.6731856],[139.7801635,35.6735837],[139.7801655,35.6740707],[139.7801677,35.6741524],[139.7801618,35.6741893],[139.780144,35.6742253],[139.7799854,35.674476],[139.7799422,35.6745286],[139.7798631,35.6746016],[139.7797951,35.6746616],[139.7791163,35.6752983],[139.7790503,35.6753481],[139.7787425,35.6758662],[139.7785693,35.6761701],[139.7786913,35.6763778],[139.7786208,35.6763971],[139.7786054,35.6764305],[139.7782673,35.676516],[139.7783124,35.6765974],[139.7783639,35.6766906],[139.7783478,35.6767712],[139.7784829,35.6769869],[139.7786143,35.6771966],[139.7785401,35.6772289],[139.7787079,35.6775044],[139.7788159,35.6776816],[139.77893,35.6778688],[139.7790219,35.6780196],[139.7790722,35.6781022],[139.7791297,35.6781966],[139.7792812,35.6784453],[139.779507,35.6788159],[139.7799467,35.6794826],[139.7801145,35.6797594],[139.7801805,35.6798673],[139.7802297,35.6799503],[139.7801158,35.6800057],[139.7801954,35.6801328],[139.7802551,35.6802282],[139.7803067,35.6803107],[139.7802437,35.6803676],[139.7805254,35.6808318],[139.7806128,35.680969],[139.7809251,35.6814537],[139.7810008,35.6815903],[139.7810258,35.6816491],[139.7805858,35.6822478],[139.7805237,35.682364],[139.7805028,35.6824946],[139.780485,35.682723],[139.7804807,35.68278],[139.7803254,35.6835726],[139.7803395,35.6836361],[139.7803677,35.6837217],[139.7804105,35.6838198],[139.7806475,35.6841451],[139.7805224,35.6846873],[139.7805414,35.6847228],[139.7806661,35.6848138],[139.780339,35.6852932],[139.7802845,35.6853731],[139.7802294,35.6854549],[139.7801247,35.6856994],[139.7800176,35.6859137],[139.7800928,35.6859526],[139.7805889,35.6862536],[139.7803193,35.6865857],[139.7805956,35.6867788],[139.7809284,35.6869925],[139.7813388,35.6872418],[139.781439,35.6872934],[139.7815137,35.6873427],[139.7819408,35.6876249],[139.782472,35.6879659],[139.7825233,35.6879989],[139.782575,35.6880336],[139.7832385,35.6884785],[139.7836912,35.6887696],[139.7838016,35.6888424],[139.7839248,35.6889163],[139.7843519,35.689202]]},"properties":{"routeId":"osm_route_05_014","originId":"route_origin_harumi_waterfront_far_001","originName":"Harumi waterfront far controlled route test origin","shelterId":"chuo_official_emergency_014","shelterName":"久松小学校","plateauBuildingId":"13102-bldg-14859","routeDistanceMeters":5564.265,"estimatedTravelTimeSeconds":4636.888,"routeSource":"OSM","routeType":"estimated_pedestrian_route","isOfficialEvacuationRoute":false}},{"type":"Feature","geometry":{"type":"LineString","coordinates":[[139.7906705,35.6501133],[139.791068,35.6503791],[139.7910997,35.6503561],[139.7911267,35.6504472],[139.7910519,35.6504888],[139.7911847,35.6506743],[139.79119,35.6507001],[139.7911758,35.6507174],[139.7910352,35.6508093],[139.7910023,35.6508386],[139.7911143,35.6508996],[139.7911431,35.6509165],[139.7911485,35.6509334],[139.7911485,35.6509601],[139.7911632,35.6509786],[139.7912014,35.6510015],[139.7912289,35.651008],[139.7912665,35.6510238],[139.7913262,35.6510711],[139.7912501,35.6511287],[139.791105,35.6513113],[139.7910502,35.6513314],[139.7909245,35.6514464],[139.7908974,35.6514825],[139.7907946,35.6516637],[139.7907571,35.6517275],[139.790951,35.6518568],[139.7910743,35.6519468],[139.7910483,35.6519812],[139.7915769,35.6523366],[139.7916527,35.6523849],[139.7919313,35.6525786],[139.792428,35.6528795],[139.7925025,35.6529325],[139.7924473,35.6529837],[139.7922094,35.6532161],[139.7922596,35.6532566],[139.792025,35.6535356],[139.7919627,35.653591],[139.7919018,35.653651],[139.7918664,35.6536915],[139.7918674,35.6537234],[139.7913726,35.6542786],[139.7913818,35.6542845],[139.7913986,35.6542931],[139.7913589,35.6543302],[139.7912329,35.6544566],[139.7912136,35.6544781],[139.7911796,35.6545146],[139.7912114,35.654536],[139.7912437,35.6545572],[139.7912491,35.6545771],[139.7912839,35.6546005],[139.791303,35.6546147],[139.7912677,35.6546616],[139.7912317,35.6547119],[139.7909996,35.6550259],[139.7909674,35.6550692],[139.7911397,35.6551536],[139.7910937,35.6552132],[139.7910093,35.6552156],[139.7909148,35.6553478],[139.7909148,35.6554807],[139.7909148,35.6555394],[139.7908132,35.655674],[139.7907183,35.6563653],[139.7905328,35.6577178],[139.7904256,35.6584999],[139.7904637,35.6585032],[139.7904627,35.6585598],[139.788394,35.658384],[139.7883359,35.6583794],[139.7883009,35.6585925],[139.7880625,35.6585657],[139.7880489,35.6586495],[139.7880174,35.6588425],[139.7880059,35.658913],[139.7880302,35.6589155],[139.7880398,35.6589584],[139.7878587,35.6604318],[139.787852,35.6604861],[139.7878447,35.6605268],[139.7878413,35.6605457],[139.7878572,35.6605777],[139.7878275,35.6607671],[139.7877299,35.6613894],[139.7876285,35.6616101],[139.787558,35.6617037],[139.7875029,35.6617806],[139.7874066,35.6619021],[139.7849296,35.6641357],[139.7848419,35.6641633],[139.7847386,35.6642492],[139.7846413,35.6643299],[139.7845479,35.6644075],[139.7845454,35.6644292],[139.783821,35.6650962],[139.7838862,35.6651432],[139.7839869,35.6652158],[139.784061,35.6652692],[139.7841155,35.6653084],[139.7840965,35.6653487],[139.7841002,35.6653831],[139.784137,35.6654159],[139.78426,35.6655131],[139.7842777,35.6655362],[139.7843377,35.6655805],[139.784376,35.6656106],[139.7843615,35.6656289],[139.7844007,35.6656604],[139.7845767,35.6658018],[139.7847319,35.6659048],[139.7850197,35.6661407],[139.7851574,35.6662494],[139.7851296,35.6662765],[139.7852065,35.6663358],[139.7852567,35.6663746],[139.785304,35.6664125],[139.7853697,35.6664617],[139.7855181,35.6665768],[139.7856653,35.6666907],[139.7862027,35.6670932],[139.7861591,35.6671355],[139.7861064,35.6671866],[139.7861508,35.6672193],[139.7862111,35.6672674],[139.7862691,35.6673093],[139.7857512,35.6677645],[139.7856649,35.667853],[139.785563,35.6679978],[139.7854471,35.6682054],[139.7853779,35.6684208],[139.7852997,35.6687268],[139.7851797,35.6692119],[139.7850082,35.6698954],[139.7849571,35.6700951],[139.7847766,35.6707776],[139.7847576,35.6708444],[139.7845356,35.6717126],[139.7844451,35.6719626],[139.7843818,35.6721047],[139.7842943,35.6722469],[139.7841525,35.6724306],[139.7839406,35.6726316],[139.7840355,35.6726789],[139.7842309,35.6727841],[139.7843823,35.6729087],[139.784419,35.6728867],[139.784689,35.6731125],[139.7849782,35.673378],[139.7850505,35.6734028],[139.785777,35.6742971],[139.7861577,35.6747656],[139.7861678,35.674778],[139.7862536,35.6749131],[139.786622,35.6761815],[139.7866901,35.676416],[139.7867237,35.6765316],[139.7867605,35.6766583],[139.7867029,35.6766692],[139.7866975,35.6766485],[139.7866734,35.6766529],[139.7866666,35.6766234],[139.7865848,35.6766387],[139.7865376,35.6767422],[139.7865461,35.6767703],[139.7866534,35.6770901],[139.7866686,35.6771255],[139.786497,35.6771898],[139.7864863,35.6772159],[139.7865118,35.6772585],[139.7867961,35.6776375],[139.7868577,35.6777073],[139.7869167,35.6777627],[139.7869305,35.6777552],[139.7870435,35.6777073],[139.7871328,35.6778408],[139.7874221,35.678273],[139.7878253,35.6788978],[139.78783,35.6789074],[139.7878321,35.6789116],[139.7879091,35.6789927],[139.7879602,35.6790282],[139.7879818,35.6790442],[139.788016,35.67906],[139.7880546,35.6790897],[139.7881025,35.6791691],[139.7878719,35.6793547],[139.7878773,35.679388],[139.7877638,35.6794953],[139.7877868,35.6795337],[139.7879258,35.6797343],[139.7879543,35.6797754],[139.7880199,35.6798931],[139.788262,35.6803278],[139.7885156,35.680755],[139.7888865,35.6813815],[139.7889649,35.6815183],[139.7889727,35.6815408],[139.7889604,35.6815668],[139.7889398,35.6815869],[139.7887264,35.6817722],[139.7890352,35.6820182],[139.7894048,35.6823128],[139.7897072,35.6825537],[139.7895053,35.6827089],[139.7894859,35.6827651],[139.7901779,35.6833049],[139.7900572,35.6834065],[139.789992,35.6834608],[139.78977,35.6836489],[139.7897241,35.6836876],[139.7897198,35.6836919],[139.7896561,35.6837552],[139.7896305,35.6838382],[139.7893513,35.6841623],[139.7893021,35.6842194],[139.7889833,35.684601],[139.7890466,35.6846403],[139.7889863,35.6847084],[139.7889299,35.6847792],[139.7883351,35.6855017],[139.7882539,35.6855979],[139.7882226,35.6856879],[139.7881384,35.6857963],[139.7880402,35.6859231],[139.7879351,35.6860533],[139.7878692,35.6861315],[139.7877398,35.6862776],[139.7876003,35.6864546],[139.7875687,35.6864954],[139.7874627,35.6866329],[139.7873191,35.6868061],[139.787298,35.6868324],[139.7870673,35.6871208],[139.7870323,35.6871706],[139.7868985,35.6873409],[139.7868312,35.6874266],[139.7866313,35.687681],[139.7864978,35.6878508],[139.7863452,35.688049],[139.7861852,35.688254],[139.7861273,35.6883198],[139.7860467,35.6884203],[139.7859508,35.6885606],[139.7860241,35.6886114],[139.7860607,35.688714],[139.7860342,35.6887459],[139.7859818,35.6888091],[139.7860565,35.6888585],[139.7860222,35.6889129],[139.7857065,35.6894129],[139.7859376,35.6895623],[139.7859728,35.689585],[139.7859523,35.6896167],[139.7859259,35.6896578],[139.7858178,35.689826],[139.7856909,35.6900234],[139.7857315,35.6900499],[139.7857074,35.6900883],[139.7856828,35.6901272],[139.7858514,35.690237],[139.7855405,35.6907278],[139.7857009,35.6908349],[139.7858358,35.6909231],[139.7858891,35.690958],[139.7859403,35.6909914],[139.7862815,35.6912146],[139.7865642,35.6913986],[139.7866157,35.6914321],[139.7866707,35.6914705],[139.7868317,35.6915827],[139.7869838,35.6916888],[139.7870218,35.6917152],[139.7870517,35.6917361],[139.7870176,35.6917845]]},"properties":{"routeId":"osm_route_05_015","originId":"route_origin_harumi_waterfront_far_001","originName":"Harumi waterfront far controlled route test origin","shelterId":"chuo_official_emergency_015","shelterName":"日本橋中学校","plateauBuildingId":"13102-bldg-15963","routeDistanceMeters":5939.296,"estimatedTravelTimeSeconds":4949.413,"routeSource":"OSM","routeType":"estimated_pedestrian_route","isOfficialEvacuationRoute":false}},{"type":"Feature","geometry":{"type":"LineString","coordinates":[[139.7906705,35.6501133],[139.791068,35.6503791],[139.7910997,35.6503561],[139.7911267,35.6504472],[139.7910519,35.6504888],[139.7911847,35.6506743],[139.79119,35.6507001],[139.7911758,35.6507174],[139.7910352,35.6508093],[139.7910023,35.6508386],[139.7911143,35.6508996],[139.7911431,35.6509165],[139.7911485,35.6509334],[139.7911485,35.6509601],[139.7911632,35.6509786],[139.7912014,35.6510015],[139.7912289,35.651008],[139.7912665,35.6510238],[139.7913262,35.6510711],[139.7912501,35.6511287],[139.791105,35.6513113],[139.7910502,35.6513314],[139.7909245,35.6514464],[139.7908974,35.6514825],[139.7907946,35.6516637],[139.7907571,35.6517275],[139.790951,35.6518568],[139.7910743,35.6519468],[139.7910483,35.6519812],[139.7915769,35.6523366],[139.7916527,35.6523849],[139.7919313,35.6525786],[139.792428,35.6528795],[139.7925025,35.6529325],[139.7924473,35.6529837],[139.7922094,35.6532161],[139.7922596,35.6532566],[139.792025,35.6535356],[139.7919627,35.653591],[139.7919018,35.653651],[139.7918664,35.6536915],[139.7918674,35.6537234],[139.7913726,35.6542786],[139.7913818,35.6542845],[139.7913986,35.6542931],[139.7913589,35.6543302],[139.7912329,35.6544566],[139.7912136,35.6544781],[139.7911796,35.6545146],[139.7912114,35.654536],[139.7912437,35.6545572],[139.7912491,35.6545771],[139.7912839,35.6546005],[139.791303,35.6546147],[139.7912677,35.6546616],[139.7912317,35.6547119],[139.7909996,35.6550259],[139.7909674,35.6550692],[139.7911397,35.6551536],[139.7910937,35.6552132],[139.7910093,35.6552156],[139.7909148,35.6553478],[139.7909148,35.6554807],[139.7909148,35.6555394],[139.7908132,35.655674],[139.7907183,35.6563653],[139.7905328,35.6577178],[139.7904256,35.6584999],[139.7904637,35.6585032],[139.7904627,35.6585598],[139.788394,35.658384],[139.7883359,35.6583794],[139.7883009,35.6585925],[139.7880625,35.6585657],[139.7880489,35.6586495],[139.7880174,35.6588425],[139.7880059,35.658913],[139.7880302,35.6589155],[139.7880398,35.6589584],[139.7878587,35.6604318],[139.787852,35.6604861],[139.7878447,35.6605268],[139.7878413,35.6605457],[139.7878572,35.6605777],[139.7878275,35.6607671],[139.7877299,35.6613894],[139.7876285,35.6616101],[139.787558,35.6617037],[139.7875029,35.6617806],[139.7874066,35.6619021],[139.7849296,35.6641357],[139.7848419,35.6641633],[139.7847386,35.6642492],[139.7846413,35.6643299],[139.7845479,35.6644075],[139.7845454,35.6644292],[139.783821,35.6650962],[139.7838862,35.6651432],[139.7837777,35.6652399],[139.7839507,35.6653677],[139.7838898,35.6655106],[139.7838243,35.6655694],[139.7831271,35.6661953],[139.7830121,35.6662985],[139.7821296,35.6671239],[139.7820797,35.6671043],[139.7819398,35.6671996],[139.7818611,35.6672604],[139.7802997,35.6687027],[139.7803501,35.6688117],[139.780357,35.6689015],[139.7802954,35.6689225],[139.7802561,35.6689376],[139.780426,35.6693078],[139.780604,35.6696899],[139.7808317,35.67018],[139.78084,35.6702372],[139.7808799,35.6705151],[139.7809108,35.6707188],[139.7809318,35.6708572],[139.7809379,35.6708978],[139.7809475,35.6709609],[139.7809967,35.6712857],[139.7810056,35.6713442],[139.7810018,35.671452],[139.7809934,35.6716871],[139.7809918,35.6717319],[139.7809745,35.6722177],[139.780965,35.6724839],[139.7808706,35.672693],[139.7808488,35.6727411],[139.780818,35.6728075],[139.7806777,35.6731098],[139.7806169,35.6731456],[139.7801688,35.6731856],[139.7801635,35.6735837],[139.7801655,35.6740707],[139.7801677,35.6741524],[139.7801618,35.6741893],[139.780144,35.6742253],[139.7799854,35.674476],[139.7799422,35.6745286],[139.7798631,35.6746016],[139.7797951,35.6746616],[139.7791163,35.6752983],[139.7790503,35.6753481],[139.7787425,35.6758662],[139.7785693,35.6761701],[139.7786913,35.6763778],[139.7786208,35.6763971],[139.7786054,35.6764305],[139.7782673,35.676516],[139.7783124,35.6765974],[139.7783639,35.6766906],[139.7783478,35.6767712],[139.7782667,35.6768047],[139.7781455,35.6768547],[139.7782431,35.6770117],[139.7781731,35.6770523],[139.7776082,35.6773015],[139.7775796,35.6773141],[139.7777436,35.6775689],[139.7777002,35.677588],[139.7775125,35.6776708],[139.7773355,35.6777488],[139.7771687,35.6778223],[139.7770387,35.677878],[139.7766304,35.6780531],[139.7768936,35.678471],[139.7768183,35.6785027],[139.776874,35.6785906],[139.7768148,35.678615],[139.776957,35.6788381],[139.776949,35.6788976],[139.7764924,35.6790837],[139.7765168,35.6791234]]},"properties":{"routeId":"osm_route_05_016","originId":"route_origin_harumi_waterfront_far_001","originName":"Harumi waterfront far controlled route test origin","shelterId":"chuo_official_emergency_016","shelterName":"阪本小学校","plateauBuildingId":"13102-bldg-10474","routeDistanceMeters":4275.163,"estimatedTravelTimeSeconds":3562.636,"routeSource":"OSM","routeType":"estimated_pedestrian_route","isOfficialEvacuationRoute":false}},{"type":"Feature","geometry":{"type":"LineString","coordinates":[[139.7906705,35.6501133],[139.791068,35.6503791],[139.7910997,35.6503561],[139.7911267,35.6504472],[139.7910519,35.6504888],[139.7911847,35.6506743],[139.79119,35.6507001],[139.7911758,35.6507174],[139.7910352,35.6508093],[139.7910023,35.6508386],[139.7911143,35.6508996],[139.7911431,35.6509165],[139.7911485,35.6509334],[139.7911485,35.6509601],[139.7911632,35.6509786],[139.7912014,35.6510015],[139.7912289,35.651008],[139.7912665,35.6510238],[139.7913262,35.6510711],[139.7912501,35.6511287],[139.791105,35.6513113],[139.7910502,35.6513314],[139.7909245,35.6514464],[139.7908974,35.6514825],[139.7907946,35.6516637],[139.7907571,35.6517275],[139.790951,35.6518568],[139.7910743,35.6519468],[139.7910483,35.6519812],[139.7915769,35.6523366],[139.7916527,35.6523849],[139.7919313,35.6525786],[139.792428,35.6528795],[139.7925025,35.6529325],[139.7924473,35.6529837],[139.7922094,35.6532161],[139.7922596,35.6532566],[139.792025,35.6535356],[139.7919627,35.653591],[139.7919018,35.653651],[139.7918664,35.6536915],[139.7918674,35.6537234],[139.7913726,35.6542786],[139.7913818,35.6542845],[139.7913986,35.6542931],[139.7913589,35.6543302],[139.7912329,35.6544566],[139.7912136,35.6544781],[139.7911796,35.6545146],[139.7912114,35.654536],[139.7912437,35.6545572],[139.7912491,35.6545771],[139.7912839,35.6546005],[139.791303,35.6546147],[139.7912677,35.6546616],[139.7912317,35.6547119],[139.7909996,35.6550259],[139.7909674,35.6550692],[139.7911397,35.6551536],[139.7910937,35.6552132],[139.7910093,35.6552156],[139.7909148,35.6553478],[139.7909148,35.6554807],[139.7909148,35.6555394],[139.7908132,35.655674],[139.7907183,35.6563653],[139.7905328,35.6577178],[139.7904256,35.6584999],[139.7904637,35.6585032],[139.7904627,35.6585598],[139.788394,35.658384],[139.7883359,35.6583794],[139.7883009,35.6585925],[139.7880625,35.6585657],[139.7880489,35.6586495],[139.7880174,35.6588425],[139.7880059,35.658913],[139.7880302,35.6589155],[139.7880398,35.6589584],[139.7878587,35.6604318],[139.787852,35.6604861],[139.7878447,35.6605268],[139.7878413,35.6605457],[139.7878572,35.6605777],[139.7878275,35.6607671],[139.7877299,35.6613894],[139.7876285,35.6616101],[139.787558,35.6617037],[139.7875029,35.6617806],[139.7874066,35.6619021],[139.7849296,35.6641357],[139.7848419,35.6641633],[139.7847386,35.6642492],[139.7846413,35.6643299],[139.7845479,35.6644075],[139.7845454,35.6644292],[139.783821,35.6650962],[139.7838862,35.6651432],[139.7837777,35.6652399],[139.7839507,35.6653677],[139.7838898,35.6655106],[139.7838243,35.6655694],[139.7831271,35.6661953],[139.7830121,35.6662985],[139.7831485,35.6664055],[139.7832019,35.6664705],[139.7832702,35.6665982],[139.7833865,35.6668467],[139.7834583,35.6669877],[139.7834827,35.6670403],[139.7834929,35.6671059],[139.7835169,35.6671745],[139.7835284,35.6672251],[139.7835407,35.6672726],[139.7836489,35.6674513],[139.7837148,35.6675733],[139.7838678,35.6678537],[139.7838633,35.6679928],[139.7838606,35.6681628],[139.7838614,35.668214],[139.7838633,35.6683241],[139.783823,35.6686117],[139.7839585,35.6687762],[139.7840872,35.6687544],[139.7843608,35.6688045],[139.7844386,35.6688394]]},"properties":{"routeId":"osm_route_05_017","originId":"route_origin_harumi_waterfront_far_001","originName":"Harumi waterfront far controlled route test origin","shelterId":"chuo_official_emergency_017","shelterName":"佃島小学校","plateauBuildingId":"13102-bldg-8511","routeDistanceMeters":2799.296,"estimatedTravelTimeSeconds":2332.747,"routeSource":"OSM","routeType":"estimated_pedestrian_route","isOfficialEvacuationRoute":false}},{"type":"Feature","geometry":{"type":"LineString","coordinates":[[139.7906705,35.6501133],[139.791068,35.6503791],[139.7910997,35.6503561],[139.7911267,35.6504472],[139.7910519,35.6504888],[139.7911847,35.6506743],[139.79119,35.6507001],[139.7911758,35.6507174],[139.7910352,35.6508093],[139.7910023,35.6508386],[139.7911143,35.6508996],[139.7911431,35.6509165],[139.7911485,35.6509334],[139.7911485,35.6509601],[139.7911632,35.6509786],[139.7912014,35.6510015],[139.7912289,35.651008],[139.7912665,35.6510238],[139.7913262,35.6510711],[139.7912501,35.6511287],[139.791105,35.6513113],[139.7910502,35.6513314],[139.7909245,35.6514464],[139.7908974,35.6514825],[139.7907946,35.6516637],[139.7907571,35.6517275],[139.790951,35.6518568],[139.7910743,35.6519468],[139.7910483,35.6519812],[139.7915769,35.6523366],[139.7916527,35.6523849],[139.7919313,35.6525786],[139.792428,35.6528795],[139.7925025,35.6529325],[139.7924473,35.6529837],[139.7922094,35.6532161],[139.7922596,35.6532566],[139.792025,35.6535356],[139.7919627,35.653591],[139.7919018,35.653651],[139.7918664,35.6536915],[139.7918674,35.6537234],[139.7913726,35.6542786],[139.7913818,35.6542845],[139.7913986,35.6542931],[139.7913589,35.6543302],[139.7912329,35.6544566],[139.7912136,35.6544781],[139.7911796,35.6545146],[139.7912114,35.654536],[139.7912437,35.6545572],[139.7912491,35.6545771],[139.7912839,35.6546005],[139.791303,35.6546147],[139.7912677,35.6546616],[139.7912317,35.6547119],[139.7909996,35.6550259],[139.7909674,35.6550692],[139.7911397,35.6551536],[139.7910937,35.6552132],[139.7910093,35.6552156],[139.7909148,35.6553478],[139.7909148,35.6554807],[139.7909148,35.6555394],[139.7908132,35.655674],[139.7907183,35.6563653],[139.7905328,35.6577178],[139.7904256,35.6584999],[139.7904637,35.6585032],[139.7904627,35.6585598],[139.788394,35.658384],[139.7883359,35.6583794],[139.7883009,35.6585925],[139.7880625,35.6585657],[139.7880489,35.6586495],[139.7880174,35.6588425],[139.7880059,35.658913],[139.7880302,35.6589155],[139.7880398,35.6589584],[139.7878587,35.6604318],[139.787852,35.6604861],[139.7878447,35.6605268],[139.7878413,35.6605457],[139.7878572,35.6605777],[139.7878275,35.6607671],[139.7877299,35.6613894],[139.7876285,35.6616101],[139.787558,35.6617037],[139.7875029,35.6617806],[139.7874066,35.6619021],[139.7849296,35.6641357],[139.7848419,35.6641633],[139.7847386,35.6642492],[139.7846413,35.6643299],[139.7845479,35.6644075],[139.7845454,35.6644292],[139.783821,35.6650962],[139.7838862,35.6651432],[139.7839869,35.6652158],[139.784061,35.6652692],[139.7841155,35.6653084],[139.7840965,35.6653487],[139.7841002,35.6653831],[139.784137,35.6654159],[139.78426,35.6655131],[139.7842777,35.6655362],[139.7842217,35.6655877],[139.7841743,35.6656298],[139.7841856,35.665643],[139.7841771,35.6656592],[139.7835479,35.666195],[139.7835723,35.6662288],[139.783543,35.6662557],[139.7835641,35.6663032],[139.7835761,35.6663284],[139.783608,35.6663959],[139.7836416,35.6664601],[139.7836931,35.6665683],[139.783743,35.66667],[139.7837884,35.6667209],[139.7838999,35.6668078],[139.7839304,35.6668296],[139.7840868,35.6669452],[139.7841735,35.6670193],[139.7842975,35.6671168],[139.7843423,35.6671513],[139.7843909,35.6671919],[139.7845345,35.6673],[139.7847256,35.6674449]]},"properties":{"routeId":"osm_route_05_018","originId":"route_origin_harumi_waterfront_far_001","originName":"Harumi waterfront far controlled route test origin","shelterId":"chuo_official_emergency_018","shelterName":"佃中学校","plateauBuildingId":"13102-bldg-8511","routeDistanceMeters":2626.9,"estimatedTravelTimeSeconds":2189.083,"routeSource":"OSM","routeType":"estimated_pedestrian_route","isOfficialEvacuationRoute":false}},{"type":"Feature","geometry":{"type":"LineString","coordinates":[[139.7906705,35.6501133],[139.791068,35.6503791],[139.7910997,35.6503561],[139.7911974,35.6502852],[139.7913437,35.6502026],[139.7914826,35.650149],[139.7915438,35.6501258],[139.7914228,35.6499646],[139.791114,35.6496445],[139.7908174,35.6493811],[139.7907976,35.6493645],[139.7899312,35.650071],[139.7893556,35.649702],[139.788466,35.6490806],[139.7883976,35.649057],[139.7883353,35.649116],[139.7876885,35.6497279],[139.7874134,35.6500102],[139.7866534,35.6508765],[139.7863783,35.6511615],[139.7851196,35.6524106],[139.7849133,35.6526342],[139.7842652,35.6533152],[139.784156,35.6534179],[139.7840699,35.6535063],[139.7840538,35.6535189],[139.7837665,35.6537447],[139.7832596,35.6542084],[139.7829609,35.6544816],[139.7829364,35.6545294],[139.7828881,35.6545729],[139.782802,35.6546503],[139.7827619,35.6546503],[139.7825055,35.6549096],[139.7821817,35.6551913],[139.7821643,35.6552443],[139.7821668,35.6552693],[139.7820747,35.6553605],[139.781925,35.6555089],[139.7818444,35.6555887],[139.7817684,35.655589],[139.7813589,35.6560045],[139.7811244,35.6562572],[139.7809267,35.6564512],[139.7806922,35.6566814],[139.7804277,35.6569306],[139.7802372,35.6570157],[139.7795695,35.657704],[139.7791764,35.6580675],[139.7788288,35.6584128],[139.778779,35.6584622],[139.7787418,35.6584966],[139.778699,35.658536],[139.7786522,35.6585625],[139.7783561,35.6588711],[139.7783222,35.6589061],[139.7782891,35.6589403],[139.7779629,35.659276],[139.7779605,35.659344],[139.7778868,35.6594142],[139.777808,35.6594852],[139.7782008,35.6597648],[139.7786114,35.660048],[139.7787743,35.6601665],[139.7791457,35.6604243],[139.7793734,35.6605809],[139.7796455,35.6607693],[139.7797983,35.6608751],[139.7799551,35.6609837]]},"properties":{"routeId":"osm_route_05_019","originId":"route_origin_harumi_waterfront_far_001","originName":"Harumi waterfront far controlled route test origin","shelterId":"chuo_official_emergency_019","shelterName":"月島第一小学校","plateauBuildingId":"13102-bldg-5099","routeDistanceMeters":2265.241,"estimatedTravelTimeSeconds":1887.701,"routeSource":"OSM","routeType":"estimated_pedestrian_route","isOfficialEvacuationRoute":false}},{"type":"Feature","geometry":{"type":"LineString","coordinates":[[139.7906705,35.6501133],[139.791068,35.6503791],[139.7910997,35.6503561],[139.7911974,35.6502852],[139.7913437,35.6502026],[139.7914826,35.650149],[139.7915438,35.6501258],[139.7914228,35.6499646],[139.791114,35.6496445],[139.7908174,35.6493811],[139.7907976,35.6493645],[139.7899312,35.650071],[139.7893556,35.649702],[139.788466,35.6490806],[139.7883976,35.649057],[139.7883353,35.649116],[139.7876885,35.6497279],[139.7874134,35.6500102],[139.7866534,35.6508765],[139.7863783,35.6511615],[139.7851196,35.6524106],[139.7849133,35.6526342],[139.7842652,35.6533152],[139.784156,35.6534179],[139.7840699,35.6535063],[139.7840538,35.6535189],[139.7837665,35.6537447],[139.7832596,35.6542084],[139.7832087,35.6541859],[139.7831406,35.6542365],[139.7828125,35.6545219],[139.7824542,35.6548741],[139.7822204,35.6550778],[139.782103,35.6550966],[139.7820338,35.6551682],[139.7819363,35.6552624],[139.7817844,35.6554124],[139.7816743,35.6555235],[139.7812499,35.6559345],[139.7807632,35.65641],[139.7805659,35.6566028],[139.7801082,35.6570499],[139.7794593,35.657669],[139.7790988,35.6580131],[139.7787687,35.6583282],[139.7787434,35.6583531],[139.7786572,35.6584381],[139.7785781,35.658516],[139.7784838,35.6584569],[139.7781432,35.6587843],[139.7777647,35.6591437],[139.777684,35.6590897],[139.7776206,35.659109],[139.7775302,35.6591583],[139.7774511,35.6592251],[139.7774079,35.6593264],[139.7773085,35.6592424],[139.7772511,35.6592058],[139.7770816,35.6590978],[139.7768765,35.6593017],[139.7768525,35.6593035],[139.776823,35.6593058],[139.7763735,35.6593399],[139.7763564,35.6593562],[139.7760065,35.6596893],[139.7759756,35.6597187]]},"properties":{"routeId":"osm_route_05_020","originId":"route_origin_harumi_waterfront_far_001","originName":"Harumi waterfront far controlled route test origin","shelterId":"chuo_official_emergency_020","shelterName":"月島第二小学校","plateauBuildingId":"13102-bldg-9813","routeDistanceMeters":2208.178,"estimatedTravelTimeSeconds":1840.148,"routeSource":"OSM","routeType":"estimated_pedestrian_route","isOfficialEvacuationRoute":false}},{"type":"Feature","geometry":{"type":"LineString","coordinates":[[139.7906705,35.6501133],[139.791068,35.6503791],[139.7910997,35.6503561],[139.7911267,35.6504472],[139.7910519,35.6504888],[139.7911847,35.6506743],[139.79119,35.6507001],[139.7911758,35.6507174],[139.7910352,35.6508093],[139.7910023,35.6508386],[139.7911143,35.6508996],[139.7911431,35.6509165],[139.7911485,35.6509334],[139.7911485,35.6509601],[139.7911632,35.6509786],[139.7912014,35.6510015],[139.7912289,35.651008],[139.7912665,35.6510238],[139.7913262,35.6510711],[139.7912501,35.6511287],[139.791105,35.6513113],[139.7910502,35.6513314],[139.7909245,35.6514464],[139.7908974,35.6514825],[139.7907946,35.6516637],[139.7907571,35.6517275],[139.790951,35.6518568],[139.7910743,35.6519468],[139.7910483,35.6519812],[139.7915769,35.6523366],[139.7916527,35.6523849],[139.7919313,35.6525786],[139.792428,35.6528795],[139.7925025,35.6529325],[139.7924473,35.6529837],[139.7922094,35.6532161],[139.7922596,35.6532566],[139.792025,35.6535356],[139.7919627,35.653591],[139.7919018,35.653651],[139.7918664,35.6536915],[139.7918674,35.6537234],[139.7913726,35.6542786],[139.7913818,35.6542845],[139.7913986,35.6542931],[139.7913589,35.6543302],[139.7912329,35.6544566],[139.7912136,35.6544781],[139.7911796,35.6545146],[139.7912114,35.654536],[139.7912437,35.6545572],[139.7912491,35.6545771],[139.7912839,35.6546005],[139.791303,35.6546147],[139.7912677,35.6546616],[139.7912317,35.6547119],[139.7909996,35.6550259],[139.7909674,35.6550692],[139.7911397,35.6551536],[139.7910937,35.6552132],[139.7910093,35.6552156],[139.7909148,35.6553478],[139.7909148,35.6554807],[139.7909148,35.6555394],[139.7908132,35.655674],[139.7907183,35.6563653],[139.7905328,35.6577178],[139.7904256,35.6584999],[139.7904637,35.6585032],[139.7904627,35.6585598],[139.788394,35.658384],[139.7883359,35.6583794],[139.7883009,35.6585925],[139.7880625,35.6585657],[139.7880489,35.6586495],[139.7876036,35.6586094],[139.7873947,35.6585931],[139.7871691,35.6585668],[139.787034,35.6585396],[139.7869034,35.6585068],[139.7867138,35.6584476],[139.7865601,35.6586368],[139.7864166,35.6588075],[139.7862588,35.6589639],[139.785889,35.6593133],[139.7857193,35.6592328],[139.7857475,35.6592075]]},"properties":{"routeId":"osm_route_05_021","originId":"route_origin_harumi_waterfront_far_001","originName":"Harumi waterfront far controlled route test origin","shelterId":"chuo_official_emergency_021","shelterName":"月島第三小学校","plateauBuildingId":"13102-bldg-7675","routeDistanceMeters":1688.912,"estimatedTravelTimeSeconds":1407.427,"routeSource":"OSM","routeType":"estimated_pedestrian_route","isOfficialEvacuationRoute":false}},{"type":"Feature","geometry":{"type":"LineString","coordinates":[[139.7906705,35.6501133],[139.791068,35.6503791],[139.7910997,35.6503561],[139.7911267,35.6504472],[139.7910519,35.6504888],[139.7911847,35.6506743],[139.79119,35.6507001],[139.7911758,35.6507174],[139.7910352,35.6508093],[139.7910023,35.6508386],[139.7911143,35.6508996],[139.7911431,35.6509165],[139.7911485,35.6509334],[139.7911485,35.6509601],[139.7911632,35.6509786],[139.7912014,35.6510015],[139.7912289,35.651008],[139.7912665,35.6510238],[139.7913262,35.6510711],[139.7912501,35.6511287],[139.791105,35.6513113],[139.7910502,35.6513314],[139.7909245,35.6514464],[139.7908974,35.6514825],[139.7907946,35.6516637],[139.7907571,35.6517275],[139.790951,35.6518568],[139.7910743,35.6519468],[139.7910483,35.6519812],[139.7915769,35.6523366],[139.7916527,35.6523849],[139.7919313,35.6525786],[139.792428,35.6528795],[139.7925025,35.6529325],[139.7924473,35.6529837],[139.7922094,35.6532161],[139.7922596,35.6532566],[139.792025,35.6535356],[139.7919627,35.653591],[139.7919018,35.653651],[139.7918664,35.6536915],[139.7918674,35.6537234],[139.7913726,35.6542786],[139.7913818,35.6542845],[139.7913986,35.6542931],[139.7913589,35.6543302],[139.7912329,35.6544566],[139.7912136,35.6544781],[139.7911796,35.6545146],[139.7912114,35.654536],[139.7912437,35.6545572],[139.7912491,35.6545771],[139.7912839,35.6546005],[139.791303,35.6546147],[139.7912677,35.6546616],[139.7912317,35.6547119],[139.7909996,35.6550259],[139.7909674,35.6550692],[139.7911397,35.6551536],[139.7910937,35.6552132],[139.7910093,35.6552156],[139.7909148,35.6553478],[139.7909148,35.6554807],[139.7909148,35.6555394],[139.7908132,35.655674],[139.7907183,35.6563653],[139.7905328,35.6577178],[139.7904256,35.6584999],[139.7904637,35.6585032],[139.7904627,35.6585598],[139.788394,35.658384],[139.7883359,35.6583794],[139.7883009,35.6585925],[139.7880625,35.6585657],[139.7880489,35.6586495],[139.7876036,35.6586094],[139.7873947,35.6585931],[139.7871691,35.6585668],[139.787034,35.6585396],[139.7869034,35.6585068],[139.7867138,35.6584476],[139.7865601,35.6586368],[139.7864166,35.6588075],[139.7862588,35.6589639],[139.785889,35.6593133],[139.7857888,35.6594145],[139.7850641,35.6601484],[139.7849871,35.6600974]]},"properties":{"routeId":"osm_route_05_022","originId":"route_origin_harumi_waterfront_far_001","originName":"Harumi waterfront far controlled route test origin","shelterId":"chuo_official_emergency_022","shelterName":"晴海中学校","plateauBuildingId":"13102-bldg-1478","routeDistanceMeters":1795.405,"estimatedTravelTimeSeconds":1496.171,"routeSource":"OSM","routeType":"estimated_pedestrian_route","isOfficialEvacuationRoute":false}},{"type":"Feature","geometry":{"type":"LineString","coordinates":[[139.7906705,35.6501133],[139.791068,35.6503791],[139.7910997,35.6503561],[139.7911974,35.6502852],[139.7913437,35.6502026],[139.7914826,35.650149],[139.7915438,35.6501258],[139.7914228,35.6499646],[139.791114,35.6496445],[139.7908174,35.6493811],[139.7907976,35.6493645],[139.7899312,35.650071],[139.7893556,35.649702],[139.788466,35.6490806],[139.7883976,35.649057],[139.7883353,35.649116],[139.7876885,35.6497279],[139.7874134,35.6500102],[139.7866534,35.6508765],[139.7863783,35.6511615],[139.7851196,35.6524106],[139.7849133,35.6526342],[139.7842652,35.6533152],[139.784156,35.6534179],[139.7840699,35.6535063],[139.7840538,35.6535189],[139.7837665,35.6537447],[139.7832596,35.6542084],[139.7832087,35.6541859],[139.7831406,35.6542365],[139.7828125,35.6545219],[139.7824542,35.6548741],[139.7822204,35.6550778],[139.782103,35.6550966],[139.7820338,35.6551682],[139.7819363,35.6552624],[139.7817571,35.6551434],[139.7816046,35.6552927],[139.7814914,35.6552152],[139.7809758,35.6548717],[139.7808933,35.6549533],[139.7808488,35.6549257],[139.7804457,35.6546461],[139.7803502,35.6546267],[139.7801271,35.6548374],[139.7800769,35.6548028],[139.7800328,35.6547723],[139.7799981,35.654771],[139.7799648,35.6548045],[139.7793683,35.6544038],[139.7790698,35.654696],[139.7784721,35.6542927],[139.7784127,35.6543435],[139.7781989,35.6545549],[139.7781494,35.6545183],[139.7780963,35.6544876],[139.7780382,35.6544901],[139.7779863,35.6545441],[139.7779329,35.6545998],[139.7771286,35.6540648],[139.7770362,35.6540054],[139.7769579,35.653955],[139.7765839,35.6537202],[139.7754653,35.6529945],[139.7753971,35.6530559],[139.7750253,35.653422],[139.7742657,35.6541699],[139.7741449,35.6542963],[139.7739514,35.6544786]]},"properties":{"routeId":"osm_route_05_023","originId":"route_origin_harumi_waterfront_far_001","originName":"Harumi waterfront far controlled route test origin","shelterId":"chuo_official_emergency_023","shelterName":"豊海小学校","plateauBuildingId":"13102-bldg-2954","routeDistanceMeters":2400.941,"estimatedTravelTimeSeconds":2000.784,"routeSource":"OSM","routeType":"estimated_pedestrian_route","isOfficialEvacuationRoute":false}},{"type":"Feature","geometry":{"type":"LineString","coordinates":[[139.7906705,35.6501133],[139.791068,35.6503791],[139.7910997,35.6503561],[139.7911974,35.6502852],[139.7913437,35.6502026],[139.7914826,35.650149],[139.7915438,35.6501258],[139.7914228,35.6499646],[139.791114,35.6496445],[139.7908174,35.6493811],[139.7907976,35.6493645],[139.7899312,35.650071],[139.7893556,35.649702],[139.788466,35.6490806],[139.7883976,35.649057],[139.7883353,35.649116],[139.7876885,35.6497279],[139.7874134,35.6500102],[139.7866534,35.6508765],[139.7863783,35.6511615],[139.7851196,35.6524106],[139.7849133,35.6526342],[139.7842652,35.6533152],[139.784156,35.6534179],[139.7840699,35.6535063],[139.7840538,35.6535189],[139.7837665,35.6537447],[139.7832596,35.6542084],[139.7829609,35.6544816],[139.7829364,35.6545294],[139.7828881,35.6545729],[139.782802,35.6546503],[139.7827619,35.6546503],[139.7825055,35.6549096],[139.7821817,35.6551913],[139.7821643,35.6552443],[139.7821668,35.6552693],[139.7820747,35.6553605],[139.781925,35.6555089],[139.7818444,35.6555887],[139.7817684,35.655589],[139.7813589,35.6560045],[139.7811244,35.6562572],[139.7809267,35.6564512],[139.7806922,35.6566814],[139.7804277,35.6569306],[139.7802372,35.6570157],[139.7795695,35.657704],[139.7791764,35.6580675],[139.7788288,35.6584128],[139.778779,35.6584622],[139.7787418,35.6584966],[139.778699,35.658536],[139.7786522,35.6585625],[139.7783561,35.6588711],[139.7783222,35.6589061],[139.7782891,35.6589403],[139.7779629,35.659276],[139.7779605,35.659344],[139.7778868,35.6594142],[139.777808,35.6594852],[139.7777184,35.6595658],[139.7776637,35.6595676],[139.7769872,35.6602614],[139.7769414,35.6603166],[139.7769064,35.6603554],[139.7768688,35.6603921],[139.7768306,35.6604295],[139.7759147,35.6613254],[139.7758181,35.6614199],[139.7751894,35.6621137],[139.7747543,35.6625799],[139.7741869,35.6632034],[139.7741249,35.6632818],[139.7739297,35.6634784],[139.7739257,35.6634843],[139.7739235,35.6634901],[139.7739219,35.6634974],[139.7739217,35.6635043],[139.7739227,35.6635123],[139.7739258,35.6635198],[139.7738855,35.6635826],[139.7738518,35.6636347],[139.7738311,35.6636378],[139.7737667,35.6636972],[139.7735952,35.6638555],[139.7733821,35.6640527],[139.7733702,35.6640724],[139.7733461,35.6640958],[139.7733126,35.6641238],[139.7732881,35.6641344],[139.7730441,35.6643676],[139.7727937,35.6645815],[139.7727869,35.664621],[139.7727352,35.6646678],[139.7726887,35.6647186],[139.7726481,35.6647288],[139.7721648,35.6652162],[139.772026,35.6653568],[139.7719628,35.6654206],[139.7717246,35.665661],[139.7717049,35.6656809],[139.7713805,35.6660088],[139.7715821,35.6661565],[139.7717129,35.6662523],[139.7717672,35.6663613],[139.7718227,35.6664073],[139.7719015,35.666469],[139.7718972,35.6668087],[139.7718178,35.6668782],[139.771694,35.6669833],[139.7715896,35.667072],[139.7715701,35.6670886],[139.7715109,35.667143],[139.7720092,35.6675355],[139.7719316,35.6676099],[139.7720205,35.6676803],[139.7719571,35.6677397],[139.7720015,35.667778],[139.7720432,35.6678141],[139.7720515,35.6678209],[139.7721974,35.6679402],[139.7713392,35.6686181],[139.7720511,35.6692169],[139.7719903,35.6692639],[139.7719275,35.6693124],[139.7719342,35.669332],[139.7719262,35.6693604],[139.7716419,35.669587],[139.7716055,35.6696143],[139.7716424,35.6696459],[139.7716892,35.6697013],[139.7719271,35.6699829],[139.7720942,35.6701807],[139.7723298,35.6704633]]},"properties":{"routeId":"osm_route_05_024","originId":"route_origin_harumi_waterfront_far_001","originName":"Harumi waterfront far controlled route test origin","shelterId":"chuo_official_emergency_024","shelterName":"中央区役所","plateauBuildingId":"13102-bldg-10473","routeDistanceMeters":3605.111,"estimatedTravelTimeSeconds":3004.259,"routeSource":"OSM","routeType":"estimated_pedestrian_route","isOfficialEvacuationRoute":false}},{"type":"Feature","geometry":{"type":"LineString","coordinates":[[139.7906705,35.6501133],[139.791068,35.6503791],[139.7910997,35.6503561],[139.7911267,35.6504472],[139.7910519,35.6504888],[139.7911847,35.6506743],[139.79119,35.6507001],[139.7911758,35.6507174],[139.7910352,35.6508093],[139.7910023,35.6508386],[139.7911143,35.6508996],[139.7911431,35.6509165],[139.7911485,35.6509334],[139.7911485,35.6509601],[139.7911632,35.6509786],[139.7912014,35.6510015],[139.7912289,35.651008],[139.7912665,35.6510238],[139.7913262,35.6510711],[139.7912501,35.6511287],[139.791105,35.6513113],[139.7910502,35.6513314],[139.7909245,35.6514464],[139.7908974,35.6514825],[139.7907946,35.6516637],[139.7907571,35.6517275],[139.790951,35.6518568],[139.7910743,35.6519468],[139.7910483,35.6519812],[139.7915769,35.6523366],[139.7916527,35.6523849],[139.7919313,35.6525786],[139.792428,35.6528795],[139.7925025,35.6529325],[139.7924473,35.6529837],[139.7922094,35.6532161],[139.7922596,35.6532566],[139.792025,35.6535356],[139.7919627,35.653591],[139.7919018,35.653651],[139.7918664,35.6536915],[139.7918674,35.6537234],[139.7913726,35.6542786],[139.7913818,35.6542845],[139.7913986,35.6542931],[139.7913589,35.6543302],[139.7912329,35.6544566],[139.7912136,35.6544781],[139.7911796,35.6545146],[139.7912114,35.654536],[139.7912437,35.6545572],[139.7912491,35.6545771],[139.7912839,35.6546005],[139.791303,35.6546147],[139.7912677,35.6546616],[139.7912317,35.6547119],[139.7909996,35.6550259],[139.7909674,35.6550692],[139.7911397,35.6551536],[139.7910937,35.6552132],[139.7910093,35.6552156],[139.7909148,35.6553478],[139.7909148,35.6554807],[139.7909148,35.6555394],[139.7908132,35.655674],[139.7907183,35.6563653],[139.7905328,35.6577178],[139.7904256,35.6584999],[139.7904637,35.6585032],[139.7904627,35.6585598],[139.788394,35.658384],[139.7883359,35.6583794],[139.7883009,35.6585925],[139.7880625,35.6585657],[139.7880489,35.6586495],[139.7880174,35.6588425],[139.7880059,35.658913],[139.7880302,35.6589155],[139.7880398,35.6589584],[139.7878587,35.6604318],[139.787852,35.6604861],[139.7878447,35.6605268],[139.7878413,35.6605457],[139.7878572,35.6605777],[139.7878275,35.6607671],[139.7877299,35.6613894],[139.7876285,35.6616101],[139.787558,35.6617037],[139.7875029,35.6617806],[139.7874066,35.6619021],[139.7849296,35.6641357],[139.7848419,35.6641633],[139.7847386,35.6642492],[139.7846413,35.6643299],[139.7845479,35.6644075],[139.7845454,35.6644292],[139.783821,35.6650962],[139.7838862,35.6651432],[139.7839869,35.6652158],[139.784061,35.6652692],[139.7841155,35.6653084],[139.7840965,35.6653487],[139.7841002,35.6653831],[139.784137,35.6654159],[139.78426,35.6655131],[139.7842777,35.6655362],[139.7843377,35.6655805],[139.784376,35.6656106],[139.7843615,35.6656289],[139.7844007,35.6656604],[139.7845767,35.6658018],[139.7847319,35.6659048],[139.7850197,35.6661407],[139.7851574,35.6662494],[139.7851296,35.6662765],[139.7852065,35.6663358],[139.7852567,35.6663746],[139.785304,35.6664125],[139.7853697,35.6664617],[139.7855181,35.6665768],[139.7856653,35.6666907],[139.7862027,35.6670932],[139.7861591,35.6671355],[139.7861064,35.6671866],[139.7861508,35.6672193],[139.7862111,35.6672674],[139.7862691,35.6673093],[139.7857512,35.6677645],[139.7856649,35.667853],[139.785563,35.6679978],[139.7854471,35.6682054],[139.7853779,35.6684208],[139.7852997,35.6687268],[139.7851797,35.6692119],[139.7850082,35.6698954],[139.7849571,35.6700951],[139.7847766,35.6707776],[139.7847576,35.6708444],[139.7845356,35.6717126],[139.7844451,35.6719626],[139.7843818,35.6721047],[139.7842943,35.6722469],[139.7841525,35.6724306],[139.7839406,35.6726316],[139.7840355,35.6726789],[139.7842309,35.6727841],[139.7843823,35.6729087],[139.784419,35.6728867],[139.784689,35.6731125],[139.7849782,35.673378],[139.7850505,35.6734028],[139.785777,35.6742971],[139.7861577,35.6747656],[139.7862152,35.6753515],[139.7863014,35.6755649],[139.7864453,35.6759697],[139.7864992,35.6762683],[139.7864865,35.676359],[139.786503,35.6763936],[139.7865077,35.6764298],[139.7863336,35.6764698],[139.7863168,35.6764722],[139.7863329,35.6765264],[139.7863543,35.6765983],[139.7863746,35.6766668],[139.7862807,35.6767024],[139.7862153,35.6767208],[139.7862349,35.6767598],[139.7862658,35.6768378],[139.7864185,35.6772016],[139.7864704,35.677276],[139.786756,35.6776558],[139.7867823,35.6776973],[139.7867767,35.6777377],[139.7867412,35.6777778],[139.7859496,35.6782037],[139.7859743,35.6782374],[139.7861464,35.6784721],[139.7864164,35.6788284],[139.7861688,35.6790118],[139.7859212,35.6791963],[139.7858795,35.6792273],[139.7858241,35.679268],[139.7861628,35.6795701],[139.7860947,35.6796188],[139.7861631,35.6796929],[139.7861564,35.6797572],[139.7860786,35.6798269],[139.7861383,35.6798808],[139.7855439,35.6803591],[139.7855827,35.6803858],[139.7855182,35.680459],[139.7854521,35.6805333],[139.7852407,35.6807711],[139.7849237,35.6811618],[139.784666,35.6814627],[139.7844984,35.6816583],[139.7843922,35.6817822],[139.7843599,35.6818201],[139.7841347,35.682083],[139.7840974,35.6821265],[139.7841521,35.6821519],[139.7844547,35.6822923]]},"properties":{"routeId":"osm_route_05_025","originId":"route_origin_harumi_waterfront_far_001","originName":"Harumi waterfront far controlled route test origin","shelterId":"chuo_official_emergency_025","shelterName":"日本橋区民センター","plateauBuildingId":"13102-bldg-12306","routeDistanceMeters":4646.193,"estimatedTravelTimeSeconds":3871.828,"routeSource":"OSM","routeType":"estimated_pedestrian_route","isOfficialEvacuationRoute":false}},{"type":"Feature","geometry":{"type":"LineString","coordinates":[[139.7906705,35.6501133],[139.791068,35.6503791],[139.7910997,35.6503561],[139.7911267,35.6504472],[139.7910519,35.6504888],[139.7911847,35.6506743],[139.79119,35.6507001],[139.7911758,35.6507174],[139.7910352,35.6508093],[139.7910023,35.6508386],[139.7911143,35.6508996],[139.7911431,35.6509165],[139.7911485,35.6509334],[139.7911485,35.6509601],[139.7911632,35.6509786],[139.7912014,35.6510015],[139.7912289,35.651008],[139.7912665,35.6510238],[139.7913262,35.6510711],[139.7912501,35.6511287],[139.791105,35.6513113],[139.7910502,35.6513314],[139.7909245,35.6514464],[139.7908974,35.6514825],[139.7907946,35.6516637],[139.7907571,35.6517275],[139.790951,35.6518568],[139.7910743,35.6519468],[139.7910483,35.6519812],[139.7915769,35.6523366],[139.7916527,35.6523849],[139.7919313,35.6525786],[139.792428,35.6528795],[139.7925025,35.6529325],[139.7924473,35.6529837],[139.7922094,35.6532161],[139.7922596,35.6532566],[139.792025,35.6535356],[139.7919627,35.653591],[139.7919018,35.653651],[139.7918664,35.6536915],[139.7918674,35.6537234],[139.7913726,35.6542786],[139.7913818,35.6542845],[139.7913986,35.6542931],[139.7913589,35.6543302],[139.7912329,35.6544566],[139.7912136,35.6544781],[139.7911796,35.6545146],[139.7912114,35.654536],[139.7912437,35.6545572],[139.7912491,35.6545771],[139.7912839,35.6546005],[139.791303,35.6546147],[139.7912677,35.6546616],[139.7912317,35.6547119],[139.7909996,35.6550259],[139.7909674,35.6550692],[139.7911397,35.6551536],[139.7910937,35.6552132],[139.7910093,35.6552156],[139.7909148,35.6553478],[139.7909148,35.6554807],[139.7909148,35.6555394],[139.7908132,35.655674],[139.7907183,35.6563653],[139.7905328,35.6577178],[139.7904256,35.6584999],[139.7904637,35.6585032],[139.7904627,35.6585598],[139.788394,35.658384],[139.7883359,35.6583794],[139.7883009,35.6585925],[139.7880625,35.6585657],[139.7880489,35.6586495],[139.7876036,35.6586094],[139.7873947,35.6585931],[139.7871691,35.6585668],[139.787034,35.6585396],[139.7869034,35.6585068],[139.7867138,35.6584476],[139.7865601,35.6586368],[139.7864166,35.6588075],[139.7862588,35.6589639],[139.785889,35.6593133],[139.7857888,35.6594145],[139.7850641,35.6601484],[139.784998,35.6602152],[139.7849321,35.660282],[139.7843283,35.6608944],[139.7842525,35.6609668],[139.7838331,35.6613565],[139.7834199,35.6617424],[139.7833909,35.6617694],[139.7833548,35.6618031],[139.7829496,35.6621815],[139.7829061,35.6621504],[139.782501,35.662536],[139.7824257,35.6625173],[139.7823944,35.6624944],[139.7815708,35.6618902]]},"properties":{"routeId":"osm_route_05_026","originId":"route_origin_harumi_waterfront_far_001","originName":"Harumi waterfront far controlled route test origin","shelterId":"chuo_official_emergency_026","shelterName":"月島区民センター","plateauBuildingId":"13102-bldg-3852","routeDistanceMeters":2255.236,"estimatedTravelTimeSeconds":1879.363,"routeSource":"OSM","routeType":"estimated_pedestrian_route","isOfficialEvacuationRoute":false}},{"type":"Feature","geometry":{"type":"LineString","coordinates":[[139.7906705,35.6501133],[139.791068,35.6503791],[139.7910997,35.6503561],[139.7911974,35.6502852],[139.7913437,35.6502026],[139.7914826,35.650149],[139.7915438,35.6501258],[139.7914228,35.6499646],[139.791114,35.6496445],[139.7908174,35.6493811],[139.7907976,35.6493645],[139.7899312,35.650071],[139.7893556,35.649702],[139.788466,35.6490806],[139.7883976,35.649057],[139.7883353,35.649116],[139.7876885,35.6497279],[139.7874134,35.6500102],[139.7866534,35.6508765],[139.7863783,35.6511615],[139.7851196,35.6524106],[139.7849133,35.6526342],[139.7842652,35.6533152],[139.784156,35.6534179],[139.7840699,35.6535063],[139.7840538,35.6535189],[139.7837665,35.6537447],[139.7832596,35.6542084],[139.7832087,35.6541859],[139.7831406,35.6542365],[139.7828125,35.6545219],[139.7824542,35.6548741],[139.7822204,35.6550778],[139.782103,35.6550966],[139.7820338,35.6551682],[139.7818564,35.6550465],[139.7817689,35.6549762],[139.7817221,35.6549792],[139.7816574,35.6550499],[139.7815847,35.6550034],[139.7805619,35.654327],[139.780449,35.6542476],[139.7793589,35.6535196],[139.7793047,35.6535715],[139.7792446,35.6536289],[139.7791951,35.6536763],[139.7790721,35.653597],[139.7789627,35.6535237],[139.7788864,35.6535974],[139.778173,35.6531086],[139.7780387,35.6531551],[139.7779864,35.6531284],[139.7779503,35.6531328],[139.7779368,35.6531344],[139.7778905,35.653166],[139.7778375,35.65322],[139.7778325,35.6532285],[139.7777556,35.6531828],[139.7775349,35.6534068],[139.7770986,35.6538497],[139.776715,35.6535904],[139.7759097,35.6530648],[139.7751903,35.6525921],[139.7744539,35.6521539]]},"properties":{"routeId":"osm_route_05_027","originId":"route_origin_harumi_waterfront_far_001","originName":"Harumi waterfront far controlled route test origin","shelterId":"chuo_official_emergency_027","shelterName":"(旧)ほっとプラザはるみ","plateauBuildingId":"13102-bldg-525","routeDistanceMeters":2299.418,"estimatedTravelTimeSeconds":1916.182,"routeSource":"OSM","routeType":"estimated_pedestrian_route","isOfficialEvacuationRoute":false}}]}
