qualificationId,plateauBuildingId,shelterId,shelterName,officialDesignationStatus,qualificationStatus,qualificationReason,evidenceSources,matchMethod,matchDistanceMeters,confidence,manualReviewNeeded,warnings,disasterTypes,safeFloor,capacity,sourceUpdatedAt,routeAvailability,nearestRouteDistanceMeters,estimatedTravelTimeSeconds,routeSource,routeType,isOfficialEvacuationRoute,nearestRouteId,nearestRouteOriginId,nearestRouteOriginName,availableRouteCount,failedRouteCount,notes
real_chuo_building_qualification_001,13102-bldg-3742,chuo_official_emergency_001,城東小学校,official_designated,official_confirmed,Official Chuo evidence is present and the shelter point is contained by one local PLATEAU building footprint.,"[{""sourceId"":""chuo_open_data_designated_emergency_shelters"",""sourceFamily"":""official_shelter_facility"",""sourceName"":""指定緊急避難所一覧"",""officialStatus"":""official_primary"",""sourceUrl"":""https://www.city.chuo.lg.jp/documents/984/shiteikinkyuuhinan.csv"",""sourceUpdatedAt"":""2025-03-31"",""evidenceNote"":""Primary Chuo City open-data record for a designated emergency evacuation shelter/place.""},{""sourceId"":""gsi_chuo_designated_emergency_evacuation_places"",""sourceFamily"":""official_shelter_facility"",""sourceName"":""国土地理院 指定緊急避難場所データ 東京都中央区"",""officialStatus"":""official_reference"",""sourceUrl"":""https://hinanmap.gsi.go.jp/hinanjocp/defaultFtpData/csv/13102_2.csv"",""sourceUpdatedAt"":""2025-09-02"",""evidenceNote"":""Supporting official source has 1 record(s) with matching normalized facility name.""},{""sourceId"":""gsi_chuo_designated_shelters"",""sourceFamily"":""official_shelter_facility"",""sourceName"":""国土地理院 指定避難所データ 東京都中央区"",""officialStatus"":""official_reference"",""sourceUrl"":""https://hinanmap.gsi.go.jp/hinanjocp/defaultFtpData/csv/13102_1.csv"",""sourceUpdatedAt"":""2025-09-02"",""evidenceNote"":""Supporting official source has 1 record(s) with matching normalized facility name.""},{""sourceId"":""local_plateau_citygml_bldg_mesh_53394611"",""sourceFamily"":""plateau_building_geometry"",""sourceName"":""Local PLATEAU 2025 Chuo CityGML building mesh subset"",""officialStatus"":""derived"",""sourceUrl"":null,""sourceUpdatedAt"":null,""evidenceNote"":""Building footprint was derived from an existing local PLATEAU CityGML building mesh. Raw CityGML is not committed.""}]",contains,0.0,high,False,"[""official source does not provide safeFloor; preserve null for review"",""OSM route is an estimated prototype pedestrian route, not an official evacuation route"",""OSM route fields are prototype estimates and are not official evacuation routes""]","[""flood"",""storm_surge"",""earthquake"",""inland_flooding""]",,2480,2025-03-31,available,1083.201,902.668,OSM,estimated_pedestrian_route,False,osm_route_02_001,route_origin_nihonbashi_001,Nihonbashi controlled route test origin,5,0,"Normalized from official Chuo City open data. Original municipality code: 131024. Source marks overlap with designated shelter address. 国土地理院 指定緊急避難場所データ 東京都中央区 match count: 1 国土地理院 指定避難所データ 東京都中央区 match count: 1 B4 performs PLATEAU building matching only; route fields remain not_evaluated for P5-B5. B5 merged OSM route estimates where available; no disaster road closure, flood simulation, or Unity gameplay integration is applied."
real_chuo_building_qualification_002,13102-bldg-8069,chuo_official_emergency_002,京橋プラザ,official_designated,official_confirmed,Official Chuo evidence is present and the shelter point is contained by one local PLATEAU building footprint.,"[{""sourceId"":""chuo_open_data_designated_emergency_shelters"",""sourceFamily"":""official_shelter_facility"",""sourceName"":""指定緊急避難所一覧"",""officialStatus"":""official_primary"",""sourceUrl"":""https://www.city.chuo.lg.jp/documents/984/shiteikinkyuuhinan.csv"",""sourceUpdatedAt"":""2025-03-31"",""evidenceNote"":""Primary Chuo City open-data record for a designated emergency evacuation shelter/place.""},{""sourceId"":""tokyo_bosai_map_evacuation_center"",""sourceFamily"":""official_shelter_facility"",""sourceName"":""東京都防災マップ 避難所一覧データCSV"",""officialStatus"":""official_reference"",""sourceUrl"":""https://www.opendata.metro.tokyo.lg.jp/soumu/130001_evacuation_center.csv"",""sourceUpdatedAt"":""2022-06-20"",""evidenceNote"":""Supporting official source has 1 record(s) with matching normalized facility name.""},{""sourceId"":""tokyo_bosai_map_evacuation_area"",""sourceFamily"":""official_shelter_facility"",""sourceName"":""東京都防災マップ 避難場所一覧データCSV"",""officialStatus"":""official_reference"",""sourceUrl"":""https://www.opendata.metro.tokyo.lg.jp/soumu/130001_evacuation_area.csv"",""sourceUpdatedAt"":""2025-12-12"",""evidenceNote"":""Supporting official source has 1 record(s) with matching normalized facility name.""},{""sourceId"":""gsi_chuo_designated_emergency_evacuation_places"",""sourceFamily"":""official_shelter_facility"",""sourceName"":""国土地理院 指定緊急避難場所データ 東京都中央区"",""officialStatus"":""official_reference"",""sourceUrl"":""https://hinanmap.gsi.go.jp/hinanjocp/defaultFtpData/csv/13102_2.csv"",""sourceUpdatedAt"":""2025-09-02"",""evidenceNote"":""Supporting official source has 1 record(s) with matching normalized facility name.""},{""sourceId"":""gsi_chuo_designated_shelters"",""sourceFamily"":""official_shelter_facility"",""sourceName"":""国土地理院 指定避難所データ 東京都中央区"",""officialStatus"":""official_reference"",""sourceUrl"":""https://hinanmap.gsi.go.jp/hinanjocp/defaultFtpData/csv/13102_1.csv"",""sourceUpdatedAt"":""2025-09-02"",""evidenceNote"":""Supporting official source has 1 record(s) with matching normalized facility name.""},{""sourceId"":""local_plateau_citygml_bldg_mesh_53394601"",""sourceFamily"":""plateau_building_geometry"",""sourceName"":""Local PLATEAU 2025 Chuo CityGML building mesh subset"",""officialStatus"":""derived"",""sourceUrl"":null,""sourceUpdatedAt"":null,""evidenceNote"":""Building footprint was derived from an existing local PLATEAU CityGML building mesh. Raw CityGML is not committed.""}]",contains,0.0,high,False,"[""official source does not provide safeFloor; preserve null for review"",""OSM route is an estimated prototype pedestrian route, not an official evacuation route"",""OSM route fields are prototype estimates and are not official evacuation routes""]","[""flood"",""storm_surge"",""earthquake"",""inland_flooding""]",,1038,2025-03-31,available,869.882,724.902,OSM,estimated_pedestrian_route,False,osm_route_01_002,route_origin_ginza_001,Ginza controlled route test origin,5,0,"Normalized from official Chuo City open data. Original municipality code: 131024. Source marks overlap with designated shelter address. 東京都防災マップ 避難所一覧データCSV match count: 1 東京都防災マップ 避難場所一覧データCSV match count: 1 国土地理院 指定緊急避難場所データ 東京都中央区 match count: 1 国土地理院 指定避難所データ 東京都中央区 match count: 1 B4 performs PLATEAU building matching only; route fields remain not_evaluated for P5-B5. B5 merged OSM route estimates where available; no disaster road closure, flood simulation, or Unity gameplay integration is applied."
real_chuo_building_qualification_003,13102-bldg-5702,chuo_official_emergency_003,泰明小学校,official_designated,official_confirmed,Official Chuo evidence is present and the shelter point is contained by one local PLATEAU building footprint.,"[{""sourceId"":""chuo_open_data_designated_emergency_shelters"",""sourceFamily"":""official_shelter_facility"",""sourceName"":""指定緊急避難所一覧"",""officialStatus"":""official_primary"",""sourceUrl"":""https://www.city.chuo.lg.jp/documents/984/shiteikinkyuuhinan.csv"",""sourceUpdatedAt"":""2025-03-31"",""evidenceNote"":""Primary Chuo City open-data record for a designated emergency evacuation shelter/place.""},{""sourceId"":""tokyo_bosai_map_evacuation_center"",""sourceFamily"":""official_shelter_facility"",""sourceName"":""東京都防災マップ 避難所一覧データCSV"",""officialStatus"":""official_reference"",""sourceUrl"":""https://www.opendata.metro.tokyo.lg.jp/soumu/130001_evacuation_center.csv"",""sourceUpdatedAt"":""2022-06-20"",""evidenceNote"":""Supporting official source has 1 record(s) with matching normalized facility name.""},{""sourceId"":""tokyo_bosai_map_evacuation_area"",""sourceFamily"":""official_shelter_facility"",""sourceName"":""東京都防災マップ 避難場所一覧データCSV"",""officialStatus"":""official_reference"",""sourceUrl"":""https://www.opendata.metro.tokyo.lg.jp/soumu/130001_evacuation_area.csv"",""sourceUpdatedAt"":""2025-12-12"",""evidenceNote"":""Supporting official source has 1 record(s) with matching normalized facility name.""},{""sourceId"":""gsi_chuo_designated_emergency_evacuation_places"",""sourceFamily"":""official_shelter_facility"",""sourceName"":""国土地理院 指定緊急避難場所データ 東京都中央区"",""officialStatus"":""official_reference"",""sourceUrl"":""https://hinanmap.gsi.go.jp/hinanjocp/defaultFtpData/csv/13102_2.csv"",""sourceUpdatedAt"":""2025-09-02"",""evidenceNote"":""Supporting official source has 1 record(s) with matching normalized facility name.""},{""sourceId"":""gsi_chuo_designated_shelters"",""sourceFamily"":""official_shelter_facility"",""sourceName"":""国土地理院 指定避難所データ 東京都中央区"",""officialStatus"":""official_reference"",""sourceUrl"":""https://hinanmap.gsi.go.jp/hinanjocp/defaultFtpData/csv/13102_1.csv"",""sourceUpdatedAt"":""2025-09-02"",""evidenceNote"":""Supporting official source has 1 record(s) with matching normalized facility name.""},{""sourceId"":""local_plateau_citygml_bldg_mesh_53394600"",""sourceFamily"":""plateau_building_geometry"",""sourceName"":""Local PLATEAU 2025 Chuo CityGML building mesh subset"",""officialStatus"":""derived"",""sourceUrl"":null,""sourceUpdatedAt"":null,""evidenceNote"":""Building footprint was derived from an existing local PLATEAU CityGML building mesh. Raw CityGML is not committed.""}]",contains,0.0,high,False,"[""official source does not provide safeFloor; preserve null for review"",""OSM route is an estimated prototype pedestrian route, not an official evacuation route"",""OSM route fields are prototype estimates and are not official evacuation routes""]","[""flood"",""storm_surge"",""earthquake"",""inland_flooding""]",,2384,2025-03-31,available,454.365,378.638,OSM,estimated_pedestrian_route,False,osm_route_01_003,route_origin_ginza_001,Ginza controlled route test origin,5,0,"Normalized from official Chuo City open data. Original municipality code: 131024. Source marks overlap with designated shelter address. 東京都防災マップ 避難所一覧データCSV match count: 1 東京都防災マップ 避難場所一覧データCSV match count: 1 国土地理院 指定緊急避難場所データ 東京都中央区 match count: 1 国土地理院 指定避難所データ 東京都中央区 match count: 1 B4 performs PLATEAU building matching only; route fields remain not_evaluated for P5-B5. B5 merged OSM route estimates where available; no disaster road closure, flood simulation, or Unity gameplay integration is applied."
real_chuo_building_qualification_004,13102-bldg-3140,chuo_official_emergency_004,銀座中学校,official_designated,official_confirmed,Official Chuo evidence is present and the shelter point is contained by one local PLATEAU building footprint.,"[{""sourceId"":""chuo_open_data_designated_emergency_shelters"",""sourceFamily"":""official_shelter_facility"",""sourceName"":""指定緊急避難所一覧"",""officialStatus"":""official_primary"",""sourceUrl"":""https://www.city.chuo.lg.jp/documents/984/shiteikinkyuuhinan.csv"",""sourceUpdatedAt"":""2025-03-31"",""evidenceNote"":""Primary Chuo City open-data record for a designated emergency evacuation shelter/place.""},{""sourceId"":""tokyo_bosai_map_evacuation_center"",""sourceFamily"":""official_shelter_facility"",""sourceName"":""東京都防災マップ 避難所一覧データCSV"",""officialStatus"":""official_reference"",""sourceUrl"":""https://www.opendata.metro.tokyo.lg.jp/soumu/130001_evacuation_center.csv"",""sourceUpdatedAt"":""2022-06-20"",""evidenceNote"":""Supporting official source has 1 record(s) with matching normalized facility name.""},{""sourceId"":""tokyo_bosai_map_evacuation_area"",""sourceFamily"":""official_shelter_facility"",""sourceName"":""東京都防災マップ 避難場所一覧データCSV"",""officialStatus"":""official_reference"",""sourceUrl"":""https://www.opendata.metro.tokyo.lg.jp/soumu/130001_evacuation_area.csv"",""sourceUpdatedAt"":""2025-12-12"",""evidenceNote"":""Supporting official source has 1 record(s) with matching normalized facility name.""},{""sourceId"":""gsi_chuo_designated_emergency_evacuation_places"",""sourceFamily"":""official_shelter_facility"",""sourceName"":""国土地理院 指定緊急避難場所データ 東京都中央区"",""officialStatus"":""official_reference"",""sourceUrl"":""https://hinanmap.gsi.go.jp/hinanjocp/defaultFtpData/csv/13102_2.csv"",""sourceUpdatedAt"":""2025-09-02"",""evidenceNote"":""Supporting official source has 1 record(s) with matching normalized facility name.""},{""sourceId"":""gsi_chuo_designated_shelters"",""sourceFamily"":""official_shelter_facility"",""sourceName"":""国土地理院 指定避難所データ 東京都中央区"",""officialStatus"":""official_reference"",""sourceUrl"":""https://hinanmap.gsi.go.jp/hinanjocp/defaultFtpData/csv/13102_1.csv"",""sourceUpdatedAt"":""2025-09-02"",""evidenceNote"":""Supporting official source has 1 record(s) with matching normalized facility name.""},{""sourceId"":""local_plateau_citygml_bldg_mesh_53393691"",""sourceFamily"":""plateau_building_geometry"",""sourceName"":""Local PLATEAU 2025 Chuo CityGML building mesh subset"",""officialStatus"":""derived"",""sourceUrl"":null,""sourceUpdatedAt"":null,""evidenceNote"":""Building footprint was derived from an existing local PLATEAU CityGML building mesh. Raw CityGML is not committed.""}]",contains,0.0,high,False,"[""official source does not provide safeFloor; preserve null for review"",""OSM route is an estimated prototype pedestrian route, not an official evacuation route"",""OSM route fields are prototype estimates and are not official evacuation routes""]","[""flood"",""storm_surge"",""earthquake"",""inland_flooding""]",,4590,2025-03-31,available,894.862,745.718,OSM,estimated_pedestrian_route,False,osm_route_01_004,route_origin_ginza_001,Ginza controlled route test origin,5,0,"Normalized from official Chuo City open data. Original municipality code: 131024. Source marks overlap with designated shelter address. 東京都防災マップ 避難所一覧データCSV match count: 1 東京都防災マップ 避難場所一覧データCSV match count: 1 国土地理院 指定緊急避難場所データ 東京都中央区 match count: 1 国土地理院 指定避難所データ 東京都中央区 match count: 1 B4 performs PLATEAU building matching only; route fields remain not_evaluated for P5-B5. B5 merged OSM route estimates where available; no disaster road closure, flood simulation, or Unity gameplay integration is applied."
real_chuo_building_qualification_005,13102-bldg-3228,chuo_official_emergency_005,中央小学校,official_designated,official_confirmed,Official Chuo evidence is present and the shelter point is contained by one local PLATEAU building footprint.,"[{""sourceId"":""chuo_open_data_designated_emergency_shelters"",""sourceFamily"":""official_shelter_facility"",""sourceName"":""指定緊急避難所一覧"",""officialStatus"":""official_primary"",""sourceUrl"":""https://www.city.chuo.lg.jp/documents/984/shiteikinkyuuhinan.csv"",""sourceUpdatedAt"":""2025-03-31"",""evidenceNote"":""Primary Chuo City open-data record for a designated emergency evacuation shelter/place.""},{""sourceId"":""tokyo_bosai_map_evacuation_center"",""sourceFamily"":""official_shelter_facility"",""sourceName"":""東京都防災マップ 避難所一覧データCSV"",""officialStatus"":""official_reference"",""sourceUrl"":""https://www.opendata.metro.tokyo.lg.jp/soumu/130001_evacuation_center.csv"",""sourceUpdatedAt"":""2022-06-20"",""evidenceNote"":""Supporting official source has 1 record(s) with matching normalized facility name.""},{""sourceId"":""tokyo_bosai_map_evacuation_area"",""sourceFamily"":""official_shelter_facility"",""sourceName"":""東京都防災マップ 避難場所一覧データCSV"",""officialStatus"":""official_reference"",""sourceUrl"":""https://www.opendata.metro.tokyo.lg.jp/soumu/130001_evacuation_area.csv"",""sourceUpdatedAt"":""2025-12-12"",""evidenceNote"":""Supporting official source has 1 record(s) with matching normalized facility name.""},{""sourceId"":""gsi_chuo_designated_emergency_evacuation_places"",""sourceFamily"":""official_shelter_facility"",""sourceName"":""国土地理院 指定緊急避難場所データ 東京都中央区"",""officialStatus"":""official_reference"",""sourceUrl"":""https://hinanmap.gsi.go.jp/hinanjocp/defaultFtpData/csv/13102_2.csv"",""sourceUpdatedAt"":""2025-09-02"",""evidenceNote"":""Supporting official source has 1 record(s) with matching normalized facility name.""},{""sourceId"":""gsi_chuo_designated_shelters"",""sourceFamily"":""official_shelter_facility"",""sourceName"":""国土地理院 指定避難所データ 東京都中央区"",""officialStatus"":""official_reference"",""sourceUrl"":""https://hinanmap.gsi.go.jp/hinanjocp/defaultFtpData/csv/13102_1.csv"",""sourceUpdatedAt"":""2025-09-02"",""evidenceNote"":""Supporting official source has 1 record(s) with matching normalized facility name.""},{""sourceId"":""local_plateau_citygml_bldg_mesh_53394602"",""sourceFamily"":""plateau_building_geometry"",""sourceName"":""Local PLATEAU 2025 Chuo CityGML building mesh subset"",""officialStatus"":""derived"",""sourceUrl"":null,""sourceUpdatedAt"":null,""evidenceNote"":""Building footprint was derived from an existing local PLATEAU CityGML building mesh. Raw CityGML is not committed.""}]",contains,0.0,high,False,"[""official source does not provide safeFloor; preserve null for review"",""OSM route is an estimated prototype pedestrian route, not an official evacuation route"",""OSM route fields are prototype estimates and are not official evacuation routes""]","[""flood"",""storm_surge"",""earthquake"",""inland_flooding""]",,2940,2025-03-31,available,537.159,447.632,OSM,estimated_pedestrian_route,False,osm_route_03_005,route_origin_hatchobori_tsukiji_001,Hatchobori Tsukiji controlled route test origin,5,0,"Normalized from official Chuo City open data. Original municipality code: 131024. Source marks overlap with designated shelter address. 東京都防災マップ 避難所一覧データCSV match count: 1 東京都防災マップ 避難場所一覧データCSV match count: 1 国土地理院 指定緊急避難場所データ 東京都中央区 match count: 1 国土地理院 指定避難所データ 東京都中央区 match count: 1 B4 performs PLATEAU building matching only; route fields remain not_evaluated for P5-B5. B5 merged OSM route estimates where available; no disaster road closure, flood simulation, or Unity gameplay integration is applied."
real_chuo_building_qualification_006,13102-bldg-3751,chuo_official_emergency_006,明石小学校,official_designated,official_confirmed,Official Chuo evidence is present and the shelter point is contained by one local PLATEAU building footprint.,"[{""sourceId"":""chuo_open_data_designated_emergency_shelters"",""sourceFamily"":""official_shelter_facility"",""sourceName"":""指定緊急避難所一覧"",""officialStatus"":""official_primary"",""sourceUrl"":""https://www.city.chuo.lg.jp/documents/984/shiteikinkyuuhinan.csv"",""sourceUpdatedAt"":""2025-03-31"",""evidenceNote"":""Primary Chuo City open-data record for a designated emergency evacuation shelter/place.""},{""sourceId"":""tokyo_bosai_map_evacuation_center"",""sourceFamily"":""official_shelter_facility"",""sourceName"":""東京都防災マップ 避難所一覧データCSV"",""officialStatus"":""official_reference"",""sourceUrl"":""https://www.opendata.metro.tokyo.lg.jp/soumu/130001_evacuation_center.csv"",""sourceUpdatedAt"":""2022-06-20"",""evidenceNote"":""Supporting official source has 1 record(s) with matching normalized facility name.""},{""sourceId"":""tokyo_bosai_map_evacuation_area"",""sourceFamily"":""official_shelter_facility"",""sourceName"":""東京都防災マップ 避難場所一覧データCSV"",""officialStatus"":""official_reference"",""sourceUrl"":""https://www.opendata.metro.tokyo.lg.jp/soumu/130001_evacuation_area.csv"",""sourceUpdatedAt"":""2025-12-12"",""evidenceNote"":""Supporting official source has 1 record(s) with matching normalized facility name.""},{""sourceId"":""gsi_chuo_designated_emergency_evacuation_places"",""sourceFamily"":""official_shelter_facility"",""sourceName"":""国土地理院 指定緊急避難場所データ 東京都中央区"",""officialStatus"":""official_reference"",""sourceUrl"":""https://hinanmap.gsi.go.jp/hinanjocp/defaultFtpData/csv/13102_2.csv"",""sourceUpdatedAt"":""2025-09-02"",""evidenceNote"":""Supporting official source has 1 record(s) with matching normalized facility name.""},{""sourceId"":""gsi_chuo_designated_shelters"",""sourceFamily"":""official_shelter_facility"",""sourceName"":""国土地理院 指定避難所データ 東京都中央区"",""officialStatus"":""official_reference"",""sourceUrl"":""https://hinanmap.gsi.go.jp/hinanjocp/defaultFtpData/csv/13102_1.csv"",""sourceUpdatedAt"":""2025-09-02"",""evidenceNote"":""Supporting official source has 1 record(s) with matching normalized facility name.""},{""sourceId"":""local_plateau_citygml_bldg_mesh_53394602"",""sourceFamily"":""plateau_building_geometry"",""sourceName"":""Local PLATEAU 2025 Chuo CityGML building mesh subset"",""officialStatus"":""derived"",""sourceUrl"":null,""sourceUpdatedAt"":null,""evidenceNote"":""Building footprint was derived from an existing local PLATEAU CityGML building mesh. Raw CityGML is not committed.""}]",contains,0.0,high,False,"[""official source does not provide safeFloor; preserve null for review"",""OSM route is an estimated prototype pedestrian route, not an official evacuation route"",""OSM route fields are prototype estimates and are not official evacuation routes""]","[""flood"",""storm_surge"",""earthquake"",""inland_flooding""]",,3903,2025-03-31,available,97.727,81.439,OSM,estimated_pedestrian_route,False,osm_route_03_006,route_origin_hatchobori_tsukiji_001,Hatchobori Tsukiji controlled route test origin,5,0,"Normalized from official Chuo City open data. Original municipality code: 131024. Source marks overlap with designated shelter address. 東京都防災マップ 避難所一覧データCSV match count: 1 東京都防災マップ 避難場所一覧データCSV match count: 1 国土地理院 指定緊急避難場所データ 東京都中央区 match count: 1 国土地理院 指定避難所データ 東京都中央区 match count: 1 B4 performs PLATEAU building matching only; route fields remain not_evaluated for P5-B5. B5 merged OSM route estimates where available; no disaster road closure, flood simulation, or Unity gameplay integration is applied."
real_chuo_building_qualification_007,13102-bldg-2853,chuo_official_emergency_007,京橋築地小学校,official_designated,official_confirmed,Official Chuo evidence is present and the shelter point is contained by one local PLATEAU building footprint.,"[{""sourceId"":""chuo_open_data_designated_emergency_shelters"",""sourceFamily"":""official_shelter_facility"",""sourceName"":""指定緊急避難所一覧"",""officialStatus"":""official_primary"",""sourceUrl"":""https://www.city.chuo.lg.jp/documents/984/shiteikinkyuuhinan.csv"",""sourceUpdatedAt"":""2025-03-31"",""evidenceNote"":""Primary Chuo City open-data record for a designated emergency evacuation shelter/place.""},{""sourceId"":""tokyo_bosai_map_evacuation_center"",""sourceFamily"":""official_shelter_facility"",""sourceName"":""東京都防災マップ 避難所一覧データCSV"",""officialStatus"":""official_reference"",""sourceUrl"":""https://www.opendata.metro.tokyo.lg.jp/soumu/130001_evacuation_center.csv"",""sourceUpdatedAt"":""2022-06-20"",""evidenceNote"":""Supporting official source has 1 record(s) with matching normalized facility name.""},{""sourceId"":""tokyo_bosai_map_evacuation_area"",""sourceFamily"":""official_shelter_facility"",""sourceName"":""東京都防災マップ 避難場所一覧データCSV"",""officialStatus"":""official_reference"",""sourceUrl"":""https://www.opendata.metro.tokyo.lg.jp/soumu/130001_evacuation_area.csv"",""sourceUpdatedAt"":""2025-12-12"",""evidenceNote"":""Supporting official source has 1 record(s) with matching normalized facility name.""},{""sourceId"":""gsi_chuo_designated_emergency_evacuation_places"",""sourceFamily"":""official_shelter_facility"",""sourceName"":""国土地理院 指定緊急避難場所データ 東京都中央区"",""officialStatus"":""official_reference"",""sourceUrl"":""https://hinanmap.gsi.go.jp/hinanjocp/defaultFtpData/csv/13102_2.csv"",""sourceUpdatedAt"":""2025-09-02"",""evidenceNote"":""Supporting official source has 1 record(s) with matching normalized facility name.""},{""sourceId"":""gsi_chuo_designated_shelters"",""sourceFamily"":""official_shelter_facility"",""sourceName"":""国土地理院 指定避難所データ 東京都中央区"",""officialStatus"":""official_reference"",""sourceUrl"":""https://hinanmap.gsi.go.jp/hinanjocp/defaultFtpData/csv/13102_1.csv"",""sourceUpdatedAt"":""2025-09-02"",""evidenceNote"":""Supporting official source has 1 record(s) with matching normalized facility name.""},{""sourceId"":""local_plateau_citygml_bldg_mesh_53394601"",""sourceFamily"":""plateau_building_geometry"",""sourceName"":""Local PLATEAU 2025 Chuo CityGML building mesh subset"",""officialStatus"":""derived"",""sourceUrl"":null,""sourceUpdatedAt"":null,""evidenceNote"":""Building footprint was derived from an existing local PLATEAU CityGML building mesh. Raw CityGML is not committed.""}]",contains,0.0,high,False,"[""official source does not provide safeFloor; preserve null for review"",""OSM route is an estimated prototype pedestrian route, not an official evacuation route"",""OSM route fields are prototype estimates and are not official evacuation routes""]","[""flood"",""storm_surge"",""earthquake"",""inland_flooding""]",,3397,2025-03-31,available,714.915,595.763,OSM,estimated_pedestrian_route,False,osm_route_01_007,route_origin_ginza_001,Ginza controlled route test origin,5,0,"Normalized from official Chuo City open data. Original municipality code: 131024. Source marks overlap with designated shelter address. 東京都防災マップ 避難所一覧データCSV match count: 1 東京都防災マップ 避難場所一覧データCSV match count: 1 国土地理院 指定緊急避難場所データ 東京都中央区 match count: 1 国土地理院 指定避難所データ 東京都中央区 match count: 1 B4 performs PLATEAU building matching only; route fields remain not_evaluated for P5-B5. B5 merged OSM route estimates where available; no disaster road closure, flood simulation, or Unity gameplay integration is applied."
real_chuo_building_qualification_008,13102-bldg-8277,chuo_official_emergency_008,京華スクエア,official_designated,official_confirmed,Official Chuo evidence is present and the shelter point is contained by one local PLATEAU building footprint.,"[{""sourceId"":""chuo_open_data_designated_emergency_shelters"",""sourceFamily"":""official_shelter_facility"",""sourceName"":""指定緊急避難所一覧"",""officialStatus"":""official_primary"",""sourceUrl"":""https://www.city.chuo.lg.jp/documents/984/shiteikinkyuuhinan.csv"",""sourceUpdatedAt"":""2025-03-31"",""evidenceNote"":""Primary Chuo City open-data record for a designated emergency evacuation shelter/place.""},{""sourceId"":""tokyo_bosai_map_evacuation_center"",""sourceFamily"":""official_shelter_facility"",""sourceName"":""東京都防災マップ 避難所一覧データCSV"",""officialStatus"":""official_reference"",""sourceUrl"":""https://www.opendata.metro.tokyo.lg.jp/soumu/130001_evacuation_center.csv"",""sourceUpdatedAt"":""2022-06-20"",""evidenceNote"":""Supporting official source has 1 record(s) with matching normalized facility name.""},{""sourceId"":""tokyo_bosai_map_evacuation_area"",""sourceFamily"":""official_shelter_facility"",""sourceName"":""東京都防災マップ 避難場所一覧データCSV"",""officialStatus"":""official_reference"",""sourceUrl"":""https://www.opendata.metro.tokyo.lg.jp/soumu/130001_evacuation_area.csv"",""sourceUpdatedAt"":""2025-12-12"",""evidenceNote"":""Supporting official source has 1 record(s) with matching normalized facility name.""},{""sourceId"":""gsi_chuo_designated_emergency_evacuation_places"",""sourceFamily"":""official_shelter_facility"",""sourceName"":""国土地理院 指定緊急避難場所データ 東京都中央区"",""officialStatus"":""official_reference"",""sourceUrl"":""https://hinanmap.gsi.go.jp/hinanjocp/defaultFtpData/csv/13102_2.csv"",""sourceUpdatedAt"":""2025-09-02"",""evidenceNote"":""Supporting official source has 1 record(s) with matching normalized facility name.""},{""sourceId"":""gsi_chuo_designated_shelters"",""sourceFamily"":""official_shelter_facility"",""sourceName"":""国土地理院 指定避難所データ 東京都中央区"",""officialStatus"":""official_reference"",""sourceUrl"":""https://hinanmap.gsi.go.jp/hinanjocp/defaultFtpData/csv/13102_1.csv"",""sourceUpdatedAt"":""2025-09-02"",""evidenceNote"":""Supporting official source has 1 record(s) with matching normalized facility name.""},{""sourceId"":""local_plateau_citygml_bldg_mesh_53394602"",""sourceFamily"":""plateau_building_geometry"",""sourceName"":""Local PLATEAU 2025 Chuo CityGML building mesh subset"",""officialStatus"":""derived"",""sourceUrl"":null,""sourceUpdatedAt"":null,""evidenceNote"":""Building footprint was derived from an existing local PLATEAU CityGML building mesh. Raw CityGML is not committed.""}]",contains,0.0,high,False,"[""official source does not provide safeFloor; preserve null for review"",""OSM route is an estimated prototype pedestrian route, not an official evacuation route"",""OSM route fields are prototype estimates and are not official evacuation routes""]","[""flood"",""storm_surge"",""earthquake"",""inland_flooding""]",,2460,2025-03-31,available,956.373,796.978,OSM,estimated_pedestrian_route,False,osm_route_03_008,route_origin_hatchobori_tsukiji_001,Hatchobori Tsukiji controlled route test origin,5,0,"Normalized from official Chuo City open data. Original municipality code: 131024. Source marks overlap with designated shelter address. 東京都防災マップ 避難所一覧データCSV match count: 1 東京都防災マップ 避難場所一覧データCSV match count: 1 国土地理院 指定緊急避難場所データ 東京都中央区 match count: 1 国土地理院 指定避難所データ 東京都中央区 match count: 1 B4 performs PLATEAU building matching only; route fields remain not_evaluated for P5-B5. B5 merged OSM route estimates where available; no disaster road closure, flood simulation, or Unity gameplay integration is applied."
real_chuo_building_qualification_009,13102-bldg-11364,chuo_official_emergency_009,明正小学校,official_designated,official_confirmed,Official Chuo evidence is present and the shelter point is contained by one local PLATEAU building footprint.,"[{""sourceId"":""chuo_open_data_designated_emergency_shelters"",""sourceFamily"":""official_shelter_facility"",""sourceName"":""指定緊急避難所一覧"",""officialStatus"":""official_primary"",""sourceUrl"":""https://www.city.chuo.lg.jp/documents/984/shiteikinkyuuhinan.csv"",""sourceUpdatedAt"":""2025-03-31"",""evidenceNote"":""Primary Chuo City open-data record for a designated emergency evacuation shelter/place.""},{""sourceId"":""tokyo_bosai_map_evacuation_center"",""sourceFamily"":""official_shelter_facility"",""sourceName"":""東京都防災マップ 避難所一覧データCSV"",""officialStatus"":""official_reference"",""sourceUrl"":""https://www.opendata.metro.tokyo.lg.jp/soumu/130001_evacuation_center.csv"",""sourceUpdatedAt"":""2022-06-20"",""evidenceNote"":""Supporting official source has 1 record(s) with matching normalized facility name.""},{""sourceId"":""tokyo_bosai_map_evacuation_area"",""sourceFamily"":""official_shelter_facility"",""sourceName"":""東京都防災マップ 避難場所一覧データCSV"",""officialStatus"":""official_reference"",""sourceUrl"":""https://www.opendata.metro.tokyo.lg.jp/soumu/130001_evacuation_area.csv"",""sourceUpdatedAt"":""2025-12-12"",""evidenceNote"":""Supporting official source has 1 record(s) with matching normalized facility name.""},{""sourceId"":""gsi_chuo_designated_emergency_evacuation_places"",""sourceFamily"":""official_shelter_facility"",""sourceName"":""国土地理院 指定緊急避難場所データ 東京都中央区"",""officialStatus"":""official_reference"",""sourceUrl"":""https://hinanmap.gsi.go.jp/hinanjocp/defaultFtpData/csv/13102_2.csv"",""sourceUpdatedAt"":""2025-09-02"",""evidenceNote"":""Supporting official source has 1 record(s) with matching normalized facility name.""},{""sourceId"":""gsi_chuo_designated_shelters"",""sourceFamily"":""official_shelter_facility"",""sourceName"":""国土地理院 指定避難所データ 東京都中央区"",""officialStatus"":""official_reference"",""sourceUrl"":""https://hinanmap.gsi.go.jp/hinanjocp/defaultFtpData/csv/13102_1.csv"",""sourceUpdatedAt"":""2025-09-02"",""evidenceNote"":""Supporting official source has 1 record(s) with matching normalized facility name.""},{""sourceId"":""local_plateau_citygml_bldg_mesh_53394612"",""sourceFamily"":""plateau_building_geometry"",""sourceName"":""Local PLATEAU 2025 Chuo CityGML building mesh subset"",""officialStatus"":""derived"",""sourceUrl"":null,""sourceUpdatedAt"":null,""evidenceNote"":""Building footprint was derived from an existing local PLATEAU CityGML building mesh. Raw CityGML is not committed.""}]",contains,0.0,high,False,"[""official source does not provide safeFloor; preserve null for review"",""OSM route is an estimated prototype pedestrian route, not an official evacuation route"",""OSM route fields are prototype estimates and are not official evacuation routes""]","[""flood"",""storm_surge"",""earthquake"",""inland_flooding""]",,5200,2025-03-31,available,1143.164,952.637,OSM,estimated_pedestrian_route,False,osm_route_02_009,route_origin_nihonbashi_001,Nihonbashi controlled route test origin,5,0,"Normalized from official Chuo City open data. Original municipality code: 131024. Source marks overlap with designated shelter address. 東京都防災マップ 避難所一覧データCSV match count: 1 東京都防災マップ 避難場所一覧データCSV match count: 1 国土地理院 指定緊急避難場所データ 東京都中央区 match count: 1 国土地理院 指定避難所データ 東京都中央区 match count: 1 B4 performs PLATEAU building matching only; route fields remain not_evaluated for P5-B5. B5 merged OSM route estimates where available; no disaster road closure, flood simulation, or Unity gameplay integration is applied."
real_chuo_building_qualification_010,13102-bldg-2872,chuo_official_emergency_010,常盤小学校,official_designated,official_confirmed,Official Chuo evidence is present and the shelter point is contained by one local PLATEAU building footprint.,"[{""sourceId"":""chuo_open_data_designated_emergency_shelters"",""sourceFamily"":""official_shelter_facility"",""sourceName"":""指定緊急避難所一覧"",""officialStatus"":""official_primary"",""sourceUrl"":""https://www.city.chuo.lg.jp/documents/984/shiteikinkyuuhinan.csv"",""sourceUpdatedAt"":""2025-03-31"",""evidenceNote"":""Primary Chuo City open-data record for a designated emergency evacuation shelter/place.""},{""sourceId"":""tokyo_bosai_map_evacuation_center"",""sourceFamily"":""official_shelter_facility"",""sourceName"":""東京都防災マップ 避難所一覧データCSV"",""officialStatus"":""official_reference"",""sourceUrl"":""https://www.opendata.metro.tokyo.lg.jp/soumu/130001_evacuation_center.csv"",""sourceUpdatedAt"":""2022-06-20"",""evidenceNote"":""Supporting official source has 1 record(s) with matching normalized facility name.""},{""sourceId"":""tokyo_bosai_map_evacuation_area"",""sourceFamily"":""official_shelter_facility"",""sourceName"":""東京都防災マップ 避難場所一覧データCSV"",""officialStatus"":""official_reference"",""sourceUrl"":""https://www.opendata.metro.tokyo.lg.jp/soumu/130001_evacuation_area.csv"",""sourceUpdatedAt"":""2025-12-12"",""evidenceNote"":""Supporting official source has 1 record(s) with matching normalized facility name.""},{""sourceId"":""gsi_chuo_designated_emergency_evacuation_places"",""sourceFamily"":""official_shelter_facility"",""sourceName"":""国土地理院 指定緊急避難場所データ 東京都中央区"",""officialStatus"":""official_reference"",""sourceUrl"":""https://hinanmap.gsi.go.jp/hinanjocp/defaultFtpData/csv/13102_2.csv"",""sourceUpdatedAt"":""2025-09-02"",""evidenceNote"":""Supporting official source has 1 record(s) with matching normalized facility name.""},{""sourceId"":""gsi_chuo_designated_shelters"",""sourceFamily"":""official_shelter_facility"",""sourceName"":""国土地理院 指定避難所データ 東京都中央区"",""officialStatus"":""official_reference"",""sourceUrl"":""https://hinanmap.gsi.go.jp/hinanjocp/defaultFtpData/csv/13102_1.csv"",""sourceUpdatedAt"":""2025-09-02"",""evidenceNote"":""Supporting official source has 1 record(s) with matching normalized facility name.""},{""sourceId"":""local_plateau_citygml_bldg_mesh_53394621"",""sourceFamily"":""plateau_building_geometry"",""sourceName"":""Local PLATEAU 2025 Chuo CityGML building mesh subset"",""officialStatus"":""derived"",""sourceUrl"":null,""sourceUpdatedAt"":null,""evidenceNote"":""Building footprint was derived from an existing local PLATEAU CityGML building mesh. Raw CityGML is not committed.""}]",contains,0.0,high,False,"[""official source does not provide safeFloor; preserve null for review"",""OSM route is an estimated prototype pedestrian route, not an official evacuation route"",""OSM route fields are prototype estimates and are not official evacuation routes""]","[""flood"",""storm_surge"",""earthquake"",""inland_flooding""]",,1749,2025-03-31,available,926.319,771.933,OSM,estimated_pedestrian_route,False,osm_route_02_010,route_origin_nihonbashi_001,Nihonbashi controlled route test origin,5,0,"Normalized from official Chuo City open data. Original municipality code: 131024. Source marks overlap with designated shelter address. 東京都防災マップ 避難所一覧データCSV match count: 1 東京都防災マップ 避難場所一覧データCSV match count: 1 国土地理院 指定緊急避難場所データ 東京都中央区 match count: 1 国土地理院 指定避難所データ 東京都中央区 match count: 1 B4 performs PLATEAU building matching only; route fields remain not_evaluated for P5-B5. B5 merged OSM route estimates where available; no disaster road closure, flood simulation, or Unity gameplay integration is applied."
real_chuo_building_qualification_011,13102-bldg-15570,chuo_official_emergency_011,十思スクエア,official_designated,official_confirmed,Official Chuo evidence is present and the shelter point is contained by one local PLATEAU building footprint.,"[{""sourceId"":""chuo_open_data_designated_emergency_shelters"",""sourceFamily"":""official_shelter_facility"",""sourceName"":""指定緊急避難所一覧"",""officialStatus"":""official_primary"",""sourceUrl"":""https://www.city.chuo.lg.jp/documents/984/shiteikinkyuuhinan.csv"",""sourceUpdatedAt"":""2025-03-31"",""evidenceNote"":""Primary Chuo City open-data record for a designated emergency evacuation shelter/place.""},{""sourceId"":""tokyo_bosai_map_evacuation_center"",""sourceFamily"":""official_shelter_facility"",""sourceName"":""東京都防災マップ 避難所一覧データCSV"",""officialStatus"":""official_reference"",""sourceUrl"":""https://www.opendata.metro.tokyo.lg.jp/soumu/130001_evacuation_center.csv"",""sourceUpdatedAt"":""2022-06-20"",""evidenceNote"":""Supporting official source has 1 record(s) with matching normalized facility name.""},{""sourceId"":""tokyo_bosai_map_evacuation_area"",""sourceFamily"":""official_shelter_facility"",""sourceName"":""東京都防災マップ 避難場所一覧データCSV"",""officialStatus"":""official_reference"",""sourceUrl"":""https://www.opendata.metro.tokyo.lg.jp/soumu/130001_evacuation_area.csv"",""sourceUpdatedAt"":""2025-12-12"",""evidenceNote"":""Supporting official source has 1 record(s) with matching normalized facility name.""},{""sourceId"":""gsi_chuo_designated_emergency_evacuation_places"",""sourceFamily"":""official_shelter_facility"",""sourceName"":""国土地理院 指定緊急避難場所データ 東京都中央区"",""officialStatus"":""official_reference"",""sourceUrl"":""https://hinanmap.gsi.go.jp/hinanjocp/defaultFtpData/csv/13102_2.csv"",""sourceUpdatedAt"":""2025-09-02"",""evidenceNote"":""Supporting official source has 1 record(s) with matching normalized facility name.""},{""sourceId"":""gsi_chuo_designated_shelters"",""sourceFamily"":""official_shelter_facility"",""sourceName"":""国土地理院 指定避難所データ 東京都中央区"",""officialStatus"":""official_reference"",""sourceUrl"":""https://hinanmap.gsi.go.jp/hinanjocp/defaultFtpData/csv/13102_1.csv"",""sourceUpdatedAt"":""2025-09-02"",""evidenceNote"":""Supporting official source has 1 record(s) with matching normalized facility name.""},{""sourceId"":""local_plateau_citygml_bldg_mesh_53394622"",""sourceFamily"":""plateau_building_geometry"",""sourceName"":""Local PLATEAU 2025 Chuo CityGML building mesh subset"",""officialStatus"":""derived"",""sourceUrl"":null,""sourceUpdatedAt"":null,""evidenceNote"":""Building footprint was derived from an existing local PLATEAU CityGML building mesh. Raw CityGML is not committed.""}]",contains,0.0,high,False,"[""official source does not provide safeFloor; preserve null for review"",""OSM route is an estimated prototype pedestrian route, not an official evacuation route"",""OSM route fields are prototype estimates and are not official evacuation routes""]","[""flood"",""storm_surge"",""earthquake"",""inland_flooding""]",,1332,2025-03-31,available,1155.84,963.2,OSM,estimated_pedestrian_route,False,osm_route_02_011,route_origin_nihonbashi_001,Nihonbashi controlled route test origin,5,0,"Normalized from official Chuo City open data. Original municipality code: 131024. Source marks overlap with designated shelter address. 東京都防災マップ 避難所一覧データCSV match count: 1 東京都防災マップ 避難場所一覧データCSV match count: 1 国土地理院 指定緊急避難場所データ 東京都中央区 match count: 1 国土地理院 指定避難所データ 東京都中央区 match count: 1 B4 performs PLATEAU building matching only; route fields remain not_evaluated for P5-B5. B5 merged OSM route estimates where available; no disaster road closure, flood simulation, or Unity gameplay integration is applied."
real_chuo_building_qualification_012,13102-bldg-12810,chuo_official_emergency_012,日本橋小学校,official_designated_with_review,official_confirmed_with_review,"Official Chuo evidence is present, but PLATEAU building matching requires manual review.","[{""sourceId"":""chuo_open_data_designated_emergency_shelters"",""sourceFamily"":""official_shelter_facility"",""sourceName"":""指定緊急避難所一覧"",""officialStatus"":""official_primary"",""sourceUrl"":""https://www.city.chuo.lg.jp/documents/984/shiteikinkyuuhinan.csv"",""sourceUpdatedAt"":""2025-03-31"",""evidenceNote"":""Primary Chuo City open-data record for a designated emergency evacuation shelter/place.""},{""sourceId"":""tokyo_bosai_map_evacuation_center"",""sourceFamily"":""official_shelter_facility"",""sourceName"":""東京都防災マップ 避難所一覧データCSV"",""officialStatus"":""official_reference"",""sourceUrl"":""https://www.opendata.metro.tokyo.lg.jp/soumu/130001_evacuation_center.csv"",""sourceUpdatedAt"":""2022-06-20"",""evidenceNote"":""Supporting official source has 1 record(s) with matching normalized facility name.""},{""sourceId"":""tokyo_bosai_map_evacuation_area"",""sourceFamily"":""official_shelter_facility"",""sourceName"":""東京都防災マップ 避難場所一覧データCSV"",""officialStatus"":""official_reference"",""sourceUrl"":""https://www.opendata.metro.tokyo.lg.jp/soumu/130001_evacuation_area.csv"",""sourceUpdatedAt"":""2025-12-12"",""evidenceNote"":""Supporting official source has 1 record(s) with matching normalized facility name.""},{""sourceId"":""gsi_chuo_designated_emergency_evacuation_places"",""sourceFamily"":""official_shelter_facility"",""sourceName"":""国土地理院 指定緊急避難場所データ 東京都中央区"",""officialStatus"":""official_reference"",""sourceUrl"":""https://hinanmap.gsi.go.jp/hinanjocp/defaultFtpData/csv/13102_2.csv"",""sourceUpdatedAt"":""2025-09-02"",""evidenceNote"":""Supporting official source has 1 record(s) with matching normalized facility name.""},{""sourceId"":""gsi_chuo_designated_shelters"",""sourceFamily"":""official_shelter_facility"",""sourceName"":""国土地理院 指定避難所データ 東京都中央区"",""officialStatus"":""official_reference"",""sourceUrl"":""https://hinanmap.gsi.go.jp/hinanjocp/defaultFtpData/csv/13102_1.csv"",""sourceUpdatedAt"":""2025-09-02"",""evidenceNote"":""Supporting official source has 1 record(s) with matching normalized facility name.""},{""sourceId"":""local_plateau_citygml_bldg_mesh_53394622"",""sourceFamily"":""plateau_building_geometry"",""sourceName"":""Local PLATEAU 2025 Chuo CityGML building mesh subset"",""officialStatus"":""derived"",""sourceUrl"":null,""sourceUpdatedAt"":null,""evidenceNote"":""Building footprint was derived from an existing local PLATEAU CityGML building mesh. Raw CityGML is not committed.""}]",nearest,13.45,medium,True,"[""shelter point is outside PLATEAU footprint; nearest-building match requires review"",""official source does not provide safeFloor; preserve null for review"",""OSM route is an estimated prototype pedestrian route, not an official evacuation route"",""target building qualification requires manual review"",""target uses nearest PLATEAU building match; review in QGIS"",""OSM route fields are prototype estimates and are not official evacuation routes""]","[""flood"",""storm_surge"",""earthquake"",""inland_flooding""]",,3120,2025-03-31,available,823.208,686.007,OSM,estimated_pedestrian_route,False,osm_route_02_012,route_origin_nihonbashi_001,Nihonbashi controlled route test origin,5,0,"Normalized from official Chuo City open data. Original municipality code: 131024. Source marks overlap with designated shelter address. 東京都防災マップ 避難所一覧データCSV match count: 1 東京都防災マップ 避難場所一覧データCSV match count: 1 国土地理院 指定緊急避難場所データ 東京都中央区 match count: 1 国土地理院 指定避難所データ 東京都中央区 match count: 1 B4 performs PLATEAU building matching only; route fields remain not_evaluated for P5-B5. B5 merged OSM route estimates where available; no disaster road closure, flood simulation, or Unity gameplay integration is applied."
real_chuo_building_qualification_013,13102-bldg-12391,chuo_official_emergency_013,有馬小学校,official_designated,official_confirmed,Official Chuo evidence is present and the shelter point is contained by one local PLATEAU building footprint.,"[{""sourceId"":""chuo_open_data_designated_emergency_shelters"",""sourceFamily"":""official_shelter_facility"",""sourceName"":""指定緊急避難所一覧"",""officialStatus"":""official_primary"",""sourceUrl"":""https://www.city.chuo.lg.jp/documents/984/shiteikinkyuuhinan.csv"",""sourceUpdatedAt"":""2025-03-31"",""evidenceNote"":""Primary Chuo City open-data record for a designated emergency evacuation shelter/place.""},{""sourceId"":""tokyo_bosai_map_evacuation_center"",""sourceFamily"":""official_shelter_facility"",""sourceName"":""東京都防災マップ 避難所一覧データCSV"",""officialStatus"":""official_reference"",""sourceUrl"":""https://www.opendata.metro.tokyo.lg.jp/soumu/130001_evacuation_center.csv"",""sourceUpdatedAt"":""2022-06-20"",""evidenceNote"":""Supporting official source has 1 record(s) with matching normalized facility name.""},{""sourceId"":""tokyo_bosai_map_evacuation_area"",""sourceFamily"":""official_shelter_facility"",""sourceName"":""東京都防災マップ 避難場所一覧データCSV"",""officialStatus"":""official_reference"",""sourceUrl"":""https://www.opendata.metro.tokyo.lg.jp/soumu/130001_evacuation_area.csv"",""sourceUpdatedAt"":""2025-12-12"",""evidenceNote"":""Supporting official source has 1 record(s) with matching normalized facility name.""},{""sourceId"":""gsi_chuo_designated_emergency_evacuation_places"",""sourceFamily"":""official_shelter_facility"",""sourceName"":""国土地理院 指定緊急避難場所データ 東京都中央区"",""officialStatus"":""official_reference"",""sourceUrl"":""https://hinanmap.gsi.go.jp/hinanjocp/defaultFtpData/csv/13102_2.csv"",""sourceUpdatedAt"":""2025-09-02"",""evidenceNote"":""Supporting official source has 1 record(s) with matching normalized facility name.""},{""sourceId"":""gsi_chuo_designated_shelters"",""sourceFamily"":""official_shelter_facility"",""sourceName"":""国土地理院 指定避難所データ 東京都中央区"",""officialStatus"":""official_reference"",""sourceUrl"":""https://hinanmap.gsi.go.jp/hinanjocp/defaultFtpData/csv/13102_1.csv"",""sourceUpdatedAt"":""2025-09-02"",""evidenceNote"":""Supporting official source has 1 record(s) with matching normalized facility name.""},{""sourceId"":""local_plateau_citygml_bldg_mesh_53394613"",""sourceFamily"":""plateau_building_geometry"",""sourceName"":""Local PLATEAU 2025 Chuo CityGML building mesh subset"",""officialStatus"":""derived"",""sourceUrl"":null,""sourceUpdatedAt"":null,""evidenceNote"":""Building footprint was derived from an existing local PLATEAU CityGML building mesh. Raw CityGML is not committed.""}]",contains,0.0,high,False,"[""official source does not provide safeFloor; preserve null for review"",""OSM route is an estimated prototype pedestrian route, not an official evacuation route"",""OSM route fields are prototype estimates and are not official evacuation routes""]","[""flood"",""storm_surge"",""earthquake"",""inland_flooding""]",,4075,2025-03-31,available,1497.205,1247.671,OSM,estimated_pedestrian_route,False,osm_route_02_013,route_origin_nihonbashi_001,Nihonbashi controlled route test origin,5,0,"Normalized from official Chuo City open data. Original municipality code: 131024. Source marks overlap with designated shelter address. 東京都防災マップ 避難所一覧データCSV match count: 1 東京都防災マップ 避難場所一覧データCSV match count: 1 国土地理院 指定緊急避難場所データ 東京都中央区 match count: 1 国土地理院 指定避難所データ 東京都中央区 match count: 1 B4 performs PLATEAU building matching only; route fields remain not_evaluated for P5-B5. B5 merged OSM route estimates where available; no disaster road closure, flood simulation, or Unity gameplay integration is applied."
real_chuo_building_qualification_014,13102-bldg-14859,chuo_official_emergency_014,久松小学校,official_designated,official_confirmed,Official Chuo evidence is present and the shelter point is contained by one local PLATEAU building footprint.,"[{""sourceId"":""chuo_open_data_designated_emergency_shelters"",""sourceFamily"":""official_shelter_facility"",""sourceName"":""指定緊急避難所一覧"",""officialStatus"":""official_primary"",""sourceUrl"":""https://www.city.chuo.lg.jp/documents/984/shiteikinkyuuhinan.csv"",""sourceUpdatedAt"":""2025-03-31"",""evidenceNote"":""Primary Chuo City open-data record for a designated emergency evacuation shelter/place.""},{""sourceId"":""tokyo_bosai_map_evacuation_center"",""sourceFamily"":""official_shelter_facility"",""sourceName"":""東京都防災マップ 避難所一覧データCSV"",""officialStatus"":""official_reference"",""sourceUrl"":""https://www.opendata.metro.tokyo.lg.jp/soumu/130001_evacuation_center.csv"",""sourceUpdatedAt"":""2022-06-20"",""evidenceNote"":""Supporting official source has 1 record(s) with matching normalized facility name.""},{""sourceId"":""tokyo_bosai_map_evacuation_area"",""sourceFamily"":""official_shelter_facility"",""sourceName"":""東京都防災マップ 避難場所一覧データCSV"",""officialStatus"":""official_reference"",""sourceUrl"":""https://www.opendata.metro.tokyo.lg.jp/soumu/130001_evacuation_area.csv"",""sourceUpdatedAt"":""2025-12-12"",""evidenceNote"":""Supporting official source has 1 record(s) with matching normalized facility name.""},{""sourceId"":""gsi_chuo_designated_emergency_evacuation_places"",""sourceFamily"":""official_shelter_facility"",""sourceName"":""国土地理院 指定緊急避難場所データ 東京都中央区"",""officialStatus"":""official_reference"",""sourceUrl"":""https://hinanmap.gsi.go.jp/hinanjocp/defaultFtpData/csv/13102_2.csv"",""sourceUpdatedAt"":""2025-09-02"",""evidenceNote"":""Supporting official source has 1 record(s) with matching normalized facility name.""},{""sourceId"":""gsi_chuo_designated_shelters"",""sourceFamily"":""official_shelter_facility"",""sourceName"":""国土地理院 指定避難所データ 東京都中央区"",""officialStatus"":""official_reference"",""sourceUrl"":""https://hinanmap.gsi.go.jp/hinanjocp/defaultFtpData/csv/13102_1.csv"",""sourceUpdatedAt"":""2025-09-02"",""evidenceNote"":""Supporting official source has 1 record(s) with matching normalized facility name.""},{""sourceId"":""local_plateau_citygml_bldg_mesh_53394622"",""sourceFamily"":""plateau_building_geometry"",""sourceName"":""Local PLATEAU 2025 Chuo CityGML building mesh subset"",""officialStatus"":""derived"",""sourceUrl"":null,""sourceUpdatedAt"":null,""evidenceNote"":""Building footprint was derived from an existing local PLATEAU CityGML building mesh. Raw CityGML is not committed.""}]",contains,0.0,high,False,"[""official source does not provide safeFloor; preserve null for review"",""OSM route is an estimated prototype pedestrian route, not an official evacuation route"",""OSM route fields are prototype estimates and are not official evacuation routes""]","[""flood"",""storm_surge"",""earthquake"",""inland_flooding""]",,4212,2025-03-31,available,1283.159,1069.299,OSM,estimated_pedestrian_route,False,osm_route_02_014,route_origin_nihonbashi_001,Nihonbashi controlled route test origin,5,0,"Normalized from official Chuo City open data. Original municipality code: 131024. Source marks overlap with designated shelter address. 東京都防災マップ 避難所一覧データCSV match count: 1 東京都防災マップ 避難場所一覧データCSV match count: 1 国土地理院 指定緊急避難場所データ 東京都中央区 match count: 1 国土地理院 指定避難所データ 東京都中央区 match count: 1 B4 performs PLATEAU building matching only; route fields remain not_evaluated for P5-B5. B5 merged OSM route estimates where available; no disaster road closure, flood simulation, or Unity gameplay integration is applied."
real_chuo_building_qualification_015,13102-bldg-15963,chuo_official_emergency_015,日本橋中学校,official_designated,official_confirmed,Official Chuo evidence is present and the shelter point is contained by one local PLATEAU building footprint.,"[{""sourceId"":""chuo_open_data_designated_emergency_shelters"",""sourceFamily"":""official_shelter_facility"",""sourceName"":""指定緊急避難所一覧"",""officialStatus"":""official_primary"",""sourceUrl"":""https://www.city.chuo.lg.jp/documents/984/shiteikinkyuuhinan.csv"",""sourceUpdatedAt"":""2025-03-31"",""evidenceNote"":""Primary Chuo City open-data record for a designated emergency evacuation shelter/place.""},{""sourceId"":""tokyo_bosai_map_evacuation_center"",""sourceFamily"":""official_shelter_facility"",""sourceName"":""東京都防災マップ 避難所一覧データCSV"",""officialStatus"":""official_reference"",""sourceUrl"":""https://www.opendata.metro.tokyo.lg.jp/soumu/130001_evacuation_center.csv"",""sourceUpdatedAt"":""2022-06-20"",""evidenceNote"":""Supporting official source has 1 record(s) with matching normalized facility name.""},{""sourceId"":""tokyo_bosai_map_evacuation_area"",""sourceFamily"":""official_shelter_facility"",""sourceName"":""東京都防災マップ 避難場所一覧データCSV"",""officialStatus"":""official_reference"",""sourceUrl"":""https://www.opendata.metro.tokyo.lg.jp/soumu/130001_evacuation_area.csv"",""sourceUpdatedAt"":""2025-12-12"",""evidenceNote"":""Supporting official source has 1 record(s) with matching normalized facility name.""},{""sourceId"":""local_plateau_citygml_bldg_mesh_53394632"",""sourceFamily"":""plateau_building_geometry"",""sourceName"":""Local PLATEAU 2025 Chuo CityGML building mesh subset"",""officialStatus"":""derived"",""sourceUrl"":null,""sourceUpdatedAt"":null,""evidenceNote"":""Building footprint was derived from an existing local PLATEAU CityGML building mesh. Raw CityGML is not committed.""}]",contains,0.0,high,False,"[""official source does not provide safeFloor; preserve null for review"",""OSM route is an estimated prototype pedestrian route, not an official evacuation route"",""OSM route fields are prototype estimates and are not official evacuation routes""]","[""flood"",""storm_surge"",""earthquake"",""inland_flooding""]",,4176,2025-03-31,available,1708.703,1423.919,OSM,estimated_pedestrian_route,False,osm_route_02_015,route_origin_nihonbashi_001,Nihonbashi controlled route test origin,5,0,"Normalized from official Chuo City open data. Original municipality code: 131024. Source marks overlap with designated shelter address. 東京都防災マップ 避難所一覧データCSV match count: 1 東京都防災マップ 避難場所一覧データCSV match count: 1 B4 performs PLATEAU building matching only; route fields remain not_evaluated for P5-B5. B5 merged OSM route estimates where available; no disaster road closure, flood simulation, or Unity gameplay integration is applied."
real_chuo_building_qualification_016,13102-bldg-10474,chuo_official_emergency_016,阪本小学校,official_designated,official_confirmed,Official Chuo evidence is present and the shelter point is contained by one local PLATEAU building footprint.,"[{""sourceId"":""chuo_open_data_designated_emergency_shelters"",""sourceFamily"":""official_shelter_facility"",""sourceName"":""指定緊急避難所一覧"",""officialStatus"":""official_primary"",""sourceUrl"":""https://www.city.chuo.lg.jp/documents/984/shiteikinkyuuhinan.csv"",""sourceUpdatedAt"":""2025-03-31"",""evidenceNote"":""Primary Chuo City open-data record for a designated emergency evacuation shelter/place.""},{""sourceId"":""tokyo_bosai_map_evacuation_center"",""sourceFamily"":""official_shelter_facility"",""sourceName"":""東京都防災マップ 避難所一覧データCSV"",""officialStatus"":""official_reference"",""sourceUrl"":""https://www.opendata.metro.tokyo.lg.jp/soumu/130001_evacuation_center.csv"",""sourceUpdatedAt"":""2022-06-20"",""evidenceNote"":""Supporting official source has 1 record(s) with matching normalized facility name.""},{""sourceId"":""tokyo_bosai_map_evacuation_area"",""sourceFamily"":""official_shelter_facility"",""sourceName"":""東京都防災マップ 避難場所一覧データCSV"",""officialStatus"":""official_reference"",""sourceUrl"":""https://www.opendata.metro.tokyo.lg.jp/soumu/130001_evacuation_area.csv"",""sourceUpdatedAt"":""2025-12-12"",""evidenceNote"":""Supporting official source has 1 record(s) with matching normalized facility name.""},{""sourceId"":""gsi_chuo_designated_emergency_evacuation_places"",""sourceFamily"":""official_shelter_facility"",""sourceName"":""国土地理院 指定緊急避難場所データ 東京都中央区"",""officialStatus"":""official_reference"",""sourceUrl"":""https://hinanmap.gsi.go.jp/hinanjocp/defaultFtpData/csv/13102_2.csv"",""sourceUpdatedAt"":""2025-09-02"",""evidenceNote"":""Supporting official source has 1 record(s) with matching normalized facility name.""},{""sourceId"":""gsi_chuo_designated_shelters"",""sourceFamily"":""official_shelter_facility"",""sourceName"":""国土地理院 指定避難所データ 東京都中央区"",""officialStatus"":""official_reference"",""sourceUrl"":""https://hinanmap.gsi.go.jp/hinanjocp/defaultFtpData/csv/13102_1.csv"",""sourceUpdatedAt"":""2025-09-02"",""evidenceNote"":""Supporting official source has 1 record(s) with matching normalized facility name.""},{""sourceId"":""local_plateau_citygml_bldg_mesh_53394612"",""sourceFamily"":""plateau_building_geometry"",""sourceName"":""Local PLATEAU 2025 Chuo CityGML building mesh subset"",""officialStatus"":""derived"",""sourceUrl"":null,""sourceUpdatedAt"":null,""evidenceNote"":""Building footprint was derived from an existing local PLATEAU CityGML building mesh. Raw CityGML is not committed.""}]",contains,0.0,high,False,"[""official source does not provide safeFloor; preserve null for review"",""OSM route is an estimated prototype pedestrian route, not an official evacuation route"",""OSM route fields are prototype estimates and are not official evacuation routes""]","[""flood"",""storm_surge"",""earthquake"",""inland_flooding""]",,2987,2025-03-31,available,541.15,450.958,OSM,estimated_pedestrian_route,False,osm_route_02_016,route_origin_nihonbashi_001,Nihonbashi controlled route test origin,5,0,"Normalized from official Chuo City open data. Original municipality code: 131024. Source marks overlap with designated shelter address. 東京都防災マップ 避難所一覧データCSV match count: 1 東京都防災マップ 避難場所一覧データCSV match count: 1 国土地理院 指定緊急避難場所データ 東京都中央区 match count: 1 国土地理院 指定避難所データ 東京都中央区 match count: 1 B4 performs PLATEAU building matching only; route fields remain not_evaluated for P5-B5. B5 merged OSM route estimates where available; no disaster road closure, flood simulation, or Unity gameplay integration is applied."
real_chuo_building_qualification_017,13102-bldg-8511,chuo_official_emergency_017,佃島小学校,official_designated,official_confirmed,Official Chuo evidence is present and the shelter point is contained by one local PLATEAU building footprint.,"[{""sourceId"":""chuo_open_data_designated_emergency_shelters"",""sourceFamily"":""official_shelter_facility"",""sourceName"":""指定緊急避難所一覧"",""officialStatus"":""official_primary"",""sourceUrl"":""https://www.city.chuo.lg.jp/documents/984/shiteikinkyuuhinan.csv"",""sourceUpdatedAt"":""2025-03-31"",""evidenceNote"":""Primary Chuo City open-data record for a designated emergency evacuation shelter/place.""},{""sourceId"":""tokyo_bosai_map_evacuation_center"",""sourceFamily"":""official_shelter_facility"",""sourceName"":""東京都防災マップ 避難所一覧データCSV"",""officialStatus"":""official_reference"",""sourceUrl"":""https://www.opendata.metro.tokyo.lg.jp/soumu/130001_evacuation_center.csv"",""sourceUpdatedAt"":""2022-06-20"",""evidenceNote"":""Supporting official source has 1 record(s) with matching normalized facility name.""},{""sourceId"":""tokyo_bosai_map_evacuation_area"",""sourceFamily"":""official_shelter_facility"",""sourceName"":""東京都防災マップ 避難場所一覧データCSV"",""officialStatus"":""official_reference"",""sourceUrl"":""https://www.opendata.metro.tokyo.lg.jp/soumu/130001_evacuation_area.csv"",""sourceUpdatedAt"":""2025-12-12"",""evidenceNote"":""Supporting official source has 1 record(s) with matching normalized facility name.""},{""sourceId"":""gsi_chuo_designated_emergency_evacuation_places"",""sourceFamily"":""official_shelter_facility"",""sourceName"":""国土地理院 指定緊急避難場所データ 東京都中央区"",""officialStatus"":""official_reference"",""sourceUrl"":""https://hinanmap.gsi.go.jp/hinanjocp/defaultFtpData/csv/13102_2.csv"",""sourceUpdatedAt"":""2025-09-02"",""evidenceNote"":""Supporting official source has 1 record(s) with matching normalized facility name.""},{""sourceId"":""gsi_chuo_designated_shelters"",""sourceFamily"":""official_shelter_facility"",""sourceName"":""国土地理院 指定避難所データ 東京都中央区"",""officialStatus"":""official_reference"",""sourceUrl"":""https://hinanmap.gsi.go.jp/hinanjocp/defaultFtpData/csv/13102_1.csv"",""sourceUpdatedAt"":""2025-09-02"",""evidenceNote"":""Supporting official source has 1 record(s) with matching normalized facility name.""},{""sourceId"":""local_plateau_citygml_bldg_mesh_53394602"",""sourceFamily"":""plateau_building_geometry"",""sourceName"":""Local PLATEAU 2025 Chuo CityGML building mesh subset"",""officialStatus"":""derived"",""sourceUrl"":null,""sourceUpdatedAt"":null,""evidenceNote"":""Building footprint was derived from an existing local PLATEAU CityGML building mesh. Raw CityGML is not committed.""}]",contains,0.0,high,False,"[""official source does not provide safeFloor; preserve null for review"",""OSM route is an estimated prototype pedestrian route, not an official evacuation route"",""OSM route fields are prototype estimates and are not official evacuation routes""]","[""flood"",""storm_surge"",""earthquake"",""tsunami"",""inland_flooding""]",,4509,2025-03-31,available,985.939,821.616,OSM,estimated_pedestrian_route,False,osm_route_03_017,route_origin_hatchobori_tsukiji_001,Hatchobori Tsukiji controlled route test origin,5,0,"Normalized from official Chuo City open data. Original municipality code: 131024. Source marks overlap with designated shelter address. 東京都防災マップ 避難所一覧データCSV match count: 1 東京都防災マップ 避難場所一覧データCSV match count: 1 国土地理院 指定緊急避難場所データ 東京都中央区 match count: 1 国土地理院 指定避難所データ 東京都中央区 match count: 1 B4 performs PLATEAU building matching only; route fields remain not_evaluated for P5-B5. B5 merged OSM route estimates where available; no disaster road closure, flood simulation, or Unity gameplay integration is applied."
real_chuo_building_qualification_018,13102-bldg-8511,chuo_official_emergency_018,佃中学校,official_designated,official_confirmed,Official Chuo evidence is present and the shelter point is contained by one local PLATEAU building footprint.,"[{""sourceId"":""chuo_open_data_designated_emergency_shelters"",""sourceFamily"":""official_shelter_facility"",""sourceName"":""指定緊急避難所一覧"",""officialStatus"":""official_primary"",""sourceUrl"":""https://www.city.chuo.lg.jp/documents/984/shiteikinkyuuhinan.csv"",""sourceUpdatedAt"":""2025-03-31"",""evidenceNote"":""Primary Chuo City open-data record for a designated emergency evacuation shelter/place.""},{""sourceId"":""tokyo_bosai_map_evacuation_center"",""sourceFamily"":""official_shelter_facility"",""sourceName"":""東京都防災マップ 避難所一覧データCSV"",""officialStatus"":""official_reference"",""sourceUrl"":""https://www.opendata.metro.tokyo.lg.jp/soumu/130001_evacuation_center.csv"",""sourceUpdatedAt"":""2022-06-20"",""evidenceNote"":""Supporting official source has 1 record(s) with matching normalized facility name.""},{""sourceId"":""tokyo_bosai_map_evacuation_area"",""sourceFamily"":""official_shelter_facility"",""sourceName"":""東京都防災マップ 避難場所一覧データCSV"",""officialStatus"":""official_reference"",""sourceUrl"":""https://www.opendata.metro.tokyo.lg.jp/soumu/130001_evacuation_area.csv"",""sourceUpdatedAt"":""2025-12-12"",""evidenceNote"":""Supporting official source has 1 record(s) with matching normalized facility name.""},{""sourceId"":""gsi_chuo_designated_emergency_evacuation_places"",""sourceFamily"":""official_shelter_facility"",""sourceName"":""国土地理院 指定緊急避難場所データ 東京都中央区"",""officialStatus"":""official_reference"",""sourceUrl"":""https://hinanmap.gsi.go.jp/hinanjocp/defaultFtpData/csv/13102_2.csv"",""sourceUpdatedAt"":""2025-09-02"",""evidenceNote"":""Supporting official source has 1 record(s) with matching normalized facility name.""},{""sourceId"":""gsi_chuo_designated_shelters"",""sourceFamily"":""official_shelter_facility"",""sourceName"":""国土地理院 指定避難所データ 東京都中央区"",""officialStatus"":""official_reference"",""sourceUrl"":""https://hinanmap.gsi.go.jp/hinanjocp/defaultFtpData/csv/13102_1.csv"",""sourceUpdatedAt"":""2025-09-02"",""evidenceNote"":""Supporting official source has 1 record(s) with matching normalized facility name.""},{""sourceId"":""local_plateau_citygml_bldg_mesh_53394602"",""sourceFamily"":""plateau_building_geometry"",""sourceName"":""Local PLATEAU 2025 Chuo CityGML building mesh subset"",""officialStatus"":""derived"",""sourceUrl"":null,""sourceUpdatedAt"":null,""evidenceNote"":""Building footprint was derived from an existing local PLATEAU CityGML building mesh. Raw CityGML is not committed.""}]",contains,0.0,high,False,"[""official source does not provide safeFloor; preserve null for review"",""OSM route is an estimated prototype pedestrian route, not an official evacuation route"",""OSM route fields are prototype estimates and are not official evacuation routes""]","[""flood"",""storm_surge"",""earthquake"",""tsunami"",""inland_flooding""]",,4890,2025-03-31,available,891.774,743.145,OSM,estimated_pedestrian_route,False,osm_route_03_018,route_origin_hatchobori_tsukiji_001,Hatchobori Tsukiji controlled route test origin,5,0,"Normalized from official Chuo City open data. Original municipality code: 131024. Source marks overlap with designated shelter address. 東京都防災マップ 避難所一覧データCSV match count: 1 東京都防災マップ 避難場所一覧データCSV match count: 1 国土地理院 指定緊急避難場所データ 東京都中央区 match count: 1 国土地理院 指定避難所データ 東京都中央区 match count: 1 B4 performs PLATEAU building matching only; route fields remain not_evaluated for P5-B5. B5 merged OSM route estimates where available; no disaster road closure, flood simulation, or Unity gameplay integration is applied."
real_chuo_building_qualification_019,13102-bldg-5099,chuo_official_emergency_019,月島第一小学校,official_designated,official_confirmed,Official Chuo evidence is present and the shelter point is contained by one local PLATEAU building footprint.,"[{""sourceId"":""chuo_open_data_designated_emergency_shelters"",""sourceFamily"":""official_shelter_facility"",""sourceName"":""指定緊急避難所一覧"",""officialStatus"":""official_primary"",""sourceUrl"":""https://www.city.chuo.lg.jp/documents/984/shiteikinkyuuhinan.csv"",""sourceUpdatedAt"":""2025-03-31"",""evidenceNote"":""Primary Chuo City open-data record for a designated emergency evacuation shelter/place.""},{""sourceId"":""tokyo_bosai_map_evacuation_center"",""sourceFamily"":""official_shelter_facility"",""sourceName"":""東京都防災マップ 避難所一覧データCSV"",""officialStatus"":""official_reference"",""sourceUrl"":""https://www.opendata.metro.tokyo.lg.jp/soumu/130001_evacuation_center.csv"",""sourceUpdatedAt"":""2022-06-20"",""evidenceNote"":""Supporting official source has 1 record(s) with matching normalized facility name.""},{""sourceId"":""tokyo_bosai_map_evacuation_area"",""sourceFamily"":""official_shelter_facility"",""sourceName"":""東京都防災マップ 避難場所一覧データCSV"",""officialStatus"":""official_reference"",""sourceUrl"":""https://www.opendata.metro.tokyo.lg.jp/soumu/130001_evacuation_area.csv"",""sourceUpdatedAt"":""2025-12-12"",""evidenceNote"":""Supporting official source has 1 record(s) with matching normalized facility name.""},{""sourceId"":""gsi_chuo_designated_emergency_evacuation_places"",""sourceFamily"":""official_shelter_facility"",""sourceName"":""国土地理院 指定緊急避難場所データ 東京都中央区"",""officialStatus"":""official_reference"",""sourceUrl"":""https://hinanmap.gsi.go.jp/hinanjocp/defaultFtpData/csv/13102_2.csv"",""sourceUpdatedAt"":""2025-09-02"",""evidenceNote"":""Supporting official source has 1 record(s) with matching normalized facility name.""},{""sourceId"":""gsi_chuo_designated_shelters"",""sourceFamily"":""official_shelter_facility"",""sourceName"":""国土地理院 指定避難所データ 東京都中央区"",""officialStatus"":""official_reference"",""sourceUrl"":""https://hinanmap.gsi.go.jp/hinanjocp/defaultFtpData/csv/13102_1.csv"",""sourceUpdatedAt"":""2025-09-02"",""evidenceNote"":""Supporting official source has 1 record(s) with matching normalized facility name.""},{""sourceId"":""local_plateau_citygml_bldg_mesh_53393692"",""sourceFamily"":""plateau_building_geometry"",""sourceName"":""Local PLATEAU 2025 Chuo CityGML building mesh subset"",""officialStatus"":""derived"",""sourceUrl"":null,""sourceUpdatedAt"":null,""evidenceNote"":""Building footprint was derived from an existing local PLATEAU CityGML building mesh. Raw CityGML is not committed.""}]",contains,0.0,high,False,"[""official source does not provide safeFloor; preserve null for review"",""OSM route is an estimated prototype pedestrian route, not an official evacuation route"",""OSM route fields are prototype estimates and are not official evacuation routes""]","[""flood"",""storm_surge"",""earthquake"",""tsunami"",""inland_flooding""]",,3504,2025-03-31,available,416.372,346.977,OSM,estimated_pedestrian_route,False,osm_route_04_019,route_origin_tsukishima_kachidoki_001,Tsukishima Kachidoki controlled route test origin,5,0,"Normalized from official Chuo City open data. Original municipality code: 131024. Source marks overlap with designated shelter address. 東京都防災マップ 避難所一覧データCSV match count: 1 東京都防災マップ 避難場所一覧データCSV match count: 1 国土地理院 指定緊急避難場所データ 東京都中央区 match count: 1 国土地理院 指定避難所データ 東京都中央区 match count: 1 B4 performs PLATEAU building matching only; route fields remain not_evaluated for P5-B5. B5 merged OSM route estimates where available; no disaster road closure, flood simulation, or Unity gameplay integration is applied."
real_chuo_building_qualification_020,13102-bldg-9813,chuo_official_emergency_020,月島第二小学校,official_designated,official_confirmed,Official Chuo evidence is present and the shelter point is contained by one local PLATEAU building footprint.,"[{""sourceId"":""chuo_open_data_designated_emergency_shelters"",""sourceFamily"":""official_shelter_facility"",""sourceName"":""指定緊急避難所一覧"",""officialStatus"":""official_primary"",""sourceUrl"":""https://www.city.chuo.lg.jp/documents/984/shiteikinkyuuhinan.csv"",""sourceUpdatedAt"":""2025-03-31"",""evidenceNote"":""Primary Chuo City open-data record for a designated emergency evacuation shelter/place.""},{""sourceId"":""tokyo_bosai_map_evacuation_center"",""sourceFamily"":""official_shelter_facility"",""sourceName"":""東京都防災マップ 避難所一覧データCSV"",""officialStatus"":""official_reference"",""sourceUrl"":""https://www.opendata.metro.tokyo.lg.jp/soumu/130001_evacuation_center.csv"",""sourceUpdatedAt"":""2022-06-20"",""evidenceNote"":""Supporting official source has 1 record(s) with matching normalized facility name.""},{""sourceId"":""tokyo_bosai_map_evacuation_area"",""sourceFamily"":""official_shelter_facility"",""sourceName"":""東京都防災マップ 避難場所一覧データCSV"",""officialStatus"":""official_reference"",""sourceUrl"":""https://www.opendata.metro.tokyo.lg.jp/soumu/130001_evacuation_area.csv"",""sourceUpdatedAt"":""2025-12-12"",""evidenceNote"":""Supporting official source has 1 record(s) with matching normalized facility name.""},{""sourceId"":""gsi_chuo_designated_emergency_evacuation_places"",""sourceFamily"":""official_shelter_facility"",""sourceName"":""国土地理院 指定緊急避難場所データ 東京都中央区"",""officialStatus"":""official_reference"",""sourceUrl"":""https://hinanmap.gsi.go.jp/hinanjocp/defaultFtpData/csv/13102_2.csv"",""sourceUpdatedAt"":""2025-09-02"",""evidenceNote"":""Supporting official source has 1 record(s) with matching normalized facility name.""},{""sourceId"":""gsi_chuo_designated_shelters"",""sourceFamily"":""official_shelter_facility"",""sourceName"":""国土地理院 指定避難所データ 東京都中央区"",""officialStatus"":""official_reference"",""sourceUrl"":""https://hinanmap.gsi.go.jp/hinanjocp/defaultFtpData/csv/13102_1.csv"",""sourceUpdatedAt"":""2025-09-02"",""evidenceNote"":""Supporting official source has 1 record(s) with matching normalized facility name.""},{""sourceId"":""local_plateau_citygml_bldg_mesh_53393692"",""sourceFamily"":""plateau_building_geometry"",""sourceName"":""Local PLATEAU 2025 Chuo CityGML building mesh subset"",""officialStatus"":""derived"",""sourceUrl"":null,""sourceUpdatedAt"":null,""evidenceNote"":""Building footprint was derived from an existing local PLATEAU CityGML building mesh. Raw CityGML is not committed.""}]",contains,0.0,high,False,"[""official source does not provide safeFloor; preserve null for review"",""OSM route is an estimated prototype pedestrian route, not an official evacuation route"",""OSM route fields are prototype estimates and are not official evacuation routes""]","[""flood"",""storm_surge"",""earthquake"",""tsunami"",""inland_flooding""]",,3837,2025-03-31,available,219.427,182.856,OSM,estimated_pedestrian_route,False,osm_route_04_020,route_origin_tsukishima_kachidoki_001,Tsukishima Kachidoki controlled route test origin,5,0,"Normalized from official Chuo City open data. Original municipality code: 131024. Source marks overlap with designated shelter address. 東京都防災マップ 避難所一覧データCSV match count: 1 東京都防災マップ 避難場所一覧データCSV match count: 1 国土地理院 指定緊急避難場所データ 東京都中央区 match count: 1 国土地理院 指定避難所データ 東京都中央区 match count: 1 B4 performs PLATEAU building matching only; route fields remain not_evaluated for P5-B5. B5 merged OSM route estimates where available; no disaster road closure, flood simulation, or Unity gameplay integration is applied."
real_chuo_building_qualification_021,13102-bldg-7675,chuo_official_emergency_021,月島第三小学校,official_designated_with_review,official_confirmed_with_review,"Official Chuo evidence is present, but PLATEAU building matching requires manual review.","[{""sourceId"":""chuo_open_data_designated_emergency_shelters"",""sourceFamily"":""official_shelter_facility"",""sourceName"":""指定緊急避難所一覧"",""officialStatus"":""official_primary"",""sourceUrl"":""https://www.city.chuo.lg.jp/documents/984/shiteikinkyuuhinan.csv"",""sourceUpdatedAt"":""2025-03-31"",""evidenceNote"":""Primary Chuo City open-data record for a designated emergency evacuation shelter/place.""},{""sourceId"":""tokyo_bosai_map_evacuation_center"",""sourceFamily"":""official_shelter_facility"",""sourceName"":""東京都防災マップ 避難所一覧データCSV"",""officialStatus"":""official_reference"",""sourceUrl"":""https://www.opendata.metro.tokyo.lg.jp/soumu/130001_evacuation_center.csv"",""sourceUpdatedAt"":""2022-06-20"",""evidenceNote"":""Supporting official source has 1 record(s) with matching normalized facility name.""},{""sourceId"":""tokyo_bosai_map_evacuation_area"",""sourceFamily"":""official_shelter_facility"",""sourceName"":""東京都防災マップ 避難場所一覧データCSV"",""officialStatus"":""official_reference"",""sourceUrl"":""https://www.opendata.metro.tokyo.lg.jp/soumu/130001_evacuation_area.csv"",""sourceUpdatedAt"":""2025-12-12"",""evidenceNote"":""Supporting official source has 1 record(s) with matching normalized facility name.""},{""sourceId"":""gsi_chuo_designated_emergency_evacuation_places"",""sourceFamily"":""official_shelter_facility"",""sourceName"":""国土地理院 指定緊急避難場所データ 東京都中央区"",""officialStatus"":""official_reference"",""sourceUrl"":""https://hinanmap.gsi.go.jp/hinanjocp/defaultFtpData/csv/13102_2.csv"",""sourceUpdatedAt"":""2025-09-02"",""evidenceNote"":""Supporting official source has 1 record(s) with matching normalized facility name.""},{""sourceId"":""gsi_chuo_designated_shelters"",""sourceFamily"":""official_shelter_facility"",""sourceName"":""国土地理院 指定避難所データ 東京都中央区"",""officialStatus"":""official_reference"",""sourceUrl"":""https://hinanmap.gsi.go.jp/hinanjocp/defaultFtpData/csv/13102_1.csv"",""sourceUpdatedAt"":""2025-09-02"",""evidenceNote"":""Supporting official source has 1 record(s) with matching normalized facility name.""},{""sourceId"":""local_plateau_citygml_bldg_mesh_53393692"",""sourceFamily"":""plateau_building_geometry"",""sourceName"":""Local PLATEAU 2025 Chuo CityGML building mesh subset"",""officialStatus"":""derived"",""sourceUrl"":null,""sourceUpdatedAt"":null,""evidenceNote"":""Building footprint was derived from an existing local PLATEAU CityGML building mesh. Raw CityGML is not committed.""}]",nearest,0.075,high,True,"[""shelter point is outside PLATEAU footprint; nearest-building match requires review"",""official source does not provide safeFloor; preserve null for review"",""OSM route is an estimated prototype pedestrian route, not an official evacuation route"",""target building qualification requires manual review"",""target uses nearest PLATEAU building match; review in QGIS"",""OSM route fields are prototype estimates and are not official evacuation routes""]","[""flood"",""storm_surge"",""earthquake"",""inland_flooding""]",,4529,2025-03-31,available,1151.801,959.834,OSM,estimated_pedestrian_route,False,osm_route_04_021,route_origin_tsukishima_kachidoki_001,Tsukishima Kachidoki controlled route test origin,5,0,"Normalized from official Chuo City open data. Original municipality code: 131024. Source marks overlap with designated shelter address. 東京都防災マップ 避難所一覧データCSV match count: 1 東京都防災マップ 避難場所一覧データCSV match count: 1 国土地理院 指定緊急避難場所データ 東京都中央区 match count: 1 国土地理院 指定避難所データ 東京都中央区 match count: 1 B4 performs PLATEAU building matching only; route fields remain not_evaluated for P5-B5. B5 merged OSM route estimates where available; no disaster road closure, flood simulation, or Unity gameplay integration is applied."
real_chuo_building_qualification_022,13102-bldg-1478,chuo_official_emergency_022,晴海中学校,official_designated,official_confirmed,Official Chuo evidence is present and the shelter point is contained by one local PLATEAU building footprint.,"[{""sourceId"":""chuo_open_data_designated_emergency_shelters"",""sourceFamily"":""official_shelter_facility"",""sourceName"":""指定緊急避難所一覧"",""officialStatus"":""official_primary"",""sourceUrl"":""https://www.city.chuo.lg.jp/documents/984/shiteikinkyuuhinan.csv"",""sourceUpdatedAt"":""2025-03-31"",""evidenceNote"":""Primary Chuo City open-data record for a designated emergency evacuation shelter/place.""},{""sourceId"":""tokyo_bosai_map_evacuation_center"",""sourceFamily"":""official_shelter_facility"",""sourceName"":""東京都防災マップ 避難所一覧データCSV"",""officialStatus"":""official_reference"",""sourceUrl"":""https://www.opendata.metro.tokyo.lg.jp/soumu/130001_evacuation_center.csv"",""sourceUpdatedAt"":""2022-06-20"",""evidenceNote"":""Supporting official source has 1 record(s) with matching normalized facility name.""},{""sourceId"":""tokyo_bosai_map_evacuation_area"",""sourceFamily"":""official_shelter_facility"",""sourceName"":""東京都防災マップ 避難場所一覧データCSV"",""officialStatus"":""official_reference"",""sourceUrl"":""https://www.opendata.metro.tokyo.lg.jp/soumu/130001_evacuation_area.csv"",""sourceUpdatedAt"":""2025-12-12"",""evidenceNote"":""Supporting official source has 1 record(s) with matching normalized facility name.""},{""sourceId"":""gsi_chuo_designated_emergency_evacuation_places"",""sourceFamily"":""official_shelter_facility"",""sourceName"":""国土地理院 指定緊急避難場所データ 東京都中央区"",""officialStatus"":""official_reference"",""sourceUrl"":""https://hinanmap.gsi.go.jp/hinanjocp/defaultFtpData/csv/13102_2.csv"",""sourceUpdatedAt"":""2025-09-02"",""evidenceNote"":""Supporting official source has 1 record(s) with matching normalized facility name.""},{""sourceId"":""gsi_chuo_designated_shelters"",""sourceFamily"":""official_shelter_facility"",""sourceName"":""国土地理院 指定避難所データ 東京都中央区"",""officialStatus"":""official_reference"",""sourceUrl"":""https://hinanmap.gsi.go.jp/hinanjocp/defaultFtpData/csv/13102_1.csv"",""sourceUpdatedAt"":""2025-09-02"",""evidenceNote"":""Supporting official source has 1 record(s) with matching normalized facility name.""},{""sourceId"":""local_plateau_citygml_bldg_mesh_53393692"",""sourceFamily"":""plateau_building_geometry"",""sourceName"":""Local PLATEAU 2025 Chuo CityGML building mesh subset"",""officialStatus"":""derived"",""sourceUrl"":null,""sourceUpdatedAt"":null,""evidenceNote"":""Building footprint was derived from an existing local PLATEAU CityGML building mesh. Raw CityGML is not committed.""}]",contains,0.0,high,False,"[""official source does not provide safeFloor; preserve null for review"",""OSM route is an estimated prototype pedestrian route, not an official evacuation route"",""OSM route fields are prototype estimates and are not official evacuation routes""]","[""flood"",""storm_surge"",""earthquake"",""inland_flooding""]",,4401,2025-03-31,available,1042.408,868.673,OSM,estimated_pedestrian_route,False,osm_route_04_022,route_origin_tsukishima_kachidoki_001,Tsukishima Kachidoki controlled route test origin,5,0,"Normalized from official Chuo City open data. Original municipality code: 131024. Source marks overlap with designated shelter address. 東京都防災マップ 避難所一覧データCSV match count: 1 東京都防災マップ 避難場所一覧データCSV match count: 1 国土地理院 指定緊急避難場所データ 東京都中央区 match count: 1 国土地理院 指定避難所データ 東京都中央区 match count: 1 B4 performs PLATEAU building matching only; route fields remain not_evaluated for P5-B5. B5 merged OSM route estimates where available; no disaster road closure, flood simulation, or Unity gameplay integration is applied."
real_chuo_building_qualification_023,13102-bldg-2954,chuo_official_emergency_023,豊海小学校,official_designated_with_review,official_confirmed_with_review,"Official Chuo evidence is present, but PLATEAU building matching requires manual review.","[{""sourceId"":""chuo_open_data_designated_emergency_shelters"",""sourceFamily"":""official_shelter_facility"",""sourceName"":""指定緊急避難所一覧"",""officialStatus"":""official_primary"",""sourceUrl"":""https://www.city.chuo.lg.jp/documents/984/shiteikinkyuuhinan.csv"",""sourceUpdatedAt"":""2025-03-31"",""evidenceNote"":""Primary Chuo City open-data record for a designated emergency evacuation shelter/place.""},{""sourceId"":""tokyo_bosai_map_evacuation_center"",""sourceFamily"":""official_shelter_facility"",""sourceName"":""東京都防災マップ 避難所一覧データCSV"",""officialStatus"":""official_reference"",""sourceUrl"":""https://www.opendata.metro.tokyo.lg.jp/soumu/130001_evacuation_center.csv"",""sourceUpdatedAt"":""2022-06-20"",""evidenceNote"":""Supporting official source has 1 record(s) with matching normalized facility name.""},{""sourceId"":""tokyo_bosai_map_evacuation_area"",""sourceFamily"":""official_shelter_facility"",""sourceName"":""東京都防災マップ 避難場所一覧データCSV"",""officialStatus"":""official_reference"",""sourceUrl"":""https://www.opendata.metro.tokyo.lg.jp/soumu/130001_evacuation_area.csv"",""sourceUpdatedAt"":""2025-12-12"",""evidenceNote"":""Supporting official source has 1 record(s) with matching normalized facility name.""},{""sourceId"":""gsi_chuo_designated_emergency_evacuation_places"",""sourceFamily"":""official_shelter_facility"",""sourceName"":""国土地理院 指定緊急避難場所データ 東京都中央区"",""officialStatus"":""official_reference"",""sourceUrl"":""https://hinanmap.gsi.go.jp/hinanjocp/defaultFtpData/csv/13102_2.csv"",""sourceUpdatedAt"":""2025-09-02"",""evidenceNote"":""Supporting official source has 1 record(s) with matching normalized facility name.""},{""sourceId"":""gsi_chuo_designated_shelters"",""sourceFamily"":""official_shelter_facility"",""sourceName"":""国土地理院 指定避難所データ 東京都中央区"",""officialStatus"":""official_reference"",""sourceUrl"":""https://hinanmap.gsi.go.jp/hinanjocp/defaultFtpData/csv/13102_1.csv"",""sourceUpdatedAt"":""2025-09-02"",""evidenceNote"":""Supporting official source has 1 record(s) with matching normalized facility name.""},{""sourceId"":""local_plateau_citygml_bldg_mesh_53393681"",""sourceFamily"":""plateau_building_geometry"",""sourceName"":""Local PLATEAU 2025 Chuo CityGML building mesh subset"",""officialStatus"":""derived"",""sourceUrl"":null,""sourceUpdatedAt"":null,""evidenceNote"":""Building footprint was derived from an existing local PLATEAU CityGML building mesh. Raw CityGML is not committed.""}]",nearest,7.215,medium,True,"[""shelter point is outside PLATEAU footprint; nearest-building match requires review"",""nearest_match_semantic_review_needed"",""nearest PLATEAU building height is missing"",""nearest PLATEAU building floor count is low or uncertain"",""nearest PLATEAU building usage is raw, unknown, or not semantically interpreted in P5-B"",""official source does not provide safeFloor; preserve null for review"",""OSM route is an estimated prototype pedestrian route, not an official evacuation route"",""target building qualification requires manual review"",""target uses nearest PLATEAU building match; review in QGIS"",""OSM route fields are prototype estimates and are not official evacuation routes""]","[""flood"",""storm_surge"",""earthquake"",""tsunami"",""inland_flooding""]",,5612,2025-03-31,available,791.179,659.316,OSM,estimated_pedestrian_route,False,osm_route_04_023,route_origin_tsukishima_kachidoki_001,Tsukishima Kachidoki controlled route test origin,5,0,"Normalized from official Chuo City open data. Original municipality code: 131024. Source marks overlap with designated shelter address. 東京都防災マップ 避難所一覧データCSV match count: 1 東京都防災マップ 避難場所一覧データCSV match count: 1 国土地理院 指定緊急避難場所データ 東京都中央区 match count: 1 国土地理院 指定避難所データ 東京都中央区 match count: 1 B4 performs PLATEAU building matching only; route fields remain not_evaluated for P5-B5. B5 merged OSM route estimates where available; no disaster road closure, flood simulation, or Unity gameplay integration is applied."
real_chuo_building_qualification_024,13102-bldg-10473,chuo_official_emergency_024,中央区役所,official_designated,official_confirmed,Official Chuo evidence is present and the shelter point is contained by one local PLATEAU building footprint.,"[{""sourceId"":""chuo_open_data_designated_emergency_shelters"",""sourceFamily"":""official_shelter_facility"",""sourceName"":""指定緊急避難所一覧"",""officialStatus"":""official_primary"",""sourceUrl"":""https://www.city.chuo.lg.jp/documents/984/shiteikinkyuuhinan.csv"",""sourceUpdatedAt"":""2025-03-31"",""evidenceNote"":""Primary Chuo City open-data record for a designated emergency evacuation shelter/place.""},{""sourceId"":""tokyo_bosai_map_evacuation_area"",""sourceFamily"":""official_shelter_facility"",""sourceName"":""東京都防災マップ 避難場所一覧データCSV"",""officialStatus"":""official_reference"",""sourceUrl"":""https://www.opendata.metro.tokyo.lg.jp/soumu/130001_evacuation_area.csv"",""sourceUpdatedAt"":""2025-12-12"",""evidenceNote"":""Supporting official source has 1 record(s) with matching normalized facility name.""},{""sourceId"":""gsi_chuo_designated_emergency_evacuation_places"",""sourceFamily"":""official_shelter_facility"",""sourceName"":""国土地理院 指定緊急避難場所データ 東京都中央区"",""officialStatus"":""official_reference"",""sourceUrl"":""https://hinanmap.gsi.go.jp/hinanjocp/defaultFtpData/csv/13102_2.csv"",""sourceUpdatedAt"":""2025-09-02"",""evidenceNote"":""Supporting official source has 1 record(s) with matching normalized facility name.""},{""sourceId"":""local_plateau_citygml_bldg_mesh_53394601"",""sourceFamily"":""plateau_building_geometry"",""sourceName"":""Local PLATEAU 2025 Chuo CityGML building mesh subset"",""officialStatus"":""derived"",""sourceUrl"":null,""sourceUpdatedAt"":null,""evidenceNote"":""Building footprint was derived from an existing local PLATEAU CityGML building mesh. Raw CityGML is not committed.""}]",contains,0.0,high,False,"[""official source does not provide safeFloor; preserve null for review"",""official source does not provide capacity or capacity could not be parsed"",""OSM route is an estimated prototype pedestrian route, not an official evacuation route"",""OSM route fields are prototype estimates and are not official evacuation routes""]","[""flood"",""storm_surge"",""inland_flooding""]",,,2025-03-31,available,669.632,558.027,OSM,estimated_pedestrian_route,False,osm_route_03_024,route_origin_hatchobori_tsukiji_001,Hatchobori Tsukiji controlled route test origin,5,0,"Normalized from official Chuo City open data. Original municipality code: 131024. 東京都防災マップ 避難場所一覧データCSV match count: 1 国土地理院 指定緊急避難場所データ 東京都中央区 match count: 1 B4 performs PLATEAU building matching only; route fields remain not_evaluated for P5-B5. B5 merged OSM route estimates where available; no disaster road closure, flood simulation, or Unity gameplay integration is applied."
real_chuo_building_qualification_025,13102-bldg-12306,chuo_official_emergency_025,日本橋区民センター,official_designated,official_confirmed,Official Chuo evidence is present and the shelter point is contained by one local PLATEAU building footprint.,"[{""sourceId"":""chuo_open_data_designated_emergency_shelters"",""sourceFamily"":""official_shelter_facility"",""sourceName"":""指定緊急避難所一覧"",""officialStatus"":""official_primary"",""sourceUrl"":""https://www.city.chuo.lg.jp/documents/984/shiteikinkyuuhinan.csv"",""sourceUpdatedAt"":""2025-03-31"",""evidenceNote"":""Primary Chuo City open-data record for a designated emergency evacuation shelter/place.""},{""sourceId"":""tokyo_bosai_map_evacuation_area"",""sourceFamily"":""official_shelter_facility"",""sourceName"":""東京都防災マップ 避難場所一覧データCSV"",""officialStatus"":""official_reference"",""sourceUrl"":""https://www.opendata.metro.tokyo.lg.jp/soumu/130001_evacuation_area.csv"",""sourceUpdatedAt"":""2025-12-12"",""evidenceNote"":""Supporting official source has 1 record(s) with matching normalized facility name.""},{""sourceId"":""gsi_chuo_designated_emergency_evacuation_places"",""sourceFamily"":""official_shelter_facility"",""sourceName"":""国土地理院 指定緊急避難場所データ 東京都中央区"",""officialStatus"":""official_reference"",""sourceUrl"":""https://hinanmap.gsi.go.jp/hinanjocp/defaultFtpData/csv/13102_2.csv"",""sourceUpdatedAt"":""2025-09-02"",""evidenceNote"":""Supporting official source has 1 record(s) with matching normalized facility name.""},{""sourceId"":""local_plateau_citygml_bldg_mesh_53394612"",""sourceFamily"":""plateau_building_geometry"",""sourceName"":""Local PLATEAU 2025 Chuo CityGML building mesh subset"",""officialStatus"":""derived"",""sourceUrl"":null,""sourceUpdatedAt"":null,""evidenceNote"":""Building footprint was derived from an existing local PLATEAU CityGML building mesh. Raw CityGML is not committed.""}]",contains,0.0,high,False,"[""official source does not provide safeFloor; preserve null for review"",""OSM route is an estimated prototype pedestrian route, not an official evacuation route"",""OSM route fields are prototype estimates and are not official evacuation routes""]","[""flood"",""storm_surge"",""inland_flooding""]",,579,2025-03-31,available,1013.889,844.908,OSM,estimated_pedestrian_route,False,osm_route_02_025,route_origin_nihonbashi_001,Nihonbashi controlled route test origin,5,0,"Normalized from official Chuo City open data. Original municipality code: 131024. 東京都防災マップ 避難場所一覧データCSV match count: 1 国土地理院 指定緊急避難場所データ 東京都中央区 match count: 1 B4 performs PLATEAU building matching only; route fields remain not_evaluated for P5-B5. B5 merged OSM route estimates where available; no disaster road closure, flood simulation, or Unity gameplay integration is applied."
real_chuo_building_qualification_026,13102-bldg-3852,chuo_official_emergency_026,月島区民センター,official_designated,official_confirmed,Official Chuo evidence is present and the shelter point is contained by one local PLATEAU building footprint.,"[{""sourceId"":""chuo_open_data_designated_emergency_shelters"",""sourceFamily"":""official_shelter_facility"",""sourceName"":""指定緊急避難所一覧"",""officialStatus"":""official_primary"",""sourceUrl"":""https://www.city.chuo.lg.jp/documents/984/shiteikinkyuuhinan.csv"",""sourceUpdatedAt"":""2025-03-31"",""evidenceNote"":""Primary Chuo City open-data record for a designated emergency evacuation shelter/place.""},{""sourceId"":""tokyo_bosai_map_evacuation_area"",""sourceFamily"":""official_shelter_facility"",""sourceName"":""東京都防災マップ 避難場所一覧データCSV"",""officialStatus"":""official_reference"",""sourceUrl"":""https://www.opendata.metro.tokyo.lg.jp/soumu/130001_evacuation_area.csv"",""sourceUpdatedAt"":""2025-12-12"",""evidenceNote"":""Supporting official source has 1 record(s) with matching normalized facility name.""},{""sourceId"":""gsi_chuo_designated_emergency_evacuation_places"",""sourceFamily"":""official_shelter_facility"",""sourceName"":""国土地理院 指定緊急避難場所データ 東京都中央区"",""officialStatus"":""official_reference"",""sourceUrl"":""https://hinanmap.gsi.go.jp/hinanjocp/defaultFtpData/csv/13102_2.csv"",""sourceUpdatedAt"":""2025-09-02"",""evidenceNote"":""Supporting official source has 1 record(s) with matching normalized facility name.""},{""sourceId"":""local_plateau_citygml_bldg_mesh_53393692"",""sourceFamily"":""plateau_building_geometry"",""sourceName"":""Local PLATEAU 2025 Chuo CityGML building mesh subset"",""officialStatus"":""derived"",""sourceUrl"":null,""sourceUpdatedAt"":null,""evidenceNote"":""Building footprint was derived from an existing local PLATEAU CityGML building mesh. Raw CityGML is not committed.""}]",contains,0.0,high,False,"[""official source does not provide safeFloor; preserve null for review"",""OSM route is an estimated prototype pedestrian route, not an official evacuation route"",""OSM route fields are prototype estimates and are not official evacuation routes""]","[""flood"",""storm_surge"",""tsunami"",""inland_flooding""]",,2026,2025-03-31,available,600.474,500.395,OSM,estimated_pedestrian_route,False,osm_route_04_026,route_origin_tsukishima_kachidoki_001,Tsukishima Kachidoki controlled route test origin,5,0,"Normalized from official Chuo City open data. Original municipality code: 131024. 東京都防災マップ 避難場所一覧データCSV match count: 1 国土地理院 指定緊急避難場所データ 東京都中央区 match count: 1 B4 performs PLATEAU building matching only; route fields remain not_evaluated for P5-B5. B5 merged OSM route estimates where available; no disaster road closure, flood simulation, or Unity gameplay integration is applied."
real_chuo_building_qualification_027,13102-bldg-525,chuo_official_emergency_027,(旧)ほっとプラザはるみ,official_designated,official_confirmed,Official Chuo evidence is present and the shelter point is contained by one local PLATEAU building footprint.,"[{""sourceId"":""chuo_open_data_designated_emergency_shelters"",""sourceFamily"":""official_shelter_facility"",""sourceName"":""指定緊急避難所一覧"",""officialStatus"":""official_primary"",""sourceUrl"":""https://www.city.chuo.lg.jp/documents/984/shiteikinkyuuhinan.csv"",""sourceUpdatedAt"":""2025-03-31"",""evidenceNote"":""Primary Chuo City open-data record for a designated emergency evacuation shelter/place.""},{""sourceId"":""local_plateau_citygml_bldg_mesh_53393681"",""sourceFamily"":""plateau_building_geometry"",""sourceName"":""Local PLATEAU 2025 Chuo CityGML building mesh subset"",""officialStatus"":""derived"",""sourceUrl"":null,""sourceUpdatedAt"":null,""evidenceNote"":""Building footprint was derived from an existing local PLATEAU CityGML building mesh. Raw CityGML is not committed.""}]",contains,0.0,high,False,"[""official source does not provide safeFloor; preserve null for review"",""OSM route is an estimated prototype pedestrian route, not an official evacuation route"",""OSM route fields are prototype estimates and are not official evacuation routes""]","[""flood"",""storm_surge"",""earthquake"",""inland_flooding""]",,479,2025-03-31,available,1142.479,952.066,OSM,estimated_pedestrian_route,False,osm_route_04_027,route_origin_tsukishima_kachidoki_001,Tsukishima Kachidoki controlled route test origin,5,0,"Normalized from official Chuo City open data. Original municipality code: 131024. Source marks overlap with designated shelter address. B4 performs PLATEAU building matching only; route fields remain not_evaluated for P5-B5. B5 merged OSM route estimates where available; no disaster road closure, flood simulation, or Unity gameplay integration is applied."
real_chuo_building_qualification_028,,chuo_official_emergency_028,あかつき公園一帯,official_designated_with_review,unknown,"Official evacuation-place evidence exists, but no unambiguous PLATEAU building match is available in B4.","[{""sourceId"":""chuo_open_data_designated_emergency_shelters"",""sourceFamily"":""official_shelter_facility"",""sourceName"":""指定緊急避難所一覧"",""officialStatus"":""official_primary"",""sourceUrl"":""https://www.city.chuo.lg.jp/documents/984/shiteikinkyuuhinan.csv"",""sourceUpdatedAt"":""2025-03-31"",""evidenceNote"":""Primary Chuo City open-data record for a designated emergency evacuation shelter/place.""},{""sourceId"":""gsi_chuo_designated_emergency_evacuation_places"",""sourceFamily"":""official_shelter_facility"",""sourceName"":""国土地理院 指定緊急避難場所データ 東京都中央区"",""officialStatus"":""official_reference"",""sourceUrl"":""https://hinanmap.gsi.go.jp/hinanjocp/defaultFtpData/csv/13102_2.csv"",""sourceUpdatedAt"":""2025-09-02"",""evidenceNote"":""Supporting official source has 1 record(s) with matching normalized facility name.""}]",unmatched,,low,True,"[""official source appears to describe a broad evacuation area rather than a single building"",""manual QGIS review required before assigning any PLATEAU building"",""official source does not provide safeFloor; preserve null for review"",""B5 routing skipped because B4 did not provide a qualified building target"",""OSM route fields are prototype estimates and are not official evacuation routes""]","[""large_fire""]",,9895,2025-03-31,not_evaluated,,,,,False,,,,0,0,"Normalized from official Chuo City open data. Original municipality code: 131024. Name appears to describe a broad evacuation area rather than a single building. 国土地理院 指定緊急避難場所データ 東京都中央区 match count: 1 B4 performs PLATEAU building matching only; route fields remain not_evaluated for P5-B5. B5 merged OSM route estimates where available; no disaster road closure, flood simulation, or Unity gameplay integration is applied."
real_chuo_building_qualification_029,,chuo_official_emergency_029,新川ツインビル地区,official_designated_with_review,unknown,"Official evacuation-place evidence exists, but no unambiguous PLATEAU building match is available in B4.","[{""sourceId"":""chuo_open_data_designated_emergency_shelters"",""sourceFamily"":""official_shelter_facility"",""sourceName"":""指定緊急避難所一覧"",""officialStatus"":""official_primary"",""sourceUrl"":""https://www.city.chuo.lg.jp/documents/984/shiteikinkyuuhinan.csv"",""sourceUpdatedAt"":""2025-03-31"",""evidenceNote"":""Primary Chuo City open-data record for a designated emergency evacuation shelter/place.""},{""sourceId"":""gsi_chuo_designated_emergency_evacuation_places"",""sourceFamily"":""official_shelter_facility"",""sourceName"":""国土地理院 指定緊急避難場所データ 東京都中央区"",""officialStatus"":""official_reference"",""sourceUrl"":""https://hinanmap.gsi.go.jp/hinanjocp/defaultFtpData/csv/13102_2.csv"",""sourceUpdatedAt"":""2025-09-02"",""evidenceNote"":""Supporting official source has 1 record(s) with matching normalized facility name.""}]",unmatched,,low,True,"[""official source appears to describe a broad evacuation area rather than a single building"",""manual QGIS review required before assigning any PLATEAU building"",""official source does not provide safeFloor; preserve null for review"",""B5 routing skipped because B4 did not provide a qualified building target"",""OSM route fields are prototype estimates and are not official evacuation routes""]","[""large_fire""]",,30650,2025-03-31,not_evaluated,,,,,False,,,,0,0,"Normalized from official Chuo City open data. Original municipality code: 131024. Name appears to describe a broad evacuation area rather than a single building. 国土地理院 指定緊急避難場所データ 東京都中央区 match count: 1 B4 performs PLATEAU building matching only; route fields remain not_evaluated for P5-B5. B5 merged OSM route estimates where available; no disaster road closure, flood simulation, or Unity gameplay integration is applied."
real_chuo_building_qualification_030,,chuo_official_emergency_030,佃リバーシティ地区,official_designated_with_review,unknown,"Official evacuation-place evidence exists, but no unambiguous PLATEAU building match is available in B4.","[{""sourceId"":""chuo_open_data_designated_emergency_shelters"",""sourceFamily"":""official_shelter_facility"",""sourceName"":""指定緊急避難所一覧"",""officialStatus"":""official_primary"",""sourceUrl"":""https://www.city.chuo.lg.jp/documents/984/shiteikinkyuuhinan.csv"",""sourceUpdatedAt"":""2025-03-31"",""evidenceNote"":""Primary Chuo City open-data record for a designated emergency evacuation shelter/place.""},{""sourceId"":""gsi_chuo_designated_emergency_evacuation_places"",""sourceFamily"":""official_shelter_facility"",""sourceName"":""国土地理院 指定緊急避難場所データ 東京都中央区"",""officialStatus"":""official_reference"",""sourceUrl"":""https://hinanmap.gsi.go.jp/hinanjocp/defaultFtpData/csv/13102_2.csv"",""sourceUpdatedAt"":""2025-09-02"",""evidenceNote"":""Supporting official source has 1 record(s) with matching normalized facility name.""}]",unmatched,,low,True,"[""official source appears to describe a broad evacuation area rather than a single building"",""manual QGIS review required before assigning any PLATEAU building"",""official source does not provide safeFloor; preserve null for review"",""B5 routing skipped because B4 did not provide a qualified building target"",""OSM route fields are prototype estimates and are not official evacuation routes""]","[""large_fire""]",,22208,2025-03-31,not_evaluated,,,,,False,,,,0,0,"Normalized from official Chuo City open data. Original municipality code: 131024. Name appears to describe a broad evacuation area rather than a single building. 国土地理院 指定緊急避難場所データ 東京都中央区 match count: 1 B4 performs PLATEAU building matching only; route fields remain not_evaluated for P5-B5. B5 merged OSM route estimates where available; no disaster road closure, flood simulation, or Unity gameplay integration is applied."
real_chuo_building_qualification_031,,chuo_official_emergency_031,晴海地区,official_designated_with_review,unknown,"Official evacuation-place evidence exists, but no unambiguous PLATEAU building match is available in B4.","[{""sourceId"":""chuo_open_data_designated_emergency_shelters"",""sourceFamily"":""official_shelter_facility"",""sourceName"":""指定緊急避難所一覧"",""officialStatus"":""official_primary"",""sourceUrl"":""https://www.city.chuo.lg.jp/documents/984/shiteikinkyuuhinan.csv"",""sourceUpdatedAt"":""2025-03-31"",""evidenceNote"":""Primary Chuo City open-data record for a designated emergency evacuation shelter/place.""},{""sourceId"":""gsi_chuo_designated_emergency_evacuation_places"",""sourceFamily"":""official_shelter_facility"",""sourceName"":""国土地理院 指定緊急避難場所データ 東京都中央区"",""officialStatus"":""official_reference"",""sourceUrl"":""https://hinanmap.gsi.go.jp/hinanjocp/defaultFtpData/csv/13102_2.csv"",""sourceUpdatedAt"":""2025-09-02"",""evidenceNote"":""Supporting official source has 1 record(s) with matching normalized facility name.""}]",unmatched,,low,True,"[""official source appears to describe a broad evacuation area rather than a single building"",""manual QGIS review required before assigning any PLATEAU building"",""official source does not provide safeFloor; preserve null for review"",""B5 routing skipped because B4 did not provide a qualified building target"",""OSM route fields are prototype estimates and are not official evacuation routes""]","[""large_fire""]",,48529,2025-03-31,not_evaluated,,,,,False,,,,0,0,"Normalized from official Chuo City open data. Original municipality code: 131024. Name appears to describe a broad evacuation area rather than a single building. 国土地理院 指定緊急避難場所データ 東京都中央区 match count: 1 B4 performs PLATEAU building matching only; route fields remain not_evaluated for P5-B5. B5 merged OSM route estimates where available; no disaster road closure, flood simulation, or Unity gameplay integration is applied."
